set_id,numero,num,nome,canale_principale,rilascio,promotion_bulbapedia,fonte
smp,SM01,SM1,Rowlet || Rowlet [Sequin Holo] || Rowlet [Jumbo],Alola Collection (Moon),prodotto speciale,Alola Collection (Moon) || General Mills Sun & Moon Mini Packs || Alola First Partner Pack,"Bulbapedia (CC BY-NC-SA), 9/10/2026"
smp,SM02,SM2,Litten || Litten [Sequin Holo] || Litten [Jumbo],Alola Collection (Sun),prodotto speciale,Alola Collection (Sun) || General Mills Sun & Moon Mini Packs || Alola First Partner Pack,"Bulbapedia (CC BY-NC-SA), 9/10/2026"
smp,SM03,SM3,Popplio || Popplio [Sequin Holo] || Popplio [Jumbo],Alola Collection (Moon),prodotto speciale,Alola Collection (Moon) || General Mills Sun & Moon Mini Packs || Alola First Partner Pack,"Bulbapedia (CC BY-NC-SA), 9/10/2026"
smp,SM04,SM4,Pikachu || || Pikachu [Sequin Holo],"Target Pokémon Sun and Moon Launch Event (November 19, 2016)",evento o torneo,"Target Pokémon Sun and Moon Launch Event (November 19, 2016) || GAME Sun & Moon midnight launch (February 3, 2017) || General Mills Cereal Sun & Moon Mini Packs","Bulbapedia (CC BY-NC-SA), 9/10/2026"
smp,SM05,SM5,Snorlax,Snorlax-GX Box,prodotto speciale,Snorlax-GX Box,"Bulbapedia (CC BY-NC-SA), 9/10/2026"
smp,SM06,SM6,Rockruff || Rockruff [Sequin Holo],Sun & Moon Single Pack Blisters,prodotto speciale,Sun & Moon Single Pack Blisters || General Mills Sun & Moon Mini Packs,"Bulbapedia (CC BY-NC-SA), 9/10/2026"
smp,SM07,SM7,Pikipek,Sun & Moon Single Pack Blisters,prodotto speciale,Sun & Moon Single Pack Blisters,"Bulbapedia (CC BY-NC-SA), 9/10/2026"
smp,SM08,SM8,Litten,Sun & Moon Three Pack Blisters,prodotto speciale,Sun & Moon Three Pack Blisters,"Bulbapedia (CC BY-NC-SA), 9/10/2026"
smp,SM09,SM9,Togedemaru,Sun & Moon Three Pack Blisters,prodotto speciale,Sun & Moon Three Pack Blisters,"Bulbapedia (CC BY-NC-SA), 9/10/2026"
smp,SM10,SM10,Shiinotic || Shiinotic [Staff],Sun & Moon Prerelease participation promo,evento o torneo,Sun & Moon Prerelease participation promo || Sun & Moon Prerelease staff promo,"Bulbapedia (CC BY-NC-SA), 9/10/2026"
smp,SM11,SM11,Bruxish || Bruxish [Staff],Sun & Moon Prerelease participation promo,evento o torneo,Sun & Moon Prerelease participation promo || Sun & Moon Prerelease staff promo,"Bulbapedia (CC BY-NC-SA), 9/10/2026"
smp,SM12,SM12,Passimian || Passimian [Staff],Sun & Moon Prerelease participation promo,evento o torneo,Sun & Moon Prerelease participation promo || Sun & Moon Prerelease staff promo,"Bulbapedia (CC BY-NC-SA), 9/10/2026"
smp,SM13,SM13,Oranguru || Oranguru [Staff],Sun & Moon Prerelease participation promo,evento o torneo,Sun & Moon Prerelease participation promo || Sun & Moon Prerelease staff promo,"Bulbapedia (CC BY-NC-SA), 9/10/2026"
smp,SM14,SM14,Lycanroc,Lycanroc-GX Box,prodotto speciale,Lycanroc-GX Box,"Bulbapedia (CC BY-NC-SA), 9/10/2026"
smp,SM15,SM15,Zygarde,Zygarde Complete Forme Pin Collection,prodotto speciale,Zygarde Complete Forme Pin Collection,"Bulbapedia (CC BY-NC-SA), 9/10/2026"
smp,SM16,SM16,Solgaleo,Legends of Alola Tins,prodotto speciale,Legends of Alola Tins,"Bulbapedia (CC BY-NC-SA), 9/10/2026"
smp,SM17,SM17,Lunala,Legends of Alola Tins,prodotto speciale,Legends of Alola Tins,"Bulbapedia (CC BY-NC-SA), 9/10/2026"
smp,SM18,SM18,Alolan Sandslash || Alolan Sandslash [Staff],Guardians Rising Prerelease participation promo,evento o torneo,Guardians Rising Prerelease participation promo || Guardians Rising Prerelease staff promo,"Bulbapedia (CC BY-NC-SA), 9/10/2026"
smp,SM19,SM19,Oricorio || Oricorio [Staff],Guardians Rising Prerelease participation promo,evento o torneo,Guardians Rising Prerelease participation promo || Guardians Rising Prerelease staff promo,"Bulbapedia (CC BY-NC-SA), 9/10/2026"
smp,SM20,SM20,Mudsdale || Mudsdale [Staff],Guardians Rising Prerelease participation promo,evento o torneo,Guardians Rising Prerelease participation promo || Guardians Rising Prerelease staff promo,"Bulbapedia (CC BY-NC-SA), 9/10/2026"
smp,SM21,SM21,Drampa || Drampa [Staff],Guardians Rising Prerelease participation promo,evento o torneo,Guardians Rising Prerelease participation promo || Guardians Rising Prerelease staff promo,"Bulbapedia (CC BY-NC-SA), 9/10/2026"
smp,SM22,SM22,Rowlet,Spring 2017 Collector Chest,prodotto speciale,Spring 2017 Collector Chest,"Bulbapedia (CC BY-NC-SA), 9/10/2026"
smp,SM23,SM23,Litten,Spring 2017 Collector Chest,prodotto speciale,Spring 2017 Collector Chest,"Bulbapedia (CC BY-NC-SA), 9/10/2026"
smp,SM24,SM24,Popplio,Spring 2017 Collector Chest,prodotto speciale,Spring 2017 Collector Chest,"Bulbapedia (CC BY-NC-SA), 9/10/2026"
smp,SM25,SM25,Lurantis,Guardians Rising Single Pack Blisters,prodotto speciale,Guardians Rising Single Pack Blisters,"Bulbapedia (CC BY-NC-SA), 9/10/2026"
smp,SM26,SM26,Tsareena,Guardians Rising Single Pack Blisters,prodotto speciale,Guardians Rising Single Pack Blisters,"Bulbapedia (CC BY-NC-SA), 9/10/2026"
smp,SM27,SM27,Turtonator,Guardians Rising Three Pack Blisters,prodotto speciale,Guardians Rising Three Pack Blisters,"Bulbapedia (CC BY-NC-SA), 9/10/2026"
smp,SM28,SM28,Vikavolt,Guardians Rising Three Pack Blisters,prodotto speciale,Guardians Rising Three Pack Blisters,"Bulbapedia (CC BY-NC-SA), 9/10/2026"
smp,SM29,SM29,Mimikyu,Mimikyu Pin Collection,prodotto speciale,Mimikyu Pin Collection,"Bulbapedia (CC BY-NC-SA), 9/10/2026"
smp,SM30,SM30,Tapu Koko,Tapu Koko Figure Collection,prodotto speciale,Tapu Koko Figure Collection || Tapu Koko Box,"Bulbapedia (CC BY-NC-SA), 9/10/2026"
smp,SM30a,SM30A,Tapu Koko,Celestial Storm Three Pack Blisters,prodotto speciale,Celestial Storm Three Pack Blisters,"Bulbapedia (CC BY-NC-SA), 9/10/2026"
smp,SM31,SM31,Tapu Koko,Tapu Koko Pin Collection,prodotto speciale,Tapu Koko Pin Collection,"Bulbapedia (CC BY-NC-SA), 9/10/2026"
smp,SM32,SM32,Tapu Bulu,Island Guardians Tins,prodotto speciale,Island Guardians Tins,"Bulbapedia (CC BY-NC-SA), 9/10/2026"
smp,SM33,SM33,Tapu Koko,Island Guardians Tins,prodotto speciale,Island Guardians Tins,"Bulbapedia (CC BY-NC-SA), 9/10/2026"
smp,SM34,SM34,Bewear,Bewear-GX Box,prodotto speciale,Bewear-GX Box,"Bulbapedia (CC BY-NC-SA), 9/10/2026"
smp,SM35,SM35,Espeon,Espeon-GX Premium Collection,prodotto speciale,Espeon-GX Premium Collection,"Bulbapedia (CC BY-NC-SA), 9/10/2026"
smp,SM36,SM36,Umbreon,Umbreon-GX Premium Collection,prodotto speciale,Umbreon-GX Premium Collection,"Bulbapedia (CC BY-NC-SA), 9/10/2026"
smp,SM37,SM37,Decidueye,Decidueye-GX Premium Collection,prodotto speciale,Decidueye-GX Premium Collection,"Bulbapedia (CC BY-NC-SA), 9/10/2026"
smp,SM38,SM38,Incineroar,Incineroar-GX Premium Collection,prodotto speciale,Incineroar-GX Premium Collection,"Bulbapedia (CC BY-NC-SA), 9/10/2026"
smp,SM39,SM39,Primarina,Primarina-GX Premium Collection,prodotto speciale,Primarina-GX Premium Collection,"Bulbapedia (CC BY-NC-SA), 9/10/2026"
smp,SM40,SM40,Jangmo-o || Jangmo-o [Sequin Holo],Burning Shadows Single Pack Blisters,prodotto speciale,Burning Shadows Single Pack Blisters || General Mills Sun & Moon Mini Packs,"Bulbapedia (CC BY-NC-SA), 9/10/2026"
smp,SM41,SM41,Komala,Burning Shadows Single Pack Blisters,prodotto speciale,Burning Shadows Single Pack Blisters,"Bulbapedia (CC BY-NC-SA), 9/10/2026"
smp,SM42,SM42,Cosmog || Cosmog [Sequin Holo],Burning Shadows Three Pack Blisters,prodotto speciale,Burning Shadows Three Pack Blisters || General Mills Sun & Moon Mini Packs,"Bulbapedia (CC BY-NC-SA), 9/10/2026"
smp,SM43,SM43,Alolan Meowth,Burning Shadows Three Pack Blisters,prodotto speciale,Burning Shadows Three Pack Blisters,"Bulbapedia (CC BY-NC-SA), 9/10/2026"
smp,SM44,SM44,Togedemaru,Sun & Moon Collector's Album 2-Pack Blister,prodotto speciale,Sun & Moon Collector's Album 2-Pack Blister,"Bulbapedia (CC BY-NC-SA), 9/10/2026"
smp,SM45,SM45,Tapu Lele,Celestial Storm Three Pack Blisters,prodotto speciale,Celestial Storm Three Pack Blisters,"Bulbapedia (CC BY-NC-SA), 9/10/2026"
smp,SM46,SM46,Seviper || Seviper [Staff],Burning Shadows Prerelease participation promo,evento o torneo,Burning Shadows Prerelease participation promo || Burning Shadows Prerelease staff promo,"Bulbapedia (CC BY-NC-SA), 9/10/2026"
smp,SM47,SM47,Crabominable || Crabominable [Staff],Burning Shadows Prerelease participation promo,evento o torneo,Burning Shadows Prerelease participation promo || Burning Shadows Prerelease staff promo,"Bulbapedia (CC BY-NC-SA), 9/10/2026"
smp,SM48,SM48,Zygarde || Zygarde [Staff],Burning Shadows Prerelease participation promo,evento o torneo,Burning Shadows Prerelease participation promo || Burning Shadows Prerelease staff promo,"Bulbapedia (CC BY-NC-SA), 9/10/2026"
smp,SM49,SM49,Bewear || Bewear [Staff],Burning Shadows Prerelease participation promo,evento o torneo,Burning Shadows Prerelease participation promo || Burning Shadows Prerelease staff promo,"Bulbapedia (CC BY-NC-SA), 9/10/2026"
smp,SM50,SM50,Tapu Koko,Shiny Tapu Koko-GX Box,prodotto speciale,Shiny Tapu Koko-GX Box,"Bulbapedia (CC BY-NC-SA), 9/10/2026"
smp,SM51,SM51,Alolan Meowth,Guardians Rising Collector's Album 2-Pack Blister,prodotto speciale,Guardians Rising Collector's Album 2-Pack Blister,"Bulbapedia (CC BY-NC-SA), 9/10/2026"
smp,SM52,SM52,Golisopod,Crimson Invasion Single Pack Blisters,prodotto speciale,Crimson Invasion Single Pack Blisters,"Bulbapedia (CC BY-NC-SA), 9/10/2026"
smp,SM53,SM53,Dhelmise,Crimson Invasion Single Pack Blisters,prodotto speciale,Crimson Invasion Single Pack Blisters,"Bulbapedia (CC BY-NC-SA), 9/10/2026"
smp,SM54,SM54,Lucario,Crimson Invasion Three Pack Blisters,prodotto speciale,Crimson Invasion Three Pack Blisters,"Bulbapedia (CC BY-NC-SA), 9/10/2026"
smp,SM55,SM55,Decidueye,Crimson Invasion Three Pack Blisters,prodotto speciale,Crimson Invasion Three Pack Blisters,"Bulbapedia (CC BY-NC-SA), 9/10/2026"
smp,SM56,SM56,Tsareena,Tsareena-GX Box,prodotto speciale,Tsareena-GX Box,"Bulbapedia (CC BY-NC-SA), 9/10/2026"
smp,SM57,SM57,Ho-Oh,Mysterious Powers Tins,prodotto speciale,Mysterious Powers Tins,"Bulbapedia (CC BY-NC-SA), 9/10/2026"
smp,SM58,SM58,Necrozma,Mysterious Powers Tins,prodotto speciale,Mysterious Powers Tins,"Bulbapedia (CC BY-NC-SA), 9/10/2026"
smp,SM59,SM59,Marshadow,Mysterious Powers Tins,prodotto speciale,Mysterious Powers Tins,"Bulbapedia (CC BY-NC-SA), 9/10/2026"
smp,SM60,SM60,Charizard,Charizard-GX Premium Collection,prodotto speciale,Charizard-GX Premium Collection,"Bulbapedia (CC BY-NC-SA), 9/10/2026"
smp,SM61,SM61,Tapu Bulu,Celestial Storm Single Pack Blisters,prodotto speciale,Celestial Storm Single Pack Blisters,"Bulbapedia (CC BY-NC-SA), 9/10/2026"
smp,SM62,SM62,Golisopod,Team Skull Pin Collection,prodotto speciale,Team Skull Pin Collection,"Bulbapedia (CC BY-NC-SA), 9/10/2026"
smp,SM63,SM63,Salazzle,Team Skull Pin Collection,prodotto speciale,Team Skull Pin Collection,"Bulbapedia (CC BY-NC-SA), 9/10/2026"
smp,SM64,SM64,Silvally,Silvally Figure Collection,prodotto speciale,Silvally Figure Collection || Silvally Box,"Bulbapedia (CC BY-NC-SA), 9/10/2026"
smp,SM65,SM65,"Alolan Raichu || || Alolan Raichu [Non Holo; ""25"" and ""56"" P",Alolan Raichu Figure Collection,prodotto speciale,Alolan Raichu Figure Collection || Alolan Raichu Box || Battle Academy 2020,"Bulbapedia (CC BY-NC-SA), 9/10/2026"
smp,SM66,SM66,Pheromosa,Ultra Beasts GX Premium Collection—Pheromosa & Celesteela,prodotto speciale,Ultra Beasts GX Premium Collection—Pheromosa & Celesteela,"Bulbapedia (CC BY-NC-SA), 9/10/2026"
smp,SM67,SM67,Celesteela,Ultra Beasts GX Premium Collection—Pheromosa & Celesteela,prodotto speciale,Ultra Beasts GX Premium Collection—Pheromosa & Celesteela,"Bulbapedia (CC BY-NC-SA), 9/10/2026"
smp,SM68,SM68,Xurkitree,Ultra Beasts GX Premium Collection—Buzzwole & Xurkitree,prodotto speciale,Ultra Beasts GX Premium Collection—Buzzwole & Xurkitree,"Bulbapedia (CC BY-NC-SA), 9/10/2026"
smp,SM69,SM69,Buzzwole,Ultra Beasts GX Premium Collection—Buzzwole & Xurkitree,prodotto speciale,Ultra Beasts GX Premium Collection—Buzzwole & Xurkitree,"Bulbapedia (CC BY-NC-SA), 9/10/2026"
smp,SM70,SM70,Shining Ho-Oh,Shining Legends Elite Trainer Box,prodotto speciale,Shining Legends Elite Trainer Box,"Bulbapedia (CC BY-NC-SA), 9/10/2026"
smp,SM71,SM71,Kommo-o,Kommo-o-GX Box,prodotto speciale,Kommo-o-GX Box,"Bulbapedia (CC BY-NC-SA), 9/10/2026"
smp,SM72,SM72,Alolan Raichu || Alolan Raichu [Staff],Crimson Invasion Prerelease participation promo,evento o torneo,Crimson Invasion Prerelease participation promo || Crimson Invasion Prerelease staff promo,"Bulbapedia (CC BY-NC-SA), 9/10/2026"
smp,SM73,SM73,Salazzle || Salazzle [Staff],Crimson Invasion Prerelease participation promo,evento o torneo,Crimson Invasion Prerelease participation promo || Crimson Invasion Prerelease staff promo,"Bulbapedia (CC BY-NC-SA), 9/10/2026"
smp,SM74,SM74,Regirock || Regirock [Staff],Crimson Invasion Prerelease participation promo,evento o torneo,Crimson Invasion Prerelease participation promo || Crimson Invasion Prerelease staff promo,"Bulbapedia (CC BY-NC-SA), 9/10/2026"
smp,SM75,SM75,Registeel || Registeel [Staff],Crimson Invasion Prerelease participation promo,evento o torneo,Crimson Invasion Prerelease participation promo || Crimson Invasion Prerelease staff promo,"Bulbapedia (CC BY-NC-SA), 9/10/2026"
smp,SM76,SM76,Pikachu,Shining Legends Pin Collection—Pikachu,prodotto speciale,Shining Legends Pin Collection—Pikachu,"Bulbapedia (CC BY-NC-SA), 9/10/2026"
smp,SM77,SM77,Mewtwo,Shining Legends Pin Collection—Mewtwo,prodotto speciale,Shining Legends Pin Collection—Mewtwo,"Bulbapedia (CC BY-NC-SA), 9/10/2026"
smp,SM78,SM78,Champions Festival || Champions Festival [Staff] || Champion,2017 World Championships,evento o torneo,2017 World Championships,"Bulbapedia (CC BY-NC-SA), 9/10/2026"
smp,SM79,SM79,Shining Celebi,Shining Legends Super-Premium Collection,prodotto speciale,Shining Legends Super-Premium Collection,"Bulbapedia (CC BY-NC-SA), 9/10/2026"
smp,SM80,SM80,Ho-Oh,Shining Legends Super-Premium Collection,prodotto speciale,Shining Legends Super-Premium Collection,"Bulbapedia (CC BY-NC-SA), 9/10/2026"
smp,SM81,SM81,Pikachu,Shining Legends Super-Premium Collection,prodotto speciale,Shining Legends Super-Premium Collection,"Bulbapedia (CC BY-NC-SA), 9/10/2026"
smp,SM82,SM82,Shining Lugia,Shining Legends Super-Premium Collection,prodotto speciale,Shining Legends Super-Premium Collection,"Bulbapedia (CC BY-NC-SA), 9/10/2026"
smp,SM83,SM83,Zorua,Shining Legends Special Collection—Zoroark-GX,prodotto speciale,Shining Legends Special Collection—Zoroark-GX,"Bulbapedia (CC BY-NC-SA), 9/10/2026"
smp,SM84,SM84,Zoroark,Shining Legends Special Collection—Zoroark-GX,prodotto speciale,Shining Legends Special Collection—Zoroark-GX,"Bulbapedia (CC BY-NC-SA), 9/10/2026"
smp,SM85,SM85,Marshadow,Marshadow Figure Collection,prodotto speciale,Marshadow Figure Collection || Marshadow Box,"Bulbapedia (CC BY-NC-SA), 9/10/2026"
smp,SM86,SM86,Pikachu || Pikachu [Sequin Holo] || Pikachu [Build-A-Bear st,Shining Legends Collector Chest,prodotto speciale,Shining Legends Collector Chest || General Mills Sun & Moon Mini Packs || Build-A-Bear Workshop,"Bulbapedia (CC BY-NC-SA), 9/10/2026"
smp,SM87,SM87,Latias,Shining Legends Collector Chest,prodotto speciale,Shining Legends Collector Chest,"Bulbapedia (CC BY-NC-SA), 9/10/2026"
smp,SM88,SM88,Latios,Shining Legends Collector Chest,prodotto speciale,Shining Legends Collector Chest,"Bulbapedia (CC BY-NC-SA), 9/10/2026"
smp,SM89,SM89,Zoroark,Shining Legends Pin Collection—Zoroark,prodotto speciale,Shining Legends Pin Collection—Zoroark,"Bulbapedia (CC BY-NC-SA), 9/10/2026"
smp,SM90,SM90,Raichu,Shining Legends Special Collection—Raichu-GX,prodotto speciale,Shining Legends Special Collection—Raichu-GX,"Bulbapedia (CC BY-NC-SA), 9/10/2026"
smp,SM91,SM91,Silvally,Shiny Silvally-GX Box,prodotto speciale,Shiny Silvally-GX Box,"Bulbapedia (CC BY-NC-SA), 9/10/2026"
smp,SM92,SM92,Tapu Fini,Celestial Storm Single Pack Blisters,prodotto speciale,Celestial Storm Single Pack Blisters,"Bulbapedia (CC BY-NC-SA), 9/10/2026"
smp,SM93,SM93,Marshadow,Shining Legends Pin Collection—Marshadow,prodotto speciale,Shining Legends Pin Collection—Marshadow,"Bulbapedia (CC BY-NC-SA), 9/10/2026"
smp,SM94,SM94,Wash Rotom || Wash Rotom [Staff],Ultra Prism Prerelease participation promo,evento o torneo,Ultra Prism Prerelease participation promo || Ultra Prism Prerelease staff promo,"Bulbapedia (CC BY-NC-SA), 9/10/2026"
smp,SM95,SM95,Lucario || Lucario [Staff],Ultra Prism Prerelease participation promo,evento o torneo,Ultra Prism Prerelease participation promo || Ultra Prism Prerelease staff promo,"Bulbapedia (CC BY-NC-SA), 9/10/2026"
smp,SM96,SM96,Heatran || Heatran [Staff],Ultra Prism Prerelease participation promo,evento o torneo,Ultra Prism Prerelease participation promo || Ultra Prism Prerelease staff promo,"Bulbapedia (CC BY-NC-SA), 9/10/2026"
smp,SM97,SM97,Gumshoos || Gumshoos [Staff],Ultra Prism Prerelease participation promo,evento o torneo,Ultra Prism Prerelease participation promo || Ultra Prism Prerelease staff promo,"Bulbapedia (CC BY-NC-SA), 9/10/2026"
smp,SM98,SM98,Pikachu,Pikachu Sidekick Collection,prodotto speciale,Pikachu Sidekick Collection,"Bulbapedia (CC BY-NC-SA), 9/10/2026"
smp,SM99,SM99,Mimikyu,Mimikyu Sidekick Collection,prodotto speciale,Mimikyu Sidekick Collection,"Bulbapedia (CC BY-NC-SA), 9/10/2026"
smp,SM100,SM100,Lucario,Lucario-GX Box,prodotto speciale,Lucario-GX Box,"Bulbapedia (CC BY-NC-SA), 9/10/2026"
smp,SM101,SM101,Dawn Wings Necrozma,Necrozma Prism Tins,prodotto speciale,Necrozma Prism Tins,"Bulbapedia (CC BY-NC-SA), 9/10/2026"
smp,SM102,SM102,Dusk Mane Necrozma,Necrozma Prism Tins,prodotto speciale,Necrozma Prism Tins,"Bulbapedia (CC BY-NC-SA), 9/10/2026"
smp,SM103,SM103,Lunala,Lunala-GX Box,prodotto speciale,Lunala-GX Box,"Bulbapedia (CC BY-NC-SA), 9/10/2026"
smp,SM103a,SM103A,Lunala,Hidden Fates Premium Collection,prodotto speciale,Hidden Fates Premium Collection || Hidden Fates Ultra-Premium Collection,"Bulbapedia (CC BY-NC-SA), 9/10/2026"
smp,SM104,SM104,Solgaleo,Solgaleo-GX Box,prodotto speciale,Solgaleo-GX Box,"Bulbapedia (CC BY-NC-SA), 9/10/2026"
smp,SM104a,SM104A,Solgaleo,Hidden Fates Premium Collection,prodotto speciale,Hidden Fates Premium Collection || Hidden Fates Ultra-Premium Collection,"Bulbapedia (CC BY-NC-SA), 9/10/2026"
smp,SM105,SM105,Lycanroc,Spring 2018 Collector Chest,prodotto speciale,Spring 2018 Collector Chest,"Bulbapedia (CC BY-NC-SA), 9/10/2026"
smp,SM106,SM106,Dawn Wings Necrozma,Spring 2018 Collector Chest,prodotto speciale,Spring 2018 Collector Chest,"Bulbapedia (CC BY-NC-SA), 9/10/2026"
smp,SM107,SM107,Dusk Mane Necrozma,Spring 2018 Collector Chest,prodotto speciale,Spring 2018 Collector Chest,"Bulbapedia (CC BY-NC-SA), 9/10/2026"
smp,SM108,SM108,Ash's Pikachu,I Choose You! theatrical release,altro,I Choose You! theatrical release,"Bulbapedia (CC BY-NC-SA), 9/10/2026"
smp,SM109,SM109,Ash's Pikachu,I Choose You! TCG product purchase campaign,campagna d'acquisto,I Choose You! TCG product purchase campaign,"Bulbapedia (CC BY-NC-SA), 9/10/2026"
smp,SM110,SM110,Ash's Pikachu,I Choose You! TCG product purchase campaign,campagna d'acquisto,I Choose You! TCG product purchase campaign,"Bulbapedia (CC BY-NC-SA), 9/10/2026"
smp,SM111,SM111,Ash's Pikachu,I Choose You! TCG product purchase campaign,campagna d'acquisto,I Choose You! TCG product purchase campaign,"Bulbapedia (CC BY-NC-SA), 9/10/2026"
smp,SM112,SM112,Ash's Pikachu,I Choose You! TCG product purchase campaign,campagna d'acquisto,I Choose You! TCG product purchase campaign,"Bulbapedia (CC BY-NC-SA), 9/10/2026"
smp,SM113,SM113,Ash's Pikachu,I Choose You! TCG product purchase campaign,campagna d'acquisto,I Choose You! TCG product purchase campaign,"Bulbapedia (CC BY-NC-SA), 9/10/2026"
smp,SM114,SM114,Ash's Pikachu,I Choose You! TCG product purchase campaign,campagna d'acquisto,I Choose You! TCG product purchase campaign,"Bulbapedia (CC BY-NC-SA), 9/10/2026"
smp,SM115,SM115,Pheromosa || Pheromosa [Staff],Forbidden Light Prerelease participation promo,evento o torneo,Forbidden Light Prerelease participation promo || Forbidden Light Prerelease staff promo,"Bulbapedia (CC BY-NC-SA), 9/10/2026"
smp,SM116,SM116,Xurkitree || Xurkitree [Staff],Forbidden Light Prerelease participation promo,evento o torneo,Forbidden Light Prerelease participation promo || Forbidden Light Prerelease staff promo,"Bulbapedia (CC BY-NC-SA), 9/10/2026"
smp,SM117,SM117,Malamar || Malamar [Staff],Forbidden Light Prerelease participation promo,evento o torneo,Forbidden Light Prerelease participation promo || Forbidden Light Prerelease staff promo,"Bulbapedia (CC BY-NC-SA), 9/10/2026"
smp,SM118,SM118,Lycanroc || Lycanroc [Staff],Forbidden Light Prerelease participation promo,evento o torneo,Forbidden Light Prerelease participation promo || Forbidden Light Prerelease staff promo,"Bulbapedia (CC BY-NC-SA), 9/10/2026"
smp,SM119,SM119,Exeggcute,Forbidden Light Single Pack Blisters,prodotto speciale,Forbidden Light Single Pack Blisters,"Bulbapedia (CC BY-NC-SA), 9/10/2026"
smp,SM120,SM120,Rockruff,Forbidden Light Single Pack Blisters,prodotto speciale,Forbidden Light Single Pack Blisters,"Bulbapedia (CC BY-NC-SA), 9/10/2026"
smp,SM121,SM121,Raikou,Legends of Johto GX Premium Collection,prodotto speciale,Legends of Johto GX Premium Collection,"Bulbapedia (CC BY-NC-SA), 9/10/2026"
smp,SM122,SM122,Zygarde,Shiny Zygarde-GX Box,prodotto speciale,Shiny Zygarde-GX Box,"Bulbapedia (CC BY-NC-SA), 9/10/2026"
smp,SM123,SM123,Dawn Wings Necrozma,Dawn Wings Necrozma Premium Collection,prodotto speciale,Dawn Wings Necrozma Premium Collection || Dusk Mane Necrozma Premium Collection || Dawn Wings Necrozma Box,"Bulbapedia (CC BY-NC-SA), 9/10/2026"
smp,SM124,SM124,Dusk Mane Necrozma,Dawn Wings Necrozma Premium Collection,prodotto speciale,Dawn Wings Necrozma Premium Collection || Dusk Mane Necrozma Premium Collection || Dusk Mane Necrozma Box,"Bulbapedia (CC BY-NC-SA), 9/10/2026"
smp,SM125,SM125,Naganadel,Dragon Majesty Elite Trainer Box,prodotto speciale,Dragon Majesty Elite Trainer Box,"Bulbapedia (CC BY-NC-SA), 9/10/2026"
smp,SM126,SM126,Ultra Necrozma,Dragon Majesty Figure Collection—Ultra Necrozma-GX,prodotto speciale,Dragon Majesty Figure Collection—Ultra Necrozma-GX || Dragon Majesty Collection—Ultra Necrozma-GX,"Bulbapedia (CC BY-NC-SA), 9/10/2026"
smp,SM127,SM127,"Alolan Sandslash || Alolan Sandslash [""16"" Alolan Sandslash ",Sun & Moon Trainer Kit: Alolan Sandslash & Alolan Ninetales,prodotto speciale,Sun & Moon Trainer Kit: Alolan Sandslash & Alolan Ninetales,"Bulbapedia (CC BY-NC-SA), 9/10/2026"
smp,SM128,SM128,"Alolan Ninetales || Alolan Ninetales [""17"" Alolan Ninetales ",Sun & Moon Trainer Kit: Alolan Sandslash & Alolan Ninetales,prodotto speciale,Sun & Moon Trainer Kit: Alolan Sandslash & Alolan Ninetales,"Bulbapedia (CC BY-NC-SA), 9/10/2026"
smp,SM129,SM129,Kyogre || Kyogre [Staff],Celestial Storm Prerelease participation promo,evento o torneo,Celestial Storm Prerelease participation promo || Celestial Storm Prerelease staff promo,"Bulbapedia (CC BY-NC-SA), 9/10/2026"
smp,SM130,SM130,Manectric || Manectric [Staff],Celestial Storm Prerelease participation promo,evento o torneo,Celestial Storm Prerelease participation promo || Celestial Storm Prerelease staff promo,"Bulbapedia (CC BY-NC-SA), 9/10/2026"
smp,SM131,SM131,Celesteela || Celesteela [Staff],Celestial Storm Prerelease participation promo,evento o torneo,Celestial Storm Prerelease participation promo || Celestial Storm Prerelease staff promo,"Bulbapedia (CC BY-NC-SA), 9/10/2026"
smp,SM132,SM132,Delcatty || Delcatty [Staff],Celestial Storm Prerelease participation promo,evento o torneo,Celestial Storm Prerelease participation promo || Celestial Storm Prerelease staff promo,"Bulbapedia (CC BY-NC-SA), 9/10/2026"
smp,SM133,SM133,Thundurus,Forces of Nature GX Premium Collection,prodotto speciale,Forces of Nature GX Premium Collection || Thundurus-GX Box,"Bulbapedia (CC BY-NC-SA), 9/10/2026"
smp,SM134,SM134,Tornadus,Forces of Nature GX Premium Collection,prodotto speciale,Forces of Nature GX Premium Collection || Tornadus-GX Box,"Bulbapedia (CC BY-NC-SA), 9/10/2026"
smp,SM135,SM135,Latias,Dragon Majesty Pin Collection—Latias,prodotto speciale,Dragon Majesty Pin Collection—Latias,"Bulbapedia (CC BY-NC-SA), 9/10/2026"
smp,SM136,SM136,Latios,Dragon Majesty Pin Collection—Latios,prodotto speciale,Dragon Majesty Pin Collection—Latios,"Bulbapedia (CC BY-NC-SA), 9/10/2026"
smp,SM137,SM137,Reshiram,Dragon Majesty Legends Of Unova-GX Premium Collection,prodotto speciale,Dragon Majesty Legends Of Unova-GX Premium Collection || Dragon Majesty Legends Of Unova-GX Collection,"Bulbapedia (CC BY-NC-SA), 9/10/2026"
smp,SM138,SM138,Zekrom,Dragon Majesty Legends Of Unova-GX Premium Collection,prodotto speciale,Dragon Majesty Legends Of Unova-GX Premium Collection || Dragon Majesty Legends Of Unova-GX Collection,"Bulbapedia (CC BY-NC-SA), 9/10/2026"
smp,SM139,SM139,Salamence,Dragon Majesty Special Collection—Salamence-GX,prodotto speciale,Dragon Majesty Special Collection—Salamence-GX,"Bulbapedia (CC BY-NC-SA), 9/10/2026"
smp,SM140,SM140,Salamence,Dragon Majesty Special Collection—Salamence-GX,prodotto speciale,Dragon Majesty Special Collection—Salamence-GX,"Bulbapedia (CC BY-NC-SA), 9/10/2026"
smp,SM141,SM141,White Kyurem,Dragon Majesty Special Collection—White Kyurem-GX,prodotto speciale,Dragon Majesty Special Collection—White Kyurem-GX,"Bulbapedia (CC BY-NC-SA), 9/10/2026"
smp,SM142,SM142,Kyurem,Dragon Majesty Special Collection—White Kyurem-GX,prodotto speciale,Dragon Majesty Special Collection—White Kyurem-GX,"Bulbapedia (CC BY-NC-SA), 9/10/2026"
smp,SM143,SM143,Moltres,Fall 2018 Collector Chest,prodotto speciale,Fall 2018 Collector Chest,"Bulbapedia (CC BY-NC-SA), 9/10/2026"
smp,SM144,SM144,Articuno,Fall 2018 Collector Chest,prodotto speciale,Fall 2018 Collector Chest,"Bulbapedia (CC BY-NC-SA), 9/10/2026"
smp,SM145,SM145,Zapdos,Fall 2018 Collector Chest,prodotto speciale,Fall 2018 Collector Chest,"Bulbapedia (CC BY-NC-SA), 9/10/2026"
smp,SM146,SM146,Leafeon,Evolution Celebration Tins,prodotto speciale,Evolution Celebration Tins,"Bulbapedia (CC BY-NC-SA), 9/10/2026"
smp,SM147,SM147,Glaceon,Evolution Celebration Tins,prodotto speciale,Evolution Celebration Tins,"Bulbapedia (CC BY-NC-SA), 9/10/2026"
smp,SM148,SM148,Champions Festival || Champions Festival [Staff] || Champion,2018 World Championships,evento o torneo,2018 World Championships,"Bulbapedia (CC BY-NC-SA), 9/10/2026"
smp,SM149,SM149,Suicune || Suicune [Staff],Lost Thunder Prerelease participation promo,evento o torneo,Lost Thunder Prerelease participation promo || Lost Thunder Prerelease staff promo,"Bulbapedia (CC BY-NC-SA), 9/10/2026"
smp,SM150,SM150,Raikou || Raikou [Staff],Lost Thunder Prerelease participation promo,evento o torneo,Lost Thunder Prerelease participation promo || Lost Thunder Prerelease staff promo,"Bulbapedia (CC BY-NC-SA), 9/10/2026"
smp,SM151,SM151,Giratina || Giratina [Staff],Lost Thunder Prerelease participation promo,evento o torneo,Lost Thunder Prerelease participation promo || Lost Thunder Prerelease staff promo,"Bulbapedia (CC BY-NC-SA), 9/10/2026"
smp,SM152,SM152,Tapu Lele || Tapu Lele [Staff],Lost Thunder Prerelease participation promo,evento o torneo,Lost Thunder Prerelease participation promo || Lost Thunder Prerelease staff promo,"Bulbapedia (CC BY-NC-SA), 9/10/2026"
smp,SM153,SM153,Rowlet,Lost Thunder Single Pack Blisters,prodotto speciale,Lost Thunder Single Pack Blisters,"Bulbapedia (CC BY-NC-SA), 9/10/2026"
smp,SM154,SM154,Salandit,Lost Thunder Single Pack Blisters,prodotto speciale,Lost Thunder Single Pack Blisters,"Bulbapedia (CC BY-NC-SA), 9/10/2026"
smp,SM155,SM155,Kingdra,Dragon Majesty Super-Premium Collection,prodotto speciale,Dragon Majesty Super-Premium Collection,"Bulbapedia (CC BY-NC-SA), 9/10/2026"
smp,SM156,SM156,Dragonite,Dragon Majesty Super-Premium Collection,prodotto speciale,Dragon Majesty Super-Premium Collection,"Bulbapedia (CC BY-NC-SA), 9/10/2026"
smp,SM157,SM157,Pikachu,Pikachu & Eevee Poké Ball Collection,prodotto speciale,Pikachu & Eevee Poké Ball Collection,"Bulbapedia (CC BY-NC-SA), 9/10/2026"
smp,SM158,SM158,Charizard || Charizard [Staff],Team Up Prerelease participation promo,evento o torneo,Team Up Prerelease participation promo || Team Up Prerelease staff promo,"Bulbapedia (CC BY-NC-SA), 9/10/2026"
smp,SM159,SM159,Zapdos || Zapdos [Staff],Team Up Prerelease participation promo,evento o torneo,Team Up Prerelease participation promo || Team Up Prerelease staff promo,"Bulbapedia (CC BY-NC-SA), 9/10/2026"
smp,SM160,SM160,Nidoqueen || Nidoqueen [Staff],Team Up Prerelease participation promo,evento o torneo,Team Up Prerelease participation promo || Team Up Prerelease staff promo,"Bulbapedia (CC BY-NC-SA), 9/10/2026"
smp,SM161,SM161,Jirachi || Jirachi [Staff],Team Up Prerelease participation promo,evento o torneo,Team Up Prerelease participation promo || Team Up Prerelease staff promo,"Bulbapedia (CC BY-NC-SA), 9/10/2026"
smp,SM162,SM162,Pikachu,Team Up Single Pack Blisters,prodotto speciale,Team Up Single Pack Blisters,"Bulbapedia (CC BY-NC-SA), 9/10/2026"
smp,SM163,SM163,Mimikyu,Team Up Single Pack Blisters,prodotto speciale,Team Up Single Pack Blisters,"Bulbapedia (CC BY-NC-SA), 9/10/2026"
smp,SM164,SM164,Deoxys,Team Up Three Pack Blisters,prodotto speciale,Team Up Three Pack Blisters,"Bulbapedia (CC BY-NC-SA), 9/10/2026"
smp,SM165,SM165,Ultra Necrozma,Team Up Three Pack Blisters,prodotto speciale,Team Up Three Pack Blisters,"Bulbapedia (CC BY-NC-SA), 9/10/2026"
smp,SM166,SM166,Magikarp & Wailord,Towering Splash-GX Box,prodotto speciale,Towering Splash-GX Box,"Bulbapedia (CC BY-NC-SA), 9/10/2026"
smp,SM167,SM167,Celebi & Venusaur,Tag Team Tins,prodotto speciale,Tag Team Tins,"Bulbapedia (CC BY-NC-SA), 9/10/2026"
smp,SM168,SM168,Pikachu & Zekrom,Tag Team Tins,prodotto speciale,Tag Team Tins,"Bulbapedia (CC BY-NC-SA), 9/10/2026"
smp,SM169,SM169,Eevee & Snorlax,Tag Team Tins,prodotto speciale,Tag Team Tins,"Bulbapedia (CC BY-NC-SA), 9/10/2026"
smp,SM170,SM170,Detective Pikachu [Cosmos Holo] || Detective Pikachu [Sheen ,Detective Pikachu Café Figure Collection,prodotto speciale,Detective Pikachu Café Figure Collection || Detective Pikachu On the Case Figure Collection,"Bulbapedia (CC BY-NC-SA), 9/10/2026"
smp,SM171,SM171,Flareon,Flareon-GX Special Collection,prodotto speciale,Flareon-GX Special Collection || Elemental Power Tins,"Bulbapedia (CC BY-NC-SA), 9/10/2026"
smp,SM172,SM172,Vaporeon,Vaporeon-GX Special Collection,prodotto speciale,Vaporeon-GX Special Collection || Elemental Power Tins,"Bulbapedia (CC BY-NC-SA), 9/10/2026"
smp,SM173,SM173,Jolteon,Jolteon-GX Special Collection,prodotto speciale,Jolteon-GX Special Collection || Elemental Power Tins,"Bulbapedia (CC BY-NC-SA), 9/10/2026"
smp,SM174,SM174,Eevee,Flareon-GX Special Collection,prodotto speciale,Flareon-GX Special Collection || Eevee-GX Box,"Bulbapedia (CC BY-NC-SA), 9/10/2026"
smp,SM175,SM175,Eevee,Vaporeon-GX Special Collection,prodotto speciale,Vaporeon-GX Special Collection || Eevee-GX Box,"Bulbapedia (CC BY-NC-SA), 9/10/2026"
smp,SM176,SM176,Eevee,Jolteon-GX Special Collection,prodotto speciale,Jolteon-GX Special Collection || Eevee-GX Box,"Bulbapedia (CC BY-NC-SA), 9/10/2026"
smp,SM177,SM177,Meltan,Melmetal-GX Box,prodotto speciale,Melmetal-GX Box,"Bulbapedia (CC BY-NC-SA), 9/10/2026"
smp,SM178,SM178,Melmetal,Melmetal-GX Box,prodotto speciale,Melmetal-GX Box,"Bulbapedia (CC BY-NC-SA), 9/10/2026"
smp,SM179,SM179,Volcanion || Volcanion [Staff],Unbroken Bonds Prerelease participation promo,evento o torneo,Unbroken Bonds Prerelease participation promo || Unbroken Bonds Prerelease staff promo,"Bulbapedia (CC BY-NC-SA), 9/10/2026"
smp,SM180,SM180,Stakataka || Stakataka [Staff],Unbroken Bonds Prerelease participation promo,evento o torneo,Unbroken Bonds Prerelease participation promo || Unbroken Bonds Prerelease staff promo,"Bulbapedia (CC BY-NC-SA), 9/10/2026"
smp,SM181,SM181,Melmetal || Melmetal [Staff],Unbroken Bonds Prerelease participation promo,evento o torneo,Unbroken Bonds Prerelease participation promo || Unbroken Bonds Prerelease staff promo,"Bulbapedia (CC BY-NC-SA), 9/10/2026"
smp,SM182,SM182,Persian || Persian [Staff],Unbroken Bonds Prerelease participation promo,evento o torneo,Unbroken Bonds Prerelease participation promo || Unbroken Bonds Prerelease staff promo,"Bulbapedia (CC BY-NC-SA), 9/10/2026"
smp,SM183,SM183,Pikachu,Unbroken Bonds Single Pack Blisters,prodotto speciale,Unbroken Bonds Single Pack Blisters,"Bulbapedia (CC BY-NC-SA), 9/10/2026"
smp,SM184,SM184,Eevee,Unbroken Bonds Single Pack Blisters,prodotto speciale,Unbroken Bonds Single Pack Blisters,"Bulbapedia (CC BY-NC-SA), 9/10/2026"
smp,SM185,SM185,Typhlosion,Unbroken Bonds Three Pack Blisters,prodotto speciale,Unbroken Bonds Three Pack Blisters,"Bulbapedia (CC BY-NC-SA), 9/10/2026"
smp,SM186,SM186,"Flareon || Flareon [""27"" and ""44"" Charizard Deck stamp]","Let's Play, Eevee! Theme Deck",prodotto speciale,"Let's Play, Eevee! Theme Deck || Pokémon Battle Academy","Bulbapedia (CC BY-NC-SA), 9/10/2026"
smp,SM187,SM187,Alolan Marowak,Alolan Marowak-GX Box,prodotto speciale,Alolan Marowak-GX Box,"Bulbapedia (CC BY-NC-SA), 9/10/2026"
smp,SM188,SM188,Kangaskhan,Kangaskhan-GX Box,prodotto speciale,Kangaskhan-GX Box,"Bulbapedia (CC BY-NC-SA), 9/10/2026"
smp,SM189,SM189,Blastoise,Blastoise-GX Premium Collection,prodotto speciale,Blastoise-GX Premium Collection,"Bulbapedia (CC BY-NC-SA), 9/10/2026"
smp,SM190,SM190,Detective Pikachu [Sheen Holo] || Detective Pikachu [Water W,POKÉMON Detective Pikachu theatrical release,altro,POKÉMON Detective Pikachu theatrical release || Detective Pikachu Blu-Ray & DVD release,"Bulbapedia (CC BY-NC-SA), 9/10/2026"
smp,SM191,SM191,Mewtwo & Mew,Power Partnership Tins,prodotto speciale,Power Partnership Tins,"Bulbapedia (CC BY-NC-SA), 9/10/2026"
smp,SM192,SM192,Lucario & Melmetal,Power Partnership Tins,prodotto speciale,Power Partnership Tins,"Bulbapedia (CC BY-NC-SA), 9/10/2026"
smp,SM193,SM193,Garchomp & Giratina,Power Partnership Tins,prodotto speciale,Power Partnership Tins,"Bulbapedia (CC BY-NC-SA), 9/10/2026"
smp,SM194,SM194,Detective Pikachu,Detective Pikachu Case File,prodotto speciale,Detective Pikachu Case File || Detective Pikachu Special Case File,"Bulbapedia (CC BY-NC-SA), 9/10/2026"
smp,SM195,SM195,Charizard,Detective Pikachu Charizard-GX Case File,prodotto speciale,Detective Pikachu Charizard-GX Case File || Detective Pikachu Charizard-GX Special Case File || Detective Pikachu Tin,"Bulbapedia (CC BY-NC-SA), 9/10/2026"
smp,SM196,SM196,Mewtwo,Detective Pikachu Mewtwo-GX Case File,prodotto speciale,Detective Pikachu Mewtwo-GX Case File || Detective Pikachu Tin,"Bulbapedia (CC BY-NC-SA), 9/10/2026"
smp,SM197,SM197,Greninja,Detective Pikachu Greninja-GX Case File,prodotto speciale,Detective Pikachu Greninja-GX Case File || Detective Pikachu Greninja-GX Special Case File,"Bulbapedia (CC BY-NC-SA), 9/10/2026"
smp,SM198,SM198,Bulbasaur [Cosmos Holo] || Bulbasaur [Sheen Holo; Detective ,In-store POKÉMON Detective Pikachu event,evento o torneo,In-store POKÉMON Detective Pikachu event || Detective Pikachu On the Case Figure Collection,"Bulbapedia (CC BY-NC-SA), 9/10/2026"
smp,SM199,SM199,Psyduck [Cosmos Holo] || Psyduck [Sheen Holo; Detective Pika,In-store POKÉMON Detective Pikachu event,evento o torneo,In-store POKÉMON Detective Pikachu event || Detective Pikachu On the Case Figure Collection,"Bulbapedia (CC BY-NC-SA), 9/10/2026"
smp,SM200,SM200,Snubbull [Cosmos Holo] || Snubbull [Sheen Holo; Detective Pi,In-store POKÉMON Detective Pikachu event,evento o torneo,In-store POKÉMON Detective Pikachu event || Detective Pikachu On the Case Figure Collection,"Bulbapedia (CC BY-NC-SA), 9/10/2026"
smp,SM201,SM201,Reshiram & Charizard,Reshiram & Charizard-GX Figure Collection,prodotto speciale,Reshiram & Charizard-GX Figure Collection,"Bulbapedia (CC BY-NC-SA), 9/10/2026"
smp,SM202,SM202,Amoonguss || Amoonguss [Staff],Unified Minds Prerelease participation promo,evento o torneo,Unified Minds Prerelease participation promo || Unified Minds Prerelease staff promo,"Bulbapedia (CC BY-NC-SA), 9/10/2026"
smp,SM203,SM203,Tapu Fini || Tapu Fini [Staff],Unified Minds Prerelease participation promo,evento o torneo,Unified Minds Prerelease participation promo || Unified Minds Prerelease staff promo,"Bulbapedia (CC BY-NC-SA), 9/10/2026"
smp,SM204,SM204,Necrozma || Necrozma [Staff],Unified Minds Prerelease participation promo,evento o torneo,Unified Minds Prerelease participation promo || Unified Minds Prerelease staff promo,"Bulbapedia (CC BY-NC-SA), 9/10/2026"
smp,SM205,SM205,Terrakion || Terrakion [Staff],Unified Minds Prerelease participation promo,evento o torneo,Unified Minds Prerelease participation promo || Unified Minds Prerelease staff promo,"Bulbapedia (CC BY-NC-SA), 9/10/2026"
smp,SM206,SM206,Pikachu,Unified Minds Single Pack Blisters,prodotto speciale,Unified Minds Single Pack Blisters,"Bulbapedia (CC BY-NC-SA), 9/10/2026"
smp,SM207,SM207,Sudowoodo,Unified Minds Single Pack Blisters,prodotto speciale,Unified Minds Single Pack Blisters,"Bulbapedia (CC BY-NC-SA), 9/10/2026"
smp,SM208,SM208,Vikavolt,Unified Minds Three Pack Blisters,prodotto speciale,Unified Minds Three Pack Blisters,"Bulbapedia (CC BY-NC-SA), 9/10/2026"
smp,SM209,SM209,Stakataka,Unified Minds Three Pack Blisters,prodotto speciale,Unified Minds Three Pack Blisters,"Bulbapedia (CC BY-NC-SA), 9/10/2026"
smp,SM210,SM210,Moltres & Zapdos & Articuno,Hidden Fates Elite Trainer Box,prodotto speciale,Hidden Fates Elite Trainer Box,"Bulbapedia (CC BY-NC-SA), 9/10/2026"
smp,SM211,SM211,Charizard,Hidden Fates Tins,prodotto speciale,Hidden Fates Tins,"Bulbapedia (CC BY-NC-SA), 9/10/2026"
smp,SM212,SM212,Gyarados,Hidden Fates Tins,prodotto speciale,Hidden Fates Tins,"Bulbapedia (CC BY-NC-SA), 9/10/2026"
smp,SM213,SM213,Raichu,Hidden Fates Tins,prodotto speciale,Hidden Fates Tins,"Bulbapedia (CC BY-NC-SA), 9/10/2026"
smp,SM214,SM214,Mewtwo,Hidden Fates Pin Collection—Mewtwo,prodotto speciale,Hidden Fates Pin Collection—Mewtwo,"Bulbapedia (CC BY-NC-SA), 9/10/2026"
smp,SM215,SM215,Mew,Hidden Fates Pin Collection—Mew,prodotto speciale,Hidden Fates Pin Collection—Mew,"Bulbapedia (CC BY-NC-SA), 9/10/2026"
smp,SM216,SM216,Porygon-Z,Porygon-Z-GX Box,prodotto speciale,Porygon-Z-GX Box,"Bulbapedia (CC BY-NC-SA), 9/10/2026"
smp,SM217,SM217,Trevenant & Dusknoir,Pale Moon-GX Box,prodotto speciale,Pale Moon-GX Box,"Bulbapedia (CC BY-NC-SA), 9/10/2026"
smp,SM218,SM218,Buzzwole || Buzzwole [Staff],Cosmic Eclipse Prerelease participation promo,evento o torneo,Cosmic Eclipse Prerelease participation promo || Cosmic Eclipse Prerelease staff promo,"Bulbapedia (CC BY-NC-SA), 9/10/2026"
smp,SM219,SM219,Entei || Entei [Staff],Cosmic Eclipse Prerelease participation promo,evento o torneo,Cosmic Eclipse Prerelease participation promo || Cosmic Eclipse Prerelease staff promo,"Bulbapedia (CC BY-NC-SA), 9/10/2026"
smp,SM220,SM220,Phione || Phione [Staff],Cosmic Eclipse Prerelease participation promo,evento o torneo,Cosmic Eclipse Prerelease participation promo || Cosmic Eclipse Prerelease staff promo,"Bulbapedia (CC BY-NC-SA), 9/10/2026"
smp,SM221,SM221,Blacephalon || Blacephalon [Staff],Cosmic Eclipse Prerelease participation promo,evento o torneo,Cosmic Eclipse Prerelease participation promo || Cosmic Eclipse Prerelease staff promo,"Bulbapedia (CC BY-NC-SA), 9/10/2026"
smp,SM222,SM222,Mismagius,Cosmic Eclipse Single Pack Blisters,prodotto speciale,Cosmic Eclipse Single Pack Blisters,"Bulbapedia (CC BY-NC-SA), 9/10/2026"
smp,SM223,SM223,Terrakion,Cosmic Eclipse Single Pack Blisters,prodotto speciale,Cosmic Eclipse Single Pack Blisters,"Bulbapedia (CC BY-NC-SA), 9/10/2026"
smp,SM224,SM224,Celebi,Cosmic Eclipse Three Pack Blisters,prodotto speciale,Cosmic Eclipse Three Pack Blisters,"Bulbapedia (CC BY-NC-SA), 9/10/2026"
smp,SM225,SM225,Victini,Cosmic Eclipse Three Pack Blisters,prodotto speciale,Cosmic Eclipse Three Pack Blisters,"Bulbapedia (CC BY-NC-SA), 9/10/2026"
smp,SM226,SM226,Charizard,Fall 2019 Collector Chest,prodotto speciale,Fall 2019 Collector Chest,"Bulbapedia (CC BY-NC-SA), 9/10/2026"
smp,SM227,SM227,Pikachu,Fall 2019 Collector Chest,prodotto speciale,Fall 2019 Collector Chest,"Bulbapedia (CC BY-NC-SA), 9/10/2026"
smp,SM228,SM228,Armored Mewtwo,Fall 2019 Collector Chest,prodotto speciale,Fall 2019 Collector Chest,"Bulbapedia (CC BY-NC-SA), 9/10/2026"
smp,SM229,SM229,Venusaur & Snivy,Tag Team Generations Premium Collection,prodotto speciale,Tag Team Generations Premium Collection,"Bulbapedia (CC BY-NC-SA), 9/10/2026"
smp,SM230,SM230,Charizard & Braixen,Tag Team Generations Premium Collection,prodotto speciale,Tag Team Generations Premium Collection,"Bulbapedia (CC BY-NC-SA), 9/10/2026"
smp,SM231,SM231,Champions Festival || Champions Festival [Staff] || Champion,2019 World Championships,evento o torneo,2019 World Championships,"Bulbapedia (CC BY-NC-SA), 9/10/2026"
smp,SM232,SM232,Pikachu,Pikachu-GX & Eevee-GX Special Collection,prodotto speciale,Pikachu-GX & Eevee-GX Special Collection,"Bulbapedia (CC BY-NC-SA), 9/10/2026"
smp,SM233,SM233,Eevee,Pikachu-GX & Eevee-GX Special Collection,prodotto speciale,Pikachu-GX & Eevee-GX Special Collection,"Bulbapedia (CC BY-NC-SA), 9/10/2026"
smp,SM234,SM234,Pikachu,Pikachu-GX & Eevee-GX Special Collection,prodotto speciale,Pikachu-GX & Eevee-GX Special Collection,"Bulbapedia (CC BY-NC-SA), 9/10/2026"
smp,SM235,SM235,Eevee,Pikachu-GX & Eevee-GX Special Collection,prodotto speciale,Pikachu-GX & Eevee-GX Special Collection,"Bulbapedia (CC BY-NC-SA), 9/10/2026"
smp,SM236,SM236,Alolan Sandslash,Alolan Sandslash-GX Box,prodotto speciale,Alolan Sandslash-GX Box,"Bulbapedia (CC BY-NC-SA), 9/10/2026"
smp,SM237,SM237,Leafeon,Tag Team Powers Collection,prodotto speciale,Tag Team Powers Collection,"Bulbapedia (CC BY-NC-SA), 9/10/2026"
smp,SM238,SM238,Glaceon,Tag Team Powers Collection,prodotto speciale,Tag Team Powers Collection,"Bulbapedia (CC BY-NC-SA), 9/10/2026"
smp,SM239,SM239,Carracosta,Tag Team Powers Collection,prodotto speciale,Tag Team Powers Collection,"Bulbapedia (CC BY-NC-SA), 9/10/2026"
smp,SM240,SM240,Espeon & Deoxys,Tag Team Powers Collection,prodotto speciale,Tag Team Powers Collection,"Bulbapedia (CC BY-NC-SA), 9/10/2026"
smp,SM241,SM241,Umbreon & Darkrai,Tag Team Powers Collection,prodotto speciale,Tag Team Powers Collection,"Bulbapedia (CC BY-NC-SA), 9/10/2026"
smp,SM242,SM242,Eevee,Tag Team Powers Collection,prodotto speciale,Tag Team Powers Collection,"Bulbapedia (CC BY-NC-SA), 9/10/2026"
smp,SM243,SM243,Regigigas,Tag Team Powers Collection,prodotto speciale,Tag Team Powers Collection,"Bulbapedia (CC BY-NC-SA), 9/10/2026"
smp,SM244,SM244,Aipom,Pikachu & Zekrom-GX League Battle Deck,prodotto speciale,Pikachu & Zekrom-GX League Battle Deck,"Bulbapedia (CC BY-NC-SA), 9/10/2026"
smp,SM245,SM245,Mismagius,Trainer's Toolkit 2021,prodotto speciale,Trainer's Toolkit 2021,"Bulbapedia (CC BY-NC-SA), 9/10/2026"
smp,SM246,SM246,Sabrina & Brycen,Trainer's Toolkit 2021,prodotto speciale,Trainer's Toolkit 2021,"Bulbapedia (CC BY-NC-SA), 9/10/2026"
smp,SM247,SM247,Reshiram & Charizard,Reshiram & Charizard-GX Premium Collection,prodotto speciale,Reshiram & Charizard-GX Premium Collection,"Bulbapedia (CC BY-NC-SA), 9/10/2026"
smp,SM248,SM248,Pikachu & Zekrom,Pikachu & Zekrom-GX Premium Collection,prodotto speciale,Pikachu & Zekrom-GX Premium Collection,"Bulbapedia (CC BY-NC-SA), 9/10/2026"
swshp,SWSH001,SWSH1,Grookey || Grookey [Jumbo],Galar Collections,prodotto speciale,Galar Collections || Galar First Partner Pack,"Bulbapedia (CC BY-NC-SA), 9/10/2026"
swshp,SWSH002,SWSH2,Scorbunny || Scorbunny [Jumbo],Galar Collections,prodotto speciale,Galar Collections || Galar First Partner Pack,"Bulbapedia (CC BY-NC-SA), 9/10/2026"
swshp,SWSH003,SWSH3,Sobble || Sobble [Jumbo],Galar Collections,prodotto speciale,Galar Collections || Galar First Partner Pack,"Bulbapedia (CC BY-NC-SA), 9/10/2026"
swshp,SWSH004,SWSH4,Meowth,Meowth VMAX Special Collection,prodotto speciale,Meowth VMAX Special Collection,"Bulbapedia (CC BY-NC-SA), 9/10/2026"
swshp,SWSH005,SWSH5,Meowth || Meowth [Jumbo],Meowth VMAX Special Collection,prodotto speciale,Meowth VMAX Special Collection || Meowth VMAX Special Collection,"Bulbapedia (CC BY-NC-SA), 9/10/2026"
swshp,SWSH006,SWSH6,Rillaboom || Rillaboom [Staff],Sword & Shield Build & Battle Box,evento o torneo,Sword & Shield Build & Battle Box || Sword & Shield Prerelease staff promo,"Bulbapedia (CC BY-NC-SA), 9/10/2026"
swshp,SWSH007,SWSH7,Frosmoth || Frosmoth [Staff],Sword & Shield Build & Battle Box,evento o torneo,Sword & Shield Build & Battle Box || Sword & Shield Prerelease staff promo,"Bulbapedia (CC BY-NC-SA), 9/10/2026"
swshp,SWSH008,SWSH8,Galarian Perrserker || Galarian Perrserker [Staff],Sword & Shield Build & Battle Box,evento o torneo,Sword & Shield Build & Battle Box || Sword & Shield Prerelease staff promo,"Bulbapedia (CC BY-NC-SA), 9/10/2026"
swshp,SWSH009,SWSH9,Cinccino || Cinccino [Staff],Sword & Shield Build & Battle Box,evento o torneo,Sword & Shield Build & Battle Box || Sword & Shield Prerelease staff promo,"Bulbapedia (CC BY-NC-SA), 9/10/2026"
swshp,SWSH010,SWSH10,Gossifleur || Gossifleur [25th Anniversary],Sword & Shield Single Pack Blister,prodotto speciale,Sword & Shield Single Pack Blister || General Mills 25th Anniversary Mini Packs,"Bulbapedia (CC BY-NC-SA), 9/10/2026"
swshp,SWSH011,SWSH11,Wooloo || Wooloo [25th Anniversary],Sword & Shield Single Pack Blister,prodotto speciale,Sword & Shield Single Pack Blister || General Mills 25th Anniversary Mini Packs,"Bulbapedia (CC BY-NC-SA), 9/10/2026"
swshp,SWSH012,SWSH12,Morpeko || Morpeko [25th Anniversary],Sword & Shield Three Pack Blister,prodotto speciale,Sword & Shield Three Pack Blister || General Mills 25th Anniversary Mini Packs,"Bulbapedia (CC BY-NC-SA), 9/10/2026"
swshp,SWSH013,SWSH13,Galarian Ponyta || Galarian Ponyta [25th Anniversary],Sword & Shield Three Pack Blister,prodotto speciale,Sword & Shield Three Pack Blister || General Mills 25th Anniversary Mini Packs,"Bulbapedia (CC BY-NC-SA), 9/10/2026"
swshp,SWSH014,SWSH14,Rillaboom || Rillaboom [Jumbo],Galar Partners Tins,prodotto speciale,Galar Partners Tins || Galar Partners Box (Rillaboom),"Bulbapedia (CC BY-NC-SA), 9/10/2026"
swshp,SWSH015,SWSH15,Cinderace || Cinderace [Jumbo],Galar Partners Tins,prodotto speciale,Galar Partners Tins || Galar Partners Box (Cinderace),"Bulbapedia (CC BY-NC-SA), 9/10/2026"
swshp,SWSH016,SWSH16,Inteleon || Inteleon [Jumbo],Galar Partners Tins,prodotto speciale,Galar Partners Tins || Galar Partners Box (Inteleon),"Bulbapedia (CC BY-NC-SA), 9/10/2026"
swshp,SWSH017,SWSH17,Toxtricity || Toxtricity [Jumbo],Toxtricity V Box / Galar Challengers Tins,prodotto speciale,Toxtricity V Box / Galar Challengers Tins || Toxtricity V Box,"Bulbapedia (CC BY-NC-SA), 9/10/2026"
swshp,SWSH018,SWSH18,Zacian,Legends of Galar Tins,prodotto speciale,Legends of Galar Tins,"Bulbapedia (CC BY-NC-SA), 9/10/2026"
swshp,SWSH019,SWSH19,Zamazenta,Legends of Galar Tins,prodotto speciale,Legends of Galar Tins,"Bulbapedia (CC BY-NC-SA), 9/10/2026"
swshp,SWSH020,SWSH20,Pikachu,Sword & Shield Figure Collection,prodotto speciale,Sword & Shield Figure Collection,"Bulbapedia (CC BY-NC-SA), 9/10/2026"
swshp,SWSH021,SWSH21,Polteageist || Polteageist [Jumbo],Polteageist V Box / Galar Challengers Tins,prodotto speciale,Polteageist V Box / Galar Challengers Tins || Polteageist V Box,"Bulbapedia (CC BY-NC-SA), 9/10/2026"
swshp,SWSH022,SWSH22,Flapple || Flapple [Staff],Rebel Clash Build & Battle Box,evento o torneo,Rebel Clash Build & Battle Box || Rebel Clash Prerelease staff promo,"Bulbapedia (CC BY-NC-SA), 9/10/2026"
swshp,SWSH023,SWSH23,Luxray || Luxray [Staff],Rebel Clash Build & Battle Box,evento o torneo,Rebel Clash Build & Battle Box || Rebel Clash Prerelease staff promo,"Bulbapedia (CC BY-NC-SA), 9/10/2026"
swshp,SWSH024,SWSH24,Coalossal || Coalossal [Staff],Rebel Clash Build & Battle Box,evento o torneo,Rebel Clash Build & Battle Box || Rebel Clash Prerelease staff promo,"Bulbapedia (CC BY-NC-SA), 9/10/2026"
swshp,SWSH025,SWSH25,Garbodor || Garbodor [Staff],Rebel Clash Prerelease participation promo,evento o torneo,Rebel Clash Prerelease participation promo || Rebel Clash Prerelease staff promo,"Bulbapedia (CC BY-NC-SA), 9/10/2026"
swshp,SWSH026,SWSH26,Mantine,Rebel Clash Single Pack Blister,prodotto speciale,Rebel Clash Single Pack Blister,"Bulbapedia (CC BY-NC-SA), 9/10/2026"
swshp,SWSH027,SWSH27,Noctowl,Rebel Clash Single Pack Blister,prodotto speciale,Rebel Clash Single Pack Blister,"Bulbapedia (CC BY-NC-SA), 9/10/2026"
swshp,SWSH028,SWSH28,Duraludon || Duraludon [GameStop logo] || Duraludon [EB Game,Rebel Clash Three Pack Blister,prodotto speciale,Rebel Clash Three Pack Blister || GameStop gift with purchase (USA) || EB Games gift with purchase (Australia) || EB Games gift with purchase (Canada),"Bulbapedia (CC BY-NC-SA), 9/10/2026"
swshp,SWSH029,SWSH29,Rayquaza,Rebel Clash Three Pack Blister,prodotto speciale,Rebel Clash Three Pack Blister,"Bulbapedia (CC BY-NC-SA), 9/10/2026"
swshp,SWSH030,SWSH30,Copperajah || Copperajah [Jumbo],Copperajah V Box / Galar Challengers Tins,prodotto speciale,Copperajah V Box / Galar Challengers Tins || Copperajah V Box,"Bulbapedia (CC BY-NC-SA), 9/10/2026"
swshp,SWSH031,SWSH31,Morpeko,Morpeko Pin Collection,prodotto speciale,Morpeko Pin Collection || Chilling Reign Two Pack Blister,"Bulbapedia (CC BY-NC-SA), 9/10/2026"
swshp,SWSH032,SWSH32,Snorlax,Snorlax Pin Collection,prodotto speciale,Snorlax Pin Collection,"Bulbapedia (CC BY-NC-SA), 9/10/2026"
swshp,SWSH033,SWSH33,Zacian,True Steel Premium Collections,prodotto speciale,True Steel Premium Collections,"Bulbapedia (CC BY-NC-SA), 9/10/2026"
swshp,SWSH034,SWSH34,Zamazenta,True Steel Premium Collections,prodotto speciale,True Steel Premium Collections,"Bulbapedia (CC BY-NC-SA), 9/10/2026"
swshp,SWSH035,SWSH35,Decidueye || Decidueye [Staff],Darkness Ablaze Build & Battle Box,evento o torneo,Darkness Ablaze Build & Battle Box || Darkness Ablaze Prerelease staff promo,"Bulbapedia (CC BY-NC-SA), 9/10/2026"
swshp,SWSH036,SWSH36,Arctozolt || Arctozolt [Staff],Darkness Ablaze Build & Battle Box,evento o torneo,Darkness Ablaze Build & Battle Box || Darkness Ablaze Prerelease staff promo,"Bulbapedia (CC BY-NC-SA), 9/10/2026"
swshp,SWSH037,SWSH37,Hydreigon || Hydreigon [Staff],Darkness Ablaze Build & Battle Box,evento o torneo,Darkness Ablaze Build & Battle Box || Darkness Ablaze Prerelease staff promo,"Bulbapedia (CC BY-NC-SA), 9/10/2026"
swshp,SWSH038,SWSH38,Kangaskhan || Kangaskhan [Staff],Darkness Ablaze Build & Battle Box,evento o torneo,Darkness Ablaze Build & Battle Box || Darkness Ablaze Prerelease staff promo,"Bulbapedia (CC BY-NC-SA), 9/10/2026"
swshp,SWSH039,SWSH39,Pikachu || Pikachu [25th Anniversary],Darkness Ablaze Single Pack Blister,prodotto speciale,Darkness Ablaze Single Pack Blister || General Mills 25th Anniversary Mini Packs,"Bulbapedia (CC BY-NC-SA), 9/10/2026"
swshp,SWSH040,SWSH40,Hatenna || Hatenna [25th Anniversary],Darkness Ablaze Single Pack Blister,prodotto speciale,Darkness Ablaze Single Pack Blister || General Mills 25th Anniversary Mini Packs,"Bulbapedia (CC BY-NC-SA), 9/10/2026"
swshp,SWSH041,SWSH41,Flareon,Darkness Ablaze Three Pack Blister,prodotto speciale,Darkness Ablaze Three Pack Blister,"Bulbapedia (CC BY-NC-SA), 9/10/2026"
swshp,SWSH042,SWSH42,Eevee,Darkness Ablaze Three Pack Blister,prodotto speciale,Darkness Ablaze Three Pack Blister,"Bulbapedia (CC BY-NC-SA), 9/10/2026"
swshp,SWSH043,SWSH43,Galarian Sirfetch'd || Galarian Sirfetch'd [Jumbo],Galarian Sirfetch'd V Box,prodotto speciale,Galarian Sirfetch'd V Box || Galarian Sirfetch'd V Box,"Bulbapedia (CC BY-NC-SA), 9/10/2026"
swshp,SWSH044,SWSH44,Eternatus,Eternatus VMAX Premium Collection,prodotto speciale,Eternatus VMAX Premium Collection,"Bulbapedia (CC BY-NC-SA), 9/10/2026"
swshp,SWSH045,SWSH45,Eternatus || Eternatus [Jumbo],Eternatus VMAX Premium Collection,prodotto speciale,Eternatus VMAX Premium Collection || Eternatus VMAX Premium Collection,"Bulbapedia (CC BY-NC-SA), 9/10/2026"
swshp,SWSH046,SWSH46,Eldegoss,Champion's Path Pin Collection—Turffield Gym,evento o torneo,Champion's Path Pin Collection—Turffield Gym,"Bulbapedia (CC BY-NC-SA), 9/10/2026"
swshp,SWSH047,SWSH47,Drednaw,Champion's Path Pin Collection—Hulbury Gym,evento o torneo,Champion's Path Pin Collection—Hulbury Gym,"Bulbapedia (CC BY-NC-SA), 9/10/2026"
swshp,SWSH048,SWSH48,Centiskorch,Champion's Path Pin Collection—Motostoke Gym,evento o torneo,Champion's Path Pin Collection—Motostoke Gym,"Bulbapedia (CC BY-NC-SA), 9/10/2026"
swshp,SWSH049,SWSH49,Dubwool || Dubwool [Jumbo],Champion's Path Collection—Dubwool V,prodotto speciale,Champion's Path Collection—Dubwool V || Champion's Path Collection—Dubwool V,"Bulbapedia (CC BY-NC-SA), 9/10/2026"
swshp,SWSH050,SWSH50,Charizard,Champion's Path Elite Trainer Box,prodotto speciale,Champion's Path Elite Trainer Box,"Bulbapedia (CC BY-NC-SA), 9/10/2026"
swshp,SWSH051,SWSH51,Lapras,Champion's Path Special Pin Collection—Circhester,prodotto speciale,Champion's Path Special Pin Collection—Circhester,"Bulbapedia (CC BY-NC-SA), 9/10/2026"
swshp,SWSH052,SWSH52,Gengar,Champion's Path Special Pin Collection—Stow-on-Side,prodotto speciale,Champion's Path Special Pin Collection—Stow-on-Side,"Bulbapedia (CC BY-NC-SA), 9/10/2026"
swshp,SWSH053,SWSH53,Machamp,Champion's Path Special Pin Collection—Stow-on-Side,prodotto speciale,Champion's Path Special Pin Collection—Stow-on-Side,"Bulbapedia (CC BY-NC-SA), 9/10/2026"
swshp,SWSH054,SWSH54,Coalossal,Champion's Path Special Pin Collection—Circhester,prodotto speciale,Champion's Path Special Pin Collection—Circhester,"Bulbapedia (CC BY-NC-SA), 9/10/2026"
swshp,SWSH055,SWSH55,Hatterene || Hatterene [Jumbo],Champion's Path Collection—Hatterene V,prodotto speciale,Champion's Path Collection—Hatterene V || Champion's Path Collection—Hatterene V,"Bulbapedia (CC BY-NC-SA), 9/10/2026"
swshp,SWSH056,SWSH56,Morpeko,Champion's Path Premium Collection—Marnie,prodotto speciale,Champion's Path Premium Collection—Marnie,"Bulbapedia (CC BY-NC-SA), 9/10/2026"
swshp,SWSH057,SWSH57,Grimmsnarl || Grimmsnarl [Jumbo],Champion's Path Premium Collection—Marnie,prodotto speciale,Champion's Path Premium Collection—Marnie || Champion's Path Premium Collection—Marnie,"Bulbapedia (CC BY-NC-SA), 9/10/2026"
swshp,SWSH058,SWSH58,Alcremie,Champion's Path Pin Collection—Ballonlea Gym,evento o torneo,Champion's Path Pin Collection—Ballonlea Gym,"Bulbapedia (CC BY-NC-SA), 9/10/2026"
swshp,SWSH059,SWSH59,Galarian Obstagoon,Champion's Path Pin Collection—Spikemuth Gym,evento o torneo,Champion's Path Pin Collection—Spikemuth Gym,"Bulbapedia (CC BY-NC-SA), 9/10/2026"
swshp,SWSH060,SWSH60,Duraludon,Champion's Path Pin Collection—Hammerlocke Gym,evento o torneo,Champion's Path Pin Collection—Hammerlocke Gym,"Bulbapedia (CC BY-NC-SA), 9/10/2026"
swshp,SWSH061,SWSH61,Pikachu || Pikachu [Jumbo],Shining Fates Collection—Pikachu V,prodotto speciale,Shining Fates Collection—Pikachu V || Shining Fates Collection—Pikachu V,"Bulbapedia (CC BY-NC-SA), 9/10/2026"
swshp,SWSH062,SWSH62,Pikachu,Celebrations Premium Figure Collection—Pikachu VMAX,prodotto speciale,Celebrations Premium Figure Collection—Pikachu VMAX,"Bulbapedia (CC BY-NC-SA), 9/10/2026"
swshp,SWSH063,SWSH63,Pikachu,V Powers Tins,prodotto speciale,V Powers Tins,"Bulbapedia (CC BY-NC-SA), 9/10/2026"
swshp,SWSH064,SWSH64,Eternatus,V Powers Tins,prodotto speciale,V Powers Tins,"Bulbapedia (CC BY-NC-SA), 9/10/2026"
swshp,SWSH065,SWSH65,Eevee || Eevee [Eevee Deck stamp],V Powers Tins/Eevee Evolutions Premium Collection,prodotto speciale,V Powers Tins/Eevee Evolutions Premium Collection || Battle Academy 2022 [Eevee Deck stamp],"Bulbapedia (CC BY-NC-SA), 9/10/2026"
swshp,SWSH066,SWSH66,Charizard || Charizard [Staff],Vivid Voltage Build & Battle Box,evento o torneo,Vivid Voltage Build & Battle Box || Vivid Voltage Prerelease staff promo,"Bulbapedia (CC BY-NC-SA), 9/10/2026"
swshp,SWSH067,SWSH67,Donphan || Donphan [Staff],Vivid Voltage Build & Battle Box,evento o torneo,Vivid Voltage Build & Battle Box || Vivid Voltage Prerelease staff promo,"Bulbapedia (CC BY-NC-SA), 9/10/2026"
swshp,SWSH068,SWSH68,Snorlax || Snorlax [Staff],Vivid Voltage Build & Battle Box,evento o torneo,Vivid Voltage Build & Battle Box || Vivid Voltage Prerelease staff promo,"Bulbapedia (CC BY-NC-SA), 9/10/2026"
swshp,SWSH069,SWSH69,Lugia || Lugia [Staff],Vivid Voltage Build & Battle Box,evento o torneo,Vivid Voltage Build & Battle Box || Vivid Voltage Prerelease staff promo,"Bulbapedia (CC BY-NC-SA), 9/10/2026"
swshp,SWSH070,SWSH70,Grookey,Vivid Voltage Single Pack Blister,prodotto speciale,Vivid Voltage Single Pack Blister,"Bulbapedia (CC BY-NC-SA), 9/10/2026"
swshp,SWSH071,SWSH71,Scorbunny,Vivid Voltage Single Pack Blister,prodotto speciale,Vivid Voltage Single Pack Blister,"Bulbapedia (CC BY-NC-SA), 9/10/2026"
swshp,SWSH072,SWSH72,Vaporeon,Vivid Voltage Three Pack Blister,prodotto speciale,Vivid Voltage Three Pack Blister,"Bulbapedia (CC BY-NC-SA), 9/10/2026"
swshp,SWSH073,SWSH73,Sobble,Vivid Voltage Three Pack Blister,prodotto speciale,Vivid Voltage Three Pack Blister,"Bulbapedia (CC BY-NC-SA), 9/10/2026"
swshp,SWSH074,SWSH74,Special Delivery Pikachu,Canadian Pokémon Center launch purchase campaign,Pokemon Center,Canadian Pokémon Center launch purchase campaign,"Bulbapedia (CC BY-NC-SA), 9/10/2026"
swshp,SWSH075,SWSH75,Special Delivery Charizard,UK Pokémon Center launch purchase campaign,Pokemon Center,UK Pokémon Center launch purchase campaign,"Bulbapedia (CC BY-NC-SA), 9/10/2026"
swshp,SWSH076,SWSH76,Zacian,Sword & Shield Ultra-Premium Collection—Zacian & Zamazenta,prodotto speciale,Sword & Shield Ultra-Premium Collection—Zacian & Zamazenta || Sword & Shield Elite Trainer Box Plus—Zacian,"Bulbapedia (CC BY-NC-SA), 9/10/2026"
swshp,SWSH077,SWSH77,Zamazenta,Sword & Shield Ultra-Premium Collection—Zacian & Zamazenta,prodotto speciale,Sword & Shield Ultra-Premium Collection—Zacian & Zamazenta || Sword & Shield Elite Trainer Box Plus—Zamazenta,"Bulbapedia (CC BY-NC-SA), 9/10/2026"
swshp,SWSH078,SWSH78,Orbeetle || Orbeetle [Jumbo],Orbeetle V Box,prodotto speciale,Orbeetle V Box || Orbeetle V Box,"Bulbapedia (CC BY-NC-SA), 9/10/2026"
swshp,SWSH079,SWSH79,Galarian Mr. Rime,Shining Fates Mad Party Pin Collection—Galarian Mr. Rime,prodotto speciale,Shining Fates Mad Party Pin Collection—Galarian Mr. Rime,"Bulbapedia (CC BY-NC-SA), 9/10/2026"
swshp,SWSH080,SWSH80,Dedenne,Shining Fates Mad Party Pin Collection—Dedenne,prodotto speciale,Shining Fates Mad Party Pin Collection—Dedenne,"Bulbapedia (CC BY-NC-SA), 9/10/2026"
swshp,SWSH081,SWSH81,Polteageist,Shining Fates Mad Party Pin Collection—Polteageist,prodotto speciale,Shining Fates Mad Party Pin Collection—Polteageist,"Bulbapedia (CC BY-NC-SA), 9/10/2026"
swshp,SWSH082,SWSH82,Bunnelby,Shining Fates Mad Party Pin Collection—Bunnelby,prodotto speciale,Shining Fates Mad Party Pin Collection—Bunnelby,"Bulbapedia (CC BY-NC-SA), 9/10/2026"
swshp,SWSH083,SWSH83,Alakazam || Alakazam [Jumbo],Alakazam V Box,prodotto speciale,Alakazam V Box || Alakazam V Box,"Bulbapedia (CC BY-NC-SA), 9/10/2026"
swshp,SWSH084,SWSH84,Eldegoss || Eldegoss [Jumbo],Shining Fates Tins / Shining Fates Collection—Shiny Eldegoss V,prodotto speciale,Shining Fates Tins / Shining Fates Collection—Shiny Eldegoss V || Shining Fates Collection—Shiny Eldegoss V,"Bulbapedia (CC BY-NC-SA), 9/10/2026"
swshp,SWSH085,SWSH85,Boltund || Boltund [Jumbo],Shining Fates Tins / Shining Fates Collection—Shiny Boltund V,prodotto speciale,Shining Fates Tins / Shining Fates Collection—Shiny Boltund V || Shining Fates Collection—Shiny Boltund V,"Bulbapedia (CC BY-NC-SA), 9/10/2026"
swshp,SWSH086,SWSH86,Cramorant || Cramorant [Jumbo],Shining Fates Tins / Shining Fates Collection—Shiny Cramorant V,prodotto speciale,Shining Fates Tins / Shining Fates Collection—Shiny Cramorant V || Shining Fates Collection—Shiny Cramorant V,"Bulbapedia (CC BY-NC-SA), 9/10/2026"
swshp,SWSH087,SWSH87,Eevee,Shining Fates Elite Trainer Box,prodotto speciale,Shining Fates Elite Trainer Box,"Bulbapedia (CC BY-NC-SA), 9/10/2026"
swshp,SWSH088,SWSH88,Cherrim || Cherrim [Staff],Battle Styles Build & Battle Box,evento o torneo,Battle Styles Build & Battle Box || Unreleased,"Bulbapedia (CC BY-NC-SA), 9/10/2026"
swshp,SWSH089,SWSH89,Octillery || Octillery [Staff],Battle Styles Build & Battle Box,evento o torneo,Battle Styles Build & Battle Box || Unreleased,"Bulbapedia (CC BY-NC-SA), 9/10/2026"
swshp,SWSH090,SWSH90,Houndoom || Houndoom [Staff],Battle Styles Build & Battle Box,evento o torneo,Battle Styles Build & Battle Box || Unreleased,"Bulbapedia (CC BY-NC-SA), 9/10/2026"
swshp,SWSH091,SWSH91,Bronzong || Bronzong [Staff],Battle Styles Build & Battle Box,evento o torneo,Battle Styles Build & Battle Box || Unreleased,"Bulbapedia (CC BY-NC-SA), 9/10/2026"
swshp,SWSH092,SWSH92,Charmander,Battle Styles Single Pack Blister,evento o torneo,Battle Styles Single Pack Blister,"Bulbapedia (CC BY-NC-SA), 9/10/2026"
swshp,SWSH093,SWSH93,Arrokuda,Battle Styles Single Pack Blister,evento o torneo,Battle Styles Single Pack Blister,"Bulbapedia (CC BY-NC-SA), 9/10/2026"
swshp,SWSH094,SWSH94,Jolteon,Battle Styles Three Pack Blister,evento o torneo,Battle Styles Three Pack Blister,"Bulbapedia (CC BY-NC-SA), 9/10/2026"
swshp,SWSH095,SWSH95,Eevee,Battle Styles Three Pack Blister,evento o torneo,Battle Styles Three Pack Blister || Poké Ball Tin & Collector Chest 3-Pack,"Bulbapedia (CC BY-NC-SA), 9/10/2026"
swshp,SWSH096,SWSH96,Dragapult,Shining Fates Premium Collection—Shiny Dragapult VMAX,prodotto speciale,Shining Fates Premium Collection—Shiny Dragapult VMAX,"Bulbapedia (CC BY-NC-SA), 9/10/2026"
swshp,SWSH097,SWSH97,Dragapult || Dragapult [Jumbo],Shining Fates Premium Collection—Shiny Dragapult VMAX,prodotto speciale,Shining Fates Premium Collection—Shiny Dragapult VMAX || Shining Fates Premium Collection—Shiny Dragapult VMAX,"Bulbapedia (CC BY-NC-SA), 9/10/2026"
swshp,SWSH098,SWSH98,Crobat,Shining Fates Premium Collection—Shiny Crobat VMAX,prodotto speciale,Shining Fates Premium Collection—Shiny Crobat VMAX,"Bulbapedia (CC BY-NC-SA), 9/10/2026"
swshp,SWSH099,SWSH99,Crobat || Crobat [Jumbo],Shining Fates Premium Collection—Shiny Crobat VMAX,prodotto speciale,Shining Fates Premium Collection—Shiny Crobat VMAX || Shining Fates Premium Collection—Shiny Crobat VMAX,"Bulbapedia (CC BY-NC-SA), 9/10/2026"
swshp,SWSH100,SWSH100,Venusaur,V Battle Deck—Venusaur vs. Blastoise,prodotto speciale,V Battle Deck—Venusaur vs. Blastoise,"Bulbapedia (CC BY-NC-SA), 9/10/2026"
swshp,SWSH101,SWSH101,Blastoise,V Battle Deck—Venusaur vs. Blastoise,prodotto speciale,V Battle Deck—Venusaur vs. Blastoise,"Bulbapedia (CC BY-NC-SA), 9/10/2026"
swshp,SWSH102,SWSH102,Venusaur || Venusaur [Jumbo],Venusaur VMAX Battle Box,evento o torneo,Venusaur VMAX Battle Box || Venusaur VMAX Battle Box,"Bulbapedia (CC BY-NC-SA), 9/10/2026"
swshp,SWSH103,SWSH103,Blastoise || Blastoise [Jumbo],Blastoise VMAX Battle Box,evento o torneo,Blastoise VMAX Battle Box || Blastoise VMAX Battle Box,"Bulbapedia (CC BY-NC-SA), 9/10/2026"
swshp,SWSH104,SWSH104,Victini,V Battle Deck—Victini vs. Gardevoir,prodotto speciale,V Battle Deck—Victini vs. Gardevoir,"Bulbapedia (CC BY-NC-SA), 9/10/2026"
swshp,SWSH105,SWSH105,Gardevoir,V Battle Deck—Victini vs. Gardevoir,prodotto speciale,V Battle Deck—Victini vs. Gardevoir,"Bulbapedia (CC BY-NC-SA), 9/10/2026"
swshp,SWSH106,SWSH106,Single Strike Urshifu || Single Strike Urshifu [Jumbo],Single Strike Urshifu V Box,prodotto speciale,Single Strike Urshifu V Box || Single Strike Urshifu V Box,"Bulbapedia (CC BY-NC-SA), 9/10/2026"
swshp,SWSH107,SWSH107,Rapid Strike Urshifu || Rapid Strike Urshifu [Jumbo],Rapid Strike Urshifu V Box,prodotto speciale,Rapid Strike Urshifu V Box || Rapid Strike Urshifu V Box,"Bulbapedia (CC BY-NC-SA), 9/10/2026"
swshp,SWSH108,SWSH108,Empoleon,V Strikers Tins,prodotto speciale,V Strikers Tins,"Bulbapedia (CC BY-NC-SA), 9/10/2026"
swshp,SWSH109,SWSH109,Tyranitar,V Strikers Tins,prodotto speciale,V Strikers Tins,"Bulbapedia (CC BY-NC-SA), 9/10/2026"
swshp,SWSH110,SWSH110,Crobat,Trainer's Toolkit 2021,prodotto speciale,Trainer's Toolkit 2021,"Bulbapedia (CC BY-NC-SA), 9/10/2026"
swshp,SWSH111,SWSH111,Galarian Rapidash || Galarian Rapidash [Jumbo],Galarian Rapidash V Box,prodotto speciale,Galarian Rapidash V Box || Galarian Rapidash V Box,"Bulbapedia (CC BY-NC-SA), 9/10/2026"
swshp,SWSH112,SWSH112,Cinderace || Cinderace [Staff],Chilling Reign Build & Battle Box,evento o torneo,Chilling Reign Build & Battle Box || Unreleased,"Bulbapedia (CC BY-NC-SA), 9/10/2026"
swshp,SWSH113,SWSH113,Inteleon || Inteleon [Staff],Chilling Reign Build & Battle Box,evento o torneo,Chilling Reign Build & Battle Box || Unreleased,"Bulbapedia (CC BY-NC-SA), 9/10/2026"
swshp,SWSH114,SWSH114,Cresselia || Cresselia [Staff],Chilling Reign Build & Battle Box,evento o torneo,Chilling Reign Build & Battle Box || Unreleased,"Bulbapedia (CC BY-NC-SA), 9/10/2026"
swshp,SWSH115,SWSH115,Passimian || Passimian [Staff],Chilling Reign Build & Battle Box,evento o torneo,Chilling Reign Build & Battle Box || Unreleased,"Bulbapedia (CC BY-NC-SA), 9/10/2026"
swshp,SWSH116,SWSH116,Morpeko,Chilling Reign Single Pack Blister,prodotto speciale,Chilling Reign Single Pack Blister,"Bulbapedia (CC BY-NC-SA), 9/10/2026"
swshp,SWSH117,SWSH117,Phanpy,Chilling Reign Single Pack Blister,prodotto speciale,Chilling Reign Single Pack Blister,"Bulbapedia (CC BY-NC-SA), 9/10/2026"
swshp,SWSH118,SWSH118,Eevee,Chilling Reign Three Pack Blister,prodotto speciale,Chilling Reign Three Pack Blister || Poké Ball Tin & Collector Chest 3-Pack,"Bulbapedia (CC BY-NC-SA), 9/10/2026"
swshp,SWSH119,SWSH119,Snorlax,Chilling Reign Three Pack Blister,prodotto speciale,Chilling Reign Three Pack Blister,"Bulbapedia (CC BY-NC-SA), 9/10/2026"
swshp,SWSH120,SWSH120,Marnie,Marnie Premium Tournament Collection,evento o torneo,Marnie Premium Tournament Collection,"Bulbapedia (CC BY-NC-SA), 9/10/2026"
swshp,SWSH121,SWSH121,Marnie,Marnie Premium Tournament Collection,evento o torneo,Marnie Premium Tournament Collection,"Bulbapedia (CC BY-NC-SA), 9/10/2026"
swshp,SWSH122,SWSH122,Flaaffy || Flaaffy [Staff],Evolving Skies Build & Battle Box,evento o torneo,Evolving Skies Build & Battle Box || Pokémon League distribution (early 2023),"Bulbapedia (CC BY-NC-SA), 9/10/2026"
swshp,SWSH123,SWSH123,Galarian Articuno || Galarian Articuno [Staff],Evolving Skies Build & Battle Box,evento o torneo,Evolving Skies Build & Battle Box || Pokémon League distribution (early 2023),"Bulbapedia (CC BY-NC-SA), 9/10/2026"
swshp,SWSH124,SWSH124,Galarian Zapdos || Galarian Zapdos [Staff],Evolving Skies Build & Battle Box,evento o torneo,Evolving Skies Build & Battle Box || Pokémon League distribution (early 2023),"Bulbapedia (CC BY-NC-SA), 9/10/2026"
swshp,SWSH125,SWSH125,Galarian Moltres || Galarian Moltres [Staff],Evolving Skies Build & Battle Box,evento o torneo,Evolving Skies Build & Battle Box || Pokémon League distribution (early 2023),"Bulbapedia (CC BY-NC-SA), 9/10/2026"
swshp,SWSH126,SWSH126,Galarian Slowpoke,Evolving Skies Single Pack Blister,prodotto speciale,Evolving Skies Single Pack Blister,"Bulbapedia (CC BY-NC-SA), 9/10/2026"
swshp,SWSH127,SWSH127,Eevee,Evolving Skies Single Pack Blister,prodotto speciale,Evolving Skies Single Pack Blister || Poké Ball Tin & Collector Chest 3-Pack,"Bulbapedia (CC BY-NC-SA), 9/10/2026"
swshp,SWSH128,SWSH128,Eiscue,Evolving Skies Three Pack Blister,prodotto speciale,Evolving Skies Three Pack Blister,"Bulbapedia (CC BY-NC-SA), 9/10/2026"
swshp,SWSH129,SWSH129,Umbreon,Evolving Skies Three Pack Blister,prodotto speciale,Evolving Skies Three Pack Blister,"Bulbapedia (CC BY-NC-SA), 9/10/2026"
swshp,SWSH130,SWSH130,Ice Rider Calyrex || Ice Rider Calyrex [Jumbo],Ice Rider Calyrex V Box,prodotto speciale,Ice Rider Calyrex V Box || Ice Rider Calyrex V Box,"Bulbapedia (CC BY-NC-SA), 9/10/2026"
swshp,SWSH131,SWSH131,Shadow Rider Calyrex || Shadow Rider Calyrex [Jumbo],Shadow Rider Calyrex V Box,prodotto speciale,Shadow Rider Calyrex V Box || Shadow Rider Calyrex V Box,"Bulbapedia (CC BY-NC-SA), 9/10/2026"
swshp,SWSH132,SWSH132,Dragapult,Celebrations Collection—Dragapult Prime,prodotto speciale,Celebrations Collection—Dragapult Prime || Celebrations Prime Collection,"Bulbapedia (CC BY-NC-SA), 9/10/2026"
swshp,SWSH133,SWSH133,Lance's Charizard,Celebrations Collection—Lance's Charizard V,prodotto speciale,Celebrations Collection—Lance's Charizard V || Celebrations Collection—V Memories || Celebrations Tins,"Bulbapedia (CC BY-NC-SA), 9/10/2026"
swshp,SWSH134,SWSH134,Dark Sylveon,Celebrations Collection—Dark Sylveon V,prodotto speciale,Celebrations Collection—Dark Sylveon V || Celebrations Collection—V Memories || Celebrations Tins,"Bulbapedia (CC BY-NC-SA), 9/10/2026"
swshp,SWSH135,SWSH135,Zacian LV.X,Celebrations Deluxe Pin Collection,prodotto speciale,Celebrations Deluxe Pin Collection,"Bulbapedia (CC BY-NC-SA), 9/10/2026"
swshp,SWSH136,SWSH136,Mimikyu δ,Celebrations Collector Chest,prodotto speciale,Celebrations Collector Chest,"Bulbapedia (CC BY-NC-SA), 9/10/2026"
swshp,SWSH137,SWSH137,Light Toxtricity,Celebrations Collector Chest,prodotto speciale,Celebrations Collector Chest,"Bulbapedia (CC BY-NC-SA), 9/10/2026"
swshp,SWSH138,SWSH138,Hydreigon,Celebrations Collector Chest,prodotto speciale,Celebrations Collector Chest,"Bulbapedia (CC BY-NC-SA), 9/10/2026"
swshp,SWSH139,SWSH139,Pikachu,Celebrations Special Collection—Pikachu V-UNION,prodotto speciale,Celebrations Special Collection—Pikachu V-UNION || Celebrations Premium Playmat Collection—Pikachu V-UNION,"Bulbapedia (CC BY-NC-SA), 9/10/2026"
swshp,SWSH140,SWSH140,Pikachu,Celebrations Special Collection—Pikachu V-UNION,prodotto speciale,Celebrations Special Collection—Pikachu V-UNION || Celebrations Premium Playmat Collection—Pikachu V-UNION,"Bulbapedia (CC BY-NC-SA), 9/10/2026"
swshp,SWSH141,SWSH141,Pikachu,Celebrations Special Collection—Pikachu V-UNION,prodotto speciale,Celebrations Special Collection—Pikachu V-UNION || Celebrations Premium Playmat Collection—Pikachu V-UNION,"Bulbapedia (CC BY-NC-SA), 9/10/2026"
swshp,SWSH142,SWSH142,Pikachu,Celebrations Special Collection—Pikachu V-UNION,prodotto speciale,Celebrations Special Collection—Pikachu V-UNION || Celebrations Premium Playmat Collection—Pikachu V-UNION,"Bulbapedia (CC BY-NC-SA), 9/10/2026"
swshp,SWSH143,SWSH143,Pikachu,Celebrations Premium Figure Collection—Pikachu VMAX,prodotto speciale,Celebrations Premium Figure Collection—Pikachu VMAX,"Bulbapedia (CC BY-NC-SA), 9/10/2026"
swshp,SWSH144,SWSH144,Greninja,Celebrations Elite Trainer Box,prodotto speciale,Celebrations Elite Trainer Box,"Bulbapedia (CC BY-NC-SA), 9/10/2026"
swshp,SWSH145,SWSH145,Pikachu,Celebrations Ultra-Premium Collection,prodotto speciale,Celebrations Ultra-Premium Collection,"Bulbapedia (CC BY-NC-SA), 9/10/2026"
swshp,SWSH146,SWSH146,Poké Ball,Celebrations Ultra-Premium Collection,prodotto speciale,Celebrations Ultra-Premium Collection,"Bulbapedia (CC BY-NC-SA), 9/10/2026"
swshp,SWSH147,SWSH147,Rayquaza,V Battle Deck—Rayquaza vs. Noivern,prodotto speciale,V Battle Deck—Rayquaza vs. Noivern,"Bulbapedia (CC BY-NC-SA), 9/10/2026"
swshp,SWSH148,SWSH148,Noivern,V Battle Deck—Rayquaza vs. Noivern,prodotto speciale,V Battle Deck—Rayquaza vs. Noivern,"Bulbapedia (CC BY-NC-SA), 9/10/2026"
swshp,SWSH149,SWSH149,Flareon,Eevee Evolutions Tins,prodotto speciale,Eevee Evolutions Tins || Eevee Evolutions Premium Collection,"Bulbapedia (CC BY-NC-SA), 9/10/2026"
swshp,SWSH150,SWSH150,Vaporeon,Eevee Evolutions Tins,prodotto speciale,Eevee Evolutions Tins || Eevee Evolutions Premium Collection,"Bulbapedia (CC BY-NC-SA), 9/10/2026"
swshp,SWSH151,SWSH151,Jolteon,Eevee Evolutions Tins,prodotto speciale,Eevee Evolutions Tins || Eevee Evolutions Premium Collection,"Bulbapedia (CC BY-NC-SA), 9/10/2026"
swshp,SWSH152,SWSH152,Professor's Research [Professor Juniper],Professor Juniper Premium Tournament Collection,evento o torneo,Professor Juniper Premium Tournament Collection,"Bulbapedia (CC BY-NC-SA), 9/10/2026"
swshp,SWSH153,SWSH153,Pikachu,Holiday Calendar 2022,prodotto speciale,Holiday Calendar 2022,"Bulbapedia (CC BY-NC-SA), 9/10/2026"
swshp,SWSH154,SWSH154,Dragonite,Dragonite V Box,prodotto speciale,Dragonite V Box,"Bulbapedia (CC BY-NC-SA), 9/10/2026"
swshp,SWSH155,SWSH155,Greninja,Greninja V-UNION Special Collection,prodotto speciale,Greninja V-UNION Special Collection,"Bulbapedia (CC BY-NC-SA), 9/10/2026"
swshp,SWSH156,SWSH156,Greninja,Greninja V-UNION Special Collection,prodotto speciale,Greninja V-UNION Special Collection,"Bulbapedia (CC BY-NC-SA), 9/10/2026"
swshp,SWSH157,SWSH157,Greninja,Greninja V-UNION Special Collection,prodotto speciale,Greninja V-UNION Special Collection,"Bulbapedia (CC BY-NC-SA), 9/10/2026"
swshp,SWSH158,SWSH158,Greninja,Greninja V-UNION Special Collection,prodotto speciale,Greninja V-UNION Special Collection,"Bulbapedia (CC BY-NC-SA), 9/10/2026"
swshp,SWSH159,SWSH159,Mewtwo,Mewtwo V-UNION Special Collection,prodotto speciale,Mewtwo V-UNION Special Collection,"Bulbapedia (CC BY-NC-SA), 9/10/2026"
swshp,SWSH160,SWSH160,Mewtwo,Mewtwo V-UNION Special Collection,prodotto speciale,Mewtwo V-UNION Special Collection,"Bulbapedia (CC BY-NC-SA), 9/10/2026"
swshp,SWSH161,SWSH161,Mewtwo,Mewtwo V-UNION Special Collection,prodotto speciale,Mewtwo V-UNION Special Collection,"Bulbapedia (CC BY-NC-SA), 9/10/2026"
swshp,SWSH162,SWSH162,Mewtwo,Mewtwo V-UNION Special Collection,prodotto speciale,Mewtwo V-UNION Special Collection,"Bulbapedia (CC BY-NC-SA), 9/10/2026"
swshp,SWSH163,SWSH163,Zacian,Zacian V-UNION Special Collection,prodotto speciale,Zacian V-UNION Special Collection,"Bulbapedia (CC BY-NC-SA), 9/10/2026"
swshp,SWSH164,SWSH164,Zacian,Zacian V-UNION Special Collection,prodotto speciale,Zacian V-UNION Special Collection,"Bulbapedia (CC BY-NC-SA), 9/10/2026"
swshp,SWSH165,SWSH165,Zacian,Zacian V-UNION Special Collection,prodotto speciale,Zacian V-UNION Special Collection,"Bulbapedia (CC BY-NC-SA), 9/10/2026"
swshp,SWSH166,SWSH166,Zacian,Zacian V-UNION Special Collection,prodotto speciale,Zacian V-UNION Special Collection,"Bulbapedia (CC BY-NC-SA), 9/10/2026"
swshp,SWSH167,SWSH167,Professor Burnet || Professor Burnet [25th Anniversary] || P,Greninja/Mewtwo/Zacian/Morpeko/Premium Playmat Morpeko V-UNION Collections,prodotto speciale,Greninja/Mewtwo/Zacian/Morpeko/Premium Playmat Morpeko V-UNION Collections || Pikachu V-UNION Collections || Professor Program promo,"Bulbapedia (CC BY-NC-SA), 9/10/2026"
swshp,SWSH168,SWSH168,Oricorio || Oricorio [Staff],Fusion Strike Build & Battle Box,evento o torneo,Fusion Strike Build & Battle Box || Unreleased,"Bulbapedia (CC BY-NC-SA), 9/10/2026"
swshp,SWSH169,SWSH169,Pyukumuku || Pyukumuku [Staff],Fusion Strike Build & Battle Box,evento o torneo,Fusion Strike Build & Battle Box || Unreleased,"Bulbapedia (CC BY-NC-SA), 9/10/2026"
swshp,SWSH170,SWSH170,Deoxys || Deoxys [Staff],Fusion Strike Build & Battle Box,evento o torneo,Fusion Strike Build & Battle Box || Unreleased,"Bulbapedia (CC BY-NC-SA), 9/10/2026"
swshp,SWSH171,SWSH171,Latias || Latias [Staff],Fusion Strike Build & Battle Box,evento o torneo,Fusion Strike Build & Battle Box || Unreleased,"Bulbapedia (CC BY-NC-SA), 9/10/2026"
swshp,SWSH172,SWSH172,Tepig,Fusion Strike Single Pack Blister,prodotto speciale,Fusion Strike Single Pack Blister,"Bulbapedia (CC BY-NC-SA), 9/10/2026"
swshp,SWSH173,SWSH173,Blitzle,Fusion Strike Single Pack Blister,prodotto speciale,Fusion Strike Single Pack Blister,"Bulbapedia (CC BY-NC-SA), 9/10/2026"
swshp,SWSH174,SWSH174,Espeon,Fusion Strike Three Pack Blister,prodotto speciale,Fusion Strike Three Pack Blister,"Bulbapedia (CC BY-NC-SA), 9/10/2026"
swshp,SWSH175,SWSH175,Eevee,Fusion Strike Three Pack Blister,prodotto speciale,Fusion Strike Three Pack Blister,"Bulbapedia (CC BY-NC-SA), 9/10/2026"
swshp,SWSH176,SWSH176,Hoopa || Hoopa [Jumbo],Hoopa V Box,prodotto speciale,Hoopa V Box || Hoopa V Box,"Bulbapedia (CC BY-NC-SA), 9/10/2026"
swshp,SWSH177,SWSH177,Special Delivery Bidoof,Bidoof Day Pokémon Center purchase campaign,Pokemon Center,Bidoof Day Pokémon Center purchase campaign,"Bulbapedia (CC BY-NC-SA), 9/10/2026"
swshp,SWSH178,SWSH178,Professor's Research [Professor Willow] || Professor's Resea,Pokémon GO 5th anniversary and Pokémon TCG 25th anniversary,altro,Pokémon GO 5th anniversary and Pokémon TCG 25th anniversary || Pokémon GO V Battle Deck—Mewtwo vs. Melmetal,"Bulbapedia (CC BY-NC-SA), 9/10/2026"
swshp,SWSH179,SWSH179,Flareon,Flareon VMAX Premium Collection,prodotto speciale,Flareon VMAX Premium Collection,"Bulbapedia (CC BY-NC-SA), 9/10/2026"
swshp,SWSH180,SWSH180,Flareon || Flareon [Jumbo],Flareon VMAX Premium Collection,prodotto speciale,Flareon VMAX Premium Collection || Flareon VMAX Premium Collection,"Bulbapedia (CC BY-NC-SA), 9/10/2026"
swshp,SWSH181,SWSH181,Vaporeon,Vaporeon VMAX Premium Collection,prodotto speciale,Vaporeon VMAX Premium Collection,"Bulbapedia (CC BY-NC-SA), 9/10/2026"
swshp,SWSH182,SWSH182,Vaporeon || Vaporeon [Jumbo],Vaporeon VMAX Premium Collection,prodotto speciale,Vaporeon VMAX Premium Collection || Vaporeon VMAX Premium Collection,"Bulbapedia (CC BY-NC-SA), 9/10/2026"
swshp,SWSH183,SWSH183,Jolteon,Jolteon VMAX Premium Collection,prodotto speciale,Jolteon VMAX Premium Collection,"Bulbapedia (CC BY-NC-SA), 9/10/2026"
swshp,SWSH184,SWSH184,Jolteon || Jolteon [Jumbo],Jolteon VMAX Premium Collection,prodotto speciale,Jolteon VMAX Premium Collection || Jolteon VMAX Premium Collection,"Bulbapedia (CC BY-NC-SA), 9/10/2026"
swshp,SWSH185,SWSH185,Moltres || Moltres [Staff],Brilliant Stars Build & Battle Box,evento o torneo,Brilliant Stars Build & Battle Box || Pokémon League distribution (early 2023),"Bulbapedia (CC BY-NC-SA), 9/10/2026"
swshp,SWSH186,SWSH186,Lucario || Lucario [Staff],Brilliant Stars Build & Battle Box,evento o torneo,Brilliant Stars Build & Battle Box || Pokémon League distribution (early 2023),"Bulbapedia (CC BY-NC-SA), 9/10/2026"
swshp,SWSH187,SWSH187,Liepard || Liepard [Staff],Brilliant Stars Build & Battle Box,evento o torneo,Brilliant Stars Build & Battle Box || Pokémon League distribution (early 2023),"Bulbapedia (CC BY-NC-SA), 9/10/2026"
swshp,SWSH188,SWSH188,Bibarel || Bibarel [Staff],Brilliant Stars Build & Battle Box,evento o torneo,Brilliant Stars Build & Battle Box || Pokémon League distribution (early 2023),"Bulbapedia (CC BY-NC-SA), 9/10/2026"
swshp,SWSH189,SWSH189,Flapple,Brilliant Stars Single Pack Blister,prodotto speciale,Brilliant Stars Single Pack Blister,"Bulbapedia (CC BY-NC-SA), 9/10/2026"
swshp,SWSH190,SWSH190,Eevee,Brilliant Stars Single Pack Blister,prodotto speciale,Brilliant Stars Single Pack Blister,"Bulbapedia (CC BY-NC-SA), 9/10/2026"
swshp,SWSH191,SWSH191,Leafeon,Brilliant Stars Three Pack Blister,prodotto speciale,Brilliant Stars Three Pack Blister,"Bulbapedia (CC BY-NC-SA), 9/10/2026"
swshp,SWSH192,SWSH192,Glaceon,Brilliant Stars Three Pack Blister,prodotto speciale,Brilliant Stars Three Pack Blister,"Bulbapedia (CC BY-NC-SA), 9/10/2026"
swshp,SWSH193,SWSH193,Galarian Obstagoon [Eevee Deck symbol] || Galarian Obstagoon,Battle Academy 2022,prodotto speciale,Battle Academy 2022 || Tutorial Deck at stores & events,"Bulbapedia (CC BY-NC-SA), 9/10/2026"
swshp,SWSH194,SWSH194,Leafeon,Leafeon VSTAR Special Collection,prodotto speciale,Leafeon VSTAR Special Collection || Eevee Evolutions Premium Collection,"Bulbapedia (CC BY-NC-SA), 9/10/2026"
swshp,SWSH195,SWSH195,Leafeon || Leafeon [Jumbo],Leafeon VSTAR Special Collection,prodotto speciale,Leafeon VSTAR Special Collection || Leafeon VSTAR Special Collection,"Bulbapedia (CC BY-NC-SA), 9/10/2026"
swshp,SWSH196,SWSH196,Glaceon,Glaceon VSTAR Special Collection,prodotto speciale,Glaceon VSTAR Special Collection || Eevee Evolutions Premium Collection,"Bulbapedia (CC BY-NC-SA), 9/10/2026"
swshp,SWSH197,SWSH197,Glaceon || Glaceon [Jumbo],Glaceon VSTAR Special Collection,prodotto speciale,Glaceon VSTAR Special Collection || Glaceon VSTAR Special Collection,"Bulbapedia (CC BY-NC-SA), 9/10/2026"
swshp,SWSH198,SWSH198,Pikachu || Pikachu [Jumbo],Pikachu V Box / Pikachu V Showcase,prodotto speciale,Pikachu V Box / Pikachu V Showcase || Pikachu V Box,"Bulbapedia (CC BY-NC-SA), 9/10/2026"
swshp,SWSH199,SWSH199,Lycanroc,V Battle Deck—Lycanroc vs. Corviknight,prodotto speciale,V Battle Deck—Lycanroc vs. Corviknight,"Bulbapedia (CC BY-NC-SA), 9/10/2026"
swshp,SWSH200,SWSH200,Corviknight,V Battle Deck—Lycanroc vs. Corviknight,prodotto speciale,V Battle Deck—Lycanroc vs. Corviknight,"Bulbapedia (CC BY-NC-SA), 9/10/2026"
swshp,SWSH201,SWSH201,Espeon,V Heroes Tins,prodotto speciale,V Heroes Tins || Eevee Evolutions Premium Collection,"Bulbapedia (CC BY-NC-SA), 9/10/2026"
swshp,SWSH202,SWSH202,Sylveon,V Heroes Tins,prodotto speciale,V Heroes Tins || Eevee Evolutions Premium Collection,"Bulbapedia (CC BY-NC-SA), 9/10/2026"
swshp,SWSH203,SWSH203,Umbreon,V Heroes Tins,prodotto speciale,V Heroes Tins || Eevee Evolutions Premium Collection,"Bulbapedia (CC BY-NC-SA), 9/10/2026"
swshp,SWSH204,SWSH204,Arceus,Arceus V Figure Collection,prodotto speciale,Arceus V Figure Collection,"Bulbapedia (CC BY-NC-SA), 9/10/2026"
swshp,SWSH205,SWSH205,Hisuian Basculegion || Hisuian Basculegion [Staff],Astral Radiance Build & Battle Box,evento o torneo,Astral Radiance Build & Battle Box || Pokémon League distribution (early 2023),"Bulbapedia (CC BY-NC-SA), 9/10/2026"
swshp,SWSH206,SWSH206,Wyrdeer || Wyrdeer [Staff],Astral Radiance Build & Battle Box,evento o torneo,Astral Radiance Build & Battle Box || Pokémon League distribution (early 2023),"Bulbapedia (CC BY-NC-SA), 9/10/2026"
swshp,SWSH207,SWSH207,Hisuian Samurott || Hisuian Samurott [Staff],Astral Radiance Build & Battle Box,evento o torneo,Astral Radiance Build & Battle Box || Pokémon League distribution (early 2023),"Bulbapedia (CC BY-NC-SA), 9/10/2026"
swshp,SWSH208,SWSH208,Magnezone || Magnezone [Staff],Astral Radiance Build & Battle Box,evento o torneo,Astral Radiance Build & Battle Box || Pokémon League distribution (early 2023),"Bulbapedia (CC BY-NC-SA), 9/10/2026"
swshp,SWSH209,SWSH209,Toxel,Astral Radiance Single Pack Blister,prodotto speciale,Astral Radiance Single Pack Blister,"Bulbapedia (CC BY-NC-SA), 9/10/2026"
swshp,SWSH210,SWSH210,Oricorio,Astral Radiance Single Pack Blister,prodotto speciale,Astral Radiance Single Pack Blister,"Bulbapedia (CC BY-NC-SA), 9/10/2026"
swshp,SWSH211,SWSH211,Sylveon,Astral Radiance Three Pack Blister,prodotto speciale,Astral Radiance Three Pack Blister,"Bulbapedia (CC BY-NC-SA), 9/10/2026"
swshp,SWSH212,SWSH212,Eevee,Astral Radiance Three Pack Blister,prodotto speciale,Astral Radiance Three Pack Blister,"Bulbapedia (CC BY-NC-SA), 9/10/2026"
swshp,SWSH213,SWSH213,Lucario,Lucario VSTAR Premium Collection,prodotto speciale,Lucario VSTAR Premium Collection,"Bulbapedia (CC BY-NC-SA), 9/10/2026"
swshp,SWSH214,SWSH214,Lucario || Lucario [Jumbo],Lucario VSTAR Premium Collection,prodotto speciale,Lucario VSTAR Premium Collection || Lucario VSTAR Premium Collection,"Bulbapedia (CC BY-NC-SA), 9/10/2026"
swshp,SWSH215,SWSH215,Morpeko,Morpeko V-UNION Special Collection,prodotto speciale,Morpeko V-UNION Special Collection,"Bulbapedia (CC BY-NC-SA), 9/10/2026"
swshp,SWSH216,SWSH216,Morpeko,Morpeko V-UNION Special Collection,prodotto speciale,Morpeko V-UNION Special Collection,"Bulbapedia (CC BY-NC-SA), 9/10/2026"
swshp,SWSH217,SWSH217,Morpeko,Morpeko V-UNION Special Collection,prodotto speciale,Morpeko V-UNION Special Collection,"Bulbapedia (CC BY-NC-SA), 9/10/2026"
swshp,SWSH218,SWSH218,Morpeko,Morpeko V-UNION Special Collection,prodotto speciale,Morpeko V-UNION Special Collection,"Bulbapedia (CC BY-NC-SA), 9/10/2026"
swshp,SWSH219,SWSH219,Boltund || Boltund [Jumbo],Boltund V Box / Boltund V Showcase,prodotto speciale,Boltund V Box / Boltund V Showcase || Boltund V Box,"Bulbapedia (CC BY-NC-SA), 9/10/2026"
swshp,SWSH220,SWSH220,Rowlet [Mirror Holofoil] || Rowlet [Cosmos Holofoil],Collector Bundle / Spring 2022 Collector Chest,prodotto speciale,Collector Bundle / Spring 2022 Collector Chest || Spring 2022 Collector Chest [2023 Rerelease],"Bulbapedia (CC BY-NC-SA), 9/10/2026"
swshp,SWSH221,SWSH221,Cyndaquil [Mirror Holofoil] || Cyndaquil [Cosmos Holofoil],Collector Bundle / Spring 2022 Collector Chest,prodotto speciale,Collector Bundle / Spring 2022 Collector Chest || Spring 2022 Collector Chest [2023 Rerelease],"Bulbapedia (CC BY-NC-SA), 9/10/2026"
swshp,SWSH222,SWSH222,Oshawott [Mirror Holofoil] || Oshawott [Cosmos Holofoil],Spring 2022 Collector Bundle / Spring 2022 Collector Chest,prodotto speciale,Spring 2022 Collector Bundle / Spring 2022 Collector Chest || Spring 2022 Collector Chest [2023 Rerelease],"Bulbapedia (CC BY-NC-SA), 9/10/2026"
swshp,SWSH223,SWSH223,Mewtwo,Pokémon GO V Battle Deck—Mewtwo vs. Melmetal,prodotto speciale,Pokémon GO V Battle Deck—Mewtwo vs. Melmetal,"Bulbapedia (CC BY-NC-SA), 9/10/2026"
swshp,SWSH224,SWSH224,Melmetal,Pokémon GO V Battle Deck—Mewtwo vs. Melmetal,prodotto speciale,Pokémon GO V Battle Deck—Mewtwo vs. Melmetal,"Bulbapedia (CC BY-NC-SA), 9/10/2026"
swshp,SWSH225,SWSH225,Alolan Exeggutor || Alolan Exeggutor [Jumbo],Pokémon GO Collection—Alolan Exeggutor V,prodotto speciale,Pokémon GO Collection—Alolan Exeggutor V || Pokémon GO Collection—Alolan Exeggutor V,"Bulbapedia (CC BY-NC-SA), 9/10/2026"
swshp,SWSH226,SWSH226,Spark || Spark [Jumbo],Pokémon GO Special Collection—Team Instinct,prodotto speciale,Pokémon GO Special Collection—Team Instinct || Pokémon GO Special Collection: Team Instinct (Portuguese only),"Bulbapedia (CC BY-NC-SA), 9/10/2026"
swshp,SWSH227,SWSH227,Blanche || Blanche [Jumbo],Pokémon GO Special Collection—Team Mystic,prodotto speciale,Pokémon GO Special Collection—Team Mystic || Pokémon GO Special Collection: Team Mystic (Portuguese only),"Bulbapedia (CC BY-NC-SA), 9/10/2026"
swshp,SWSH228,SWSH228,Candela || Candela [Jumbo],Pokémon GO Special Collection—Team Valor,prodotto speciale,Pokémon GO Special Collection—Team Valor || Pokémon GO Special Collection: Team Valor (Portuguese only),"Bulbapedia (CC BY-NC-SA), 9/10/2026"
swshp,SWSH229,SWSH229,Mewtwo,Pokémon GO Elite Trainer Box,prodotto speciale,Pokémon GO Elite Trainer Box,"Bulbapedia (CC BY-NC-SA), 9/10/2026"
swshp,SWSH230,SWSH230,Radiant Eevee || Radiant Eevee [Jumbo],Pokémon GO Premium Collection—Radiant Eevee,prodotto speciale,Pokémon GO Premium Collection—Radiant Eevee || Pokémon GO Radiant Eevee Premium Collection (Portuguese only),"Bulbapedia (CC BY-NC-SA), 9/10/2026"
swshp,SWSH231,SWSH231,Bulbasaur,Pokémon GO Pin Collection—Bulbasaur,prodotto speciale,Pokémon GO Pin Collection—Bulbasaur,"Bulbapedia (CC BY-NC-SA), 9/10/2026"
swshp,SWSH232,SWSH232,Charmander,Pokémon GO Pin Collection—Charmander,prodotto speciale,Pokémon GO Pin Collection—Charmander,"Bulbapedia (CC BY-NC-SA), 9/10/2026"
swshp,SWSH233,SWSH233,Squirtle,Pokémon GO Pin Collection—Squirtle,prodotto speciale,Pokémon GO Pin Collection—Squirtle,"Bulbapedia (CC BY-NC-SA), 9/10/2026"
swshp,SWSH234,SWSH234,Pikachu,Pokémon GO Tins,prodotto speciale,Pokémon GO Tins,"Bulbapedia (CC BY-NC-SA), 9/10/2026"
swshp,SWSH235,SWSH235,Dragonite,Pokémon GO Premier Deck Holder Collection—Dragonite VSTAR,prodotto speciale,Pokémon GO Premier Deck Holder Collection—Dragonite VSTAR,"Bulbapedia (CC BY-NC-SA), 9/10/2026"
swshp,SWSH236,SWSH236,Dragonite,Pokémon GO Premier Deck Holder Collection—Dragonite VSTAR,prodotto speciale,Pokémon GO Premier Deck Holder Collection—Dragonite VSTAR,"Bulbapedia (CC BY-NC-SA), 9/10/2026"
swshp,SWSH237,SWSH237,Hisuian Typhlosion,Divergent Powers Tins,prodotto speciale,Divergent Powers Tins,"Bulbapedia (CC BY-NC-SA), 9/10/2026"
swshp,SWSH238,SWSH238,Hisuian Decidueye,Divergent Powers Tins,prodotto speciale,Divergent Powers Tins,"Bulbapedia (CC BY-NC-SA), 9/10/2026"
swshp,SWSH239,SWSH239,Hisuian Samurott,Divergent Powers Tins,prodotto speciale,Divergent Powers Tins,"Bulbapedia (CC BY-NC-SA), 9/10/2026"
swshp,SWSH240,SWSH240,Finneon || Finneon [Staff],Lost Origin Build & Battle Box,evento o torneo,Lost Origin Build & Battle Box || Pokémon League distribution (early 2023),"Bulbapedia (CC BY-NC-SA), 9/10/2026"
swshp,SWSH241,SWSH241,Gengar || Gengar [Staff],Lost Origin Build & Battle Box,evento o torneo,Lost Origin Build & Battle Box || Pokémon League distribution (early 2023),"Bulbapedia (CC BY-NC-SA), 9/10/2026"
swshp,SWSH242,SWSH242,Comfey || Comfey [Staff],Lost Origin Build & Battle Box,evento o torneo,Lost Origin Build & Battle Box || Pokémon League distribution (early 2023),"Bulbapedia (CC BY-NC-SA), 9/10/2026"
swshp,SWSH243,SWSH243,Machamp || Machamp [Staff],Lost Origin Build & Battle Box,evento o torneo,Lost Origin Build & Battle Box || Pokémon League distribution (early 2023),"Bulbapedia (CC BY-NC-SA), 9/10/2026"
swshp,SWSH244,SWSH244,Scorbunny,Lost Origin Single Pack Blister,prodotto speciale,Lost Origin Single Pack Blister,"Bulbapedia (CC BY-NC-SA), 9/10/2026"
swshp,SWSH245,SWSH245,Croagunk,Lost Origin Single Pack Blister,prodotto speciale,Lost Origin Single Pack Blister,"Bulbapedia (CC BY-NC-SA), 9/10/2026"
swshp,SWSH246,SWSH246,Weavile,Lost Origin Three Pack Blister,prodotto speciale,Lost Origin Three Pack Blister,"Bulbapedia (CC BY-NC-SA), 9/10/2026"
swshp,SWSH247,SWSH247,Regigigas,Lost Origin Three Pack Blister,prodotto speciale,Lost Origin Three Pack Blister,"Bulbapedia (CC BY-NC-SA), 9/10/2026"
swshp,SWSH248,SWSH248,Kleavor,Kleavor VSTAR Premium Collection,prodotto speciale,Kleavor VSTAR Premium Collection,"Bulbapedia (CC BY-NC-SA), 9/10/2026"
swshp,SWSH249,SWSH249,Kleavor || Kleavor [Jumbo],Kleavor VSTAR Premium Collection,prodotto speciale,Kleavor VSTAR Premium Collection || Kleavor VSTAR Premium Collection,"Bulbapedia (CC BY-NC-SA), 9/10/2026"
swshp,SWSH250,SWSH250,Lumineon,Trainer's Toolkit 2022,prodotto speciale,Trainer's Toolkit 2022,"Bulbapedia (CC BY-NC-SA), 9/10/2026"
swshp,SWSH251,SWSH251,Boss's Orders [Cyrus],Cyrus Premium Tournament Collection,evento o torneo,Cyrus Premium Tournament Collection,"Bulbapedia (CC BY-NC-SA), 9/10/2026"
swshp,SWSH252,SWSH252,Infernape || Infernape [Jumbo],Infernape V Box / Infernape V Showcase,prodotto speciale,Infernape V Box / Infernape V Showcase || Infernape V Box,"Bulbapedia (CC BY-NC-SA), 9/10/2026"
swshp,SWSH253,SWSH253,Origin Forme Palkia,Origin Forme Palkia VSTAR Premium Collection,prodotto speciale,Origin Forme Palkia VSTAR Premium Collection,"Bulbapedia (CC BY-NC-SA), 9/10/2026"
swshp,SWSH254,SWSH254,Origin Forme Palkia || Origin Forme Palkia [Jumbo],Origin Forme Palkia VSTAR Premium Collection,prodotto speciale,Origin Forme Palkia VSTAR Premium Collection || Origin Forme Palkia VSTAR Premium Collection,"Bulbapedia (CC BY-NC-SA), 9/10/2026"
swshp,SWSH255,SWSH255,Origin Forme Dialga,Origin Forme Dialga VSTAR Premium Collection,prodotto speciale,Origin Forme Dialga VSTAR Premium Collection,"Bulbapedia (CC BY-NC-SA), 9/10/2026"
swshp,SWSH256,SWSH256,Origin Forme Dialga || Origin Forme Dialga [Jumbo],Origin Forme Dialga VSTAR Premium Collection,prodotto speciale,Origin Forme Dialga VSTAR Premium Collection || Origin Forme Dialga VSTAR Premium Collection,"Bulbapedia (CC BY-NC-SA), 9/10/2026"
swshp,SWSH257,SWSH257,Rotom,Hidden Potential Tins,prodotto speciale,Hidden Potential Tins,"Bulbapedia (CC BY-NC-SA), 9/10/2026"
swshp,SWSH258,SWSH258,Gallade,Hidden Potential Tins,prodotto speciale,Hidden Potential Tins,"Bulbapedia (CC BY-NC-SA), 9/10/2026"
swshp,SWSH259,SWSH259,Giratina,Hidden Potential Tins,prodotto speciale,Hidden Potential Tins,"Bulbapedia (CC BY-NC-SA), 9/10/2026"
swshp,SWSH260,SWSH260,Charizard,Sword & Shield Ultra-Premium Collection—Charizard,prodotto speciale,Sword & Shield Ultra-Premium Collection—Charizard,"Bulbapedia (CC BY-NC-SA), 9/10/2026"
swshp,SWSH261,SWSH261,Charizard,Sword & Shield Ultra-Premium Collection—Charizard,prodotto speciale,Sword & Shield Ultra-Premium Collection—Charizard,"Bulbapedia (CC BY-NC-SA), 9/10/2026"
swshp,SWSH262,SWSH262,Charizard,Sword & Shield Ultra-Premium Collection—Charizard,prodotto speciale,Sword & Shield Ultra-Premium Collection—Charizard,"Bulbapedia (CC BY-NC-SA), 9/10/2026"
swshp,SWSH263,SWSH263,Zeraora,V Battle Deck—Zeraora vs. Deoxys,prodotto speciale,V Battle Deck—Zeraora vs. Deoxys || Zeraora VMAX & VSTAR Battle Box,"Bulbapedia (CC BY-NC-SA), 9/10/2026"
swshp,SWSH264,SWSH264,Zeraora,Zeraora VMAX & VSTAR Battle Box,evento o torneo,Zeraora VMAX & VSTAR Battle Box,"Bulbapedia (CC BY-NC-SA), 9/10/2026"
swshp,SWSH265,SWSH265,Zeraora || Zeraora [Jumbo],Zeraora VMAX & VSTAR Battle Box,evento o torneo,Zeraora VMAX & VSTAR Battle Box || Zeraora VMAX & VSTAR Battle Box,"Bulbapedia (CC BY-NC-SA), 9/10/2026"
swshp,SWSH266,SWSH266,Deoxys,V Battle Deck—Zeraora vs. Deoxys,prodotto speciale,V Battle Deck—Zeraora vs. Deoxys || Deoxys VMAX & VSTAR Battle Box,"Bulbapedia (CC BY-NC-SA), 9/10/2026"
swshp,SWSH267,SWSH267,Deoxys,Deoxys VMAX & VSTAR Battle Box,evento o torneo,Deoxys VMAX & VSTAR Battle Box,"Bulbapedia (CC BY-NC-SA), 9/10/2026"
swshp,SWSH268,SWSH268,Deoxys || Deoxys [Jumbo],Deoxys VMAX & VSTAR Battle Box,evento o torneo,Deoxys VMAX & VSTAR Battle Box || Deoxys VMAX & VSTAR Battle Box,"Bulbapedia (CC BY-NC-SA), 9/10/2026"
swshp,SWSH269,SWSH269,Sunflora || Sunflora [Staff],Silver Tempest Build & Battle Box,evento o torneo,Silver Tempest Build & Battle Box || Silver Tempest Prerelease staff promo,"Bulbapedia (CC BY-NC-SA), 9/10/2026"
swshp,SWSH270,SWSH270,Rapidash || Rapidash [Staff],Silver Tempest Build & Battle Box,evento o torneo,Silver Tempest Build & Battle Box || Silver Tempest Prerelease staff promo,"Bulbapedia (CC BY-NC-SA), 9/10/2026"
swshp,SWSH271,SWSH271,Kirlia || Kirlia [Staff],Silver Tempest Build & Battle Box,evento o torneo,Silver Tempest Build & Battle Box || Silver Tempest Prerelease staff promo,"Bulbapedia (CC BY-NC-SA), 9/10/2026"
swshp,SWSH272,SWSH272,Archeops || Archeops [Staff],Silver Tempest Build & Battle Box,evento o torneo,Silver Tempest Build & Battle Box || Silver Tempest Prerelease staff promo,"Bulbapedia (CC BY-NC-SA), 9/10/2026"
swshp,SWSH273,SWSH273,Hisuian Basculin,Silver Tempest Single Pack Blister,prodotto speciale,Silver Tempest Single Pack Blister,"Bulbapedia (CC BY-NC-SA), 9/10/2026"
swshp,SWSH274,SWSH274,Cranidos,Silver Tempest Single Pack Blister,prodotto speciale,Silver Tempest Single Pack Blister,"Bulbapedia (CC BY-NC-SA), 9/10/2026"
swshp,SWSH275,SWSH275,Manaphy,Silver Tempest Three Pack Blister,prodotto speciale,Silver Tempest Three Pack Blister,"Bulbapedia (CC BY-NC-SA), 9/10/2026"
swshp,SWSH276,SWSH276,Togetic,Silver Tempest Three Pack Blister,prodotto speciale,Silver Tempest Three Pack Blister,"Bulbapedia (CC BY-NC-SA), 9/10/2026"
swshp,SWSH277,SWSH277,Rillaboom,Crown Zenith Pin Collection—Rillaboom,prodotto speciale,Crown Zenith Pin Collection—Rillaboom,"Bulbapedia (CC BY-NC-SA), 9/10/2026"
swshp,SWSH278,SWSH278,Cinderace,Crown Zenith Pin Collection—Cinderace,prodotto speciale,Crown Zenith Pin Collection—Cinderace,"Bulbapedia (CC BY-NC-SA), 9/10/2026"
swshp,SWSH279,SWSH279,Inteleon,Crown Zenith Pin Collection—Inteleon,prodotto speciale,Crown Zenith Pin Collection—Inteleon,"Bulbapedia (CC BY-NC-SA), 9/10/2026"
swshp,SWSH280,SWSH280,Regieleki || Regieleki [Jumbo],Crown Zenith Collection—Regieleki V,prodotto speciale,Crown Zenith Collection—Regieleki V || Crown Zenith Collection—Regieleki V,"Bulbapedia (CC BY-NC-SA), 9/10/2026"
swshp,SWSH281,SWSH281,Regidrago || Regidrago [Jumbo],Crown Zenith Collection—Regidrago V,prodotto speciale,Crown Zenith Collection—Regidrago V || Crown Zenith Collection—Regidrago V,"Bulbapedia (CC BY-NC-SA), 9/10/2026"
swshp,SWSH282,SWSH282,Galarian Articuno,Crown Zenith Tins,prodotto speciale,Crown Zenith Tins,"Bulbapedia (CC BY-NC-SA), 9/10/2026"
swshp,SWSH283,SWSH283,Galarian Zapdos,Crown Zenith Tins,prodotto speciale,Crown Zenith Tins,"Bulbapedia (CC BY-NC-SA), 9/10/2026"
swshp,SWSH284,SWSH284,Galarian Moltres,Crown Zenith Tins,prodotto speciale,Crown Zenith Tins,"Bulbapedia (CC BY-NC-SA), 9/10/2026"
swshp,SWSH285,SWSH285,Pikachu,Crown Zenith Special Collection—Pikachu VMAX,prodotto speciale,Crown Zenith Special Collection—Pikachu VMAX || Crown Zenith Premium Collection—Pikachu VMAX,"Bulbapedia (CC BY-NC-SA), 9/10/2026"
swshp,SWSH286,SWSH286,Pikachu || Pikachu [Jumbo],Crown Zenith Special Collection—Pikachu VMAX,prodotto speciale,Crown Zenith Special Collection—Pikachu VMAX || Crown Zenith Premium Collection—Pikachu VMAX,"Bulbapedia (CC BY-NC-SA), 9/10/2026"
swshp,SWSH287,SWSH287,Morpeko,Crown Zenith Premium Playmat Collection—Morpeko V-UNION,prodotto speciale,Crown Zenith Premium Playmat Collection—Morpeko V-UNION || Crown Zenith Premium Treasures Collection—Morpeko V-UNION,"Bulbapedia (CC BY-NC-SA), 9/10/2026"
swshp,SWSH288,SWSH288,Morpeko,Crown Zenith Premium Playmat Collection—Morpeko V-UNION,prodotto speciale,Crown Zenith Premium Playmat Collection—Morpeko V-UNION || Crown Zenith Premium Treasures Collection—Morpeko V-UNION,"Bulbapedia (CC BY-NC-SA), 9/10/2026"
swshp,SWSH289,SWSH289,Morpeko,Crown Zenith Premium Playmat Collection—Morpeko V-UNION,prodotto speciale,Crown Zenith Premium Playmat Collection—Morpeko V-UNION || Crown Zenith Premium Treasures Collection—Morpeko V-UNION,"Bulbapedia (CC BY-NC-SA), 9/10/2026"
swshp,SWSH290,SWSH290,Morpeko,Crown Zenith Premium Playmat Collection—Morpeko V-UNION,prodotto speciale,Crown Zenith Premium Playmat Collection—Morpeko V-UNION || Crown Zenith Premium Treasures Collection—Morpeko V-UNION,"Bulbapedia (CC BY-NC-SA), 9/10/2026"
swshp,SWSH291,SWSH291,Lucario,Crown Zenith Elite Trainer Box,prodotto speciale,Crown Zenith Elite Trainer Box,"Bulbapedia (CC BY-NC-SA), 9/10/2026"
swshp,SWSH292,SWSH292,Zacian || Zacian [Jumbo],Crown Zenith Premium Figure Collection—Shiny Zacian,prodotto speciale,Crown Zenith Premium Figure Collection—Shiny Zacian || Crown Zenith Shiny Zacian Special Collection (Portuguese only),"Bulbapedia (CC BY-NC-SA), 9/10/2026"
swshp,SWSH293,SWSH293,Zamazenta || Zamazenta [Jumbo],Crown Zenith Premium Figure Collection—Shiny Zamazenta,prodotto speciale,Crown Zenith Premium Figure Collection—Shiny Zamazenta || Crown Zenith Shiny Zamazenta Special Collection (Portuguese only),"Bulbapedia (CC BY-NC-SA), 9/10/2026"
swshp,SWSH294,SWSH294,Hisuian Electrode || Hisuian Electrode [Jumbo],Hisuian Electrode V Box,prodotto speciale,Hisuian Electrode V Box || Hisuian Electrode V Box,"Bulbapedia (CC BY-NC-SA), 9/10/2026"
swshp,SWSH295,SWSH295,Virizion || Virizion [Jumbo],Virizion V Box,prodotto speciale,Virizion V Box || Virizion V Box,"Bulbapedia (CC BY-NC-SA), 9/10/2026"
swshp,SWSH296,SWSH296,Champions Festival || Champions Festival [Staff] || Champion,2022 World Championships,evento o torneo,2022 World Championships,"Bulbapedia (CC BY-NC-SA), 9/10/2026"
swshp,SWSH297,SWSH297,Hisuian Zoroark || Hisuian Zoroark [Jumbo],Hisuian Zoroark VSTAR Premium Collection,prodotto speciale,Hisuian Zoroark VSTAR Premium Collection || Hisuian Zoroark VSTAR Premium Collection,"Bulbapedia (CC BY-NC-SA), 9/10/2026"
swshp,SWSH298,SWSH298,Hisuian Zoroark,Hisuian Zoroark VSTAR Premium Collection,prodotto speciale,Hisuian Zoroark VSTAR Premium Collection,"Bulbapedia (CC BY-NC-SA), 9/10/2026"
swshp,SWSH299,SWSH299,Jirachi || Jirachi [Jumbo],Jirachi V Box,prodotto speciale,Jirachi V Box || Jirachi V Box,"Bulbapedia (CC BY-NC-SA), 9/10/2026"
swshp,SWSH300,SWSH300,Unown,Crown Zenith Special Collection—Unown V & Lugia V,prodotto speciale,Crown Zenith Special Collection—Unown V & Lugia V,"Bulbapedia (CC BY-NC-SA), 9/10/2026"
swshp,SWSH301,SWSH301,Lugia || Lugia [Jumbo],Crown Zenith Special Collection—Unown V & Lugia V,prodotto speciale,Crown Zenith Special Collection—Unown V & Lugia V || Crown Zenith Special Collection—Unown V & Lugia V,"Bulbapedia (CC BY-NC-SA), 9/10/2026"
swshp,SWSH302,SWSH302,Klara,Klara Premium Tournament Collection,evento o torneo,Klara Premium Tournament Collection,"Bulbapedia (CC BY-NC-SA), 9/10/2026"
swshp,SWSH303,SWSH303,Bulbasaur,Pokémon Trading Card Game Illustration Contest 2022,altro,Pokémon Trading Card Game Illustration Contest 2022,"Bulbapedia (CC BY-NC-SA), 9/10/2026"
swshp,SWSH304,SWSH304,Arcanine,Pokémon Trading Card Game Illustration Contest 2022,altro,Pokémon Trading Card Game Illustration Contest 2022,"Bulbapedia (CC BY-NC-SA), 9/10/2026"
swshp,SWSH305,SWSH305,Greninja,Pokémon Trading Card Game Illustration Contest 2022,altro,Pokémon Trading Card Game Illustration Contest 2022,"Bulbapedia (CC BY-NC-SA), 9/10/2026"
swshp,SWSH306,SWSH306,Arceus,Trainer's Toolkit 2023,prodotto speciale,Trainer's Toolkit 2023,"Bulbapedia (CC BY-NC-SA), 9/10/2026"
swshp,SWSH307,SWSH307,Arceus,Trainer's Toolkit 2023,prodotto speciale,Trainer's Toolkit 2023,"Bulbapedia (CC BY-NC-SA), 9/10/2026"
svp,001,1,Sprigatito,Sprigatito Paldea Collection,prodotto speciale,Sprigatito Paldea Collection,"Bulbapedia (CC BY-NC-SA), 9/10/2026"
svp,002,2,Fuecoco,Fuecoco Paldea Collection,prodotto speciale,Fuecoco Paldea Collection,"Bulbapedia (CC BY-NC-SA), 9/10/2026"
svp,003,3,Quaxly,Quaxly Paldea Collection,prodotto speciale,Quaxly Paldea Collection,"Bulbapedia (CC BY-NC-SA), 9/10/2026"
svp,004,4,Mimikyu || Mimikyu [Jumbo],Mimikyu ex Box / Mimikyu ex Showcase,prodotto speciale,Mimikyu ex Box / Mimikyu ex Showcase || Mimikyu ex Box / Mimikyu ex Showcase,"Bulbapedia (CC BY-NC-SA), 9/10/2026"
svp,005,5,Quaquaval || Quaquaval [Staff],Scarlet & Violet Build & Battle Box,evento o torneo,Scarlet & Violet Build & Battle Box || Scarlet & Violet Prerelease staff promo,"Bulbapedia (CC BY-NC-SA), 9/10/2026"
svp,006,6,Pawmot || Pawmot [Staff],Scarlet & Violet Build & Battle Box,evento o torneo,Scarlet & Violet Build & Battle Box || Scarlet & Violet Prerelease staff promo,"Bulbapedia (CC BY-NC-SA), 9/10/2026"
svp,007,7,"Hawlucha [Non ""Scarlet & Violet"" stamp] || Hawlucha || Hawlu",Gift with purchase exclusive (Mexico) (Latin American Spanish only),campagna d'acquisto,Gift with purchase exclusive (Mexico) (Latin American Spanish only) || Scarlet & Violet Build & Battle Box || Scarlet & Violet Prerelease staff promo,"Bulbapedia (CC BY-NC-SA), 9/10/2026"
svp,008,8,Revavroom || Revavroom [Staff],Scarlet & Violet Build & Battle Box,evento o torneo,Scarlet & Violet Build & Battle Box || Scarlet & Violet Prerelease staff promo,"Bulbapedia (CC BY-NC-SA), 9/10/2026"
svp,009,9,Spidops,Scarlet & Violet Single Pack Blister,prodotto speciale,Scarlet & Violet Single Pack Blister,"Bulbapedia (CC BY-NC-SA), 9/10/2026"
svp,010,10,Espathra,Scarlet & Violet Single Pack Blister,prodotto speciale,Scarlet & Violet Single Pack Blister,"Bulbapedia (CC BY-NC-SA), 9/10/2026"
svp,011,11,Arcanine,Scarlet & Violet Three Pack Blister,prodotto speciale,Scarlet & Violet Three Pack Blister,"Bulbapedia (CC BY-NC-SA), 9/10/2026"
svp,012,12,Dondozo,Scarlet & Violet Three Pack Blister,prodotto speciale,Scarlet & Violet Three Pack Blister,"Bulbapedia (CC BY-NC-SA), 9/10/2026"
svp,013,13,Miraidon || Miraidon [Pokémon Center],Scarlet & Violet Elite Trainer Box (Miraidon),prodotto speciale,Scarlet & Violet Elite Trainer Box (Miraidon) || Scarlet & Violet Pokémon Center Elite Trainer Box (Miraidon),"Bulbapedia (CC BY-NC-SA), 9/10/2026"
svp,014,14,Koraidon || Koraidon [Pokémon Center],Scarlet & Violet Elite Trainer Box (Koraidon),prodotto speciale,Scarlet & Violet Elite Trainer Box (Koraidon) || Scarlet & Violet Pokémon Center Elite Trainer Box (Koraidon),"Bulbapedia (CC BY-NC-SA), 9/10/2026"
svp,015,15,Flaaffy,Ampharos ex Battle Deck,prodotto speciale,Ampharos ex Battle Deck,"Bulbapedia (CC BY-NC-SA), 9/10/2026"
svp,016,16,Ampharos,Ampharos ex Battle Deck,prodotto speciale,Ampharos ex Battle Deck,"Bulbapedia (CC BY-NC-SA), 9/10/2026"
svp,017,17,Lucario,Lucario ex Battle Deck,prodotto speciale,Lucario ex Battle Deck,"Bulbapedia (CC BY-NC-SA), 9/10/2026"
svp,018,18,Cyclizar || Cyclizar [Jumbo],Cyclizar ex Box,prodotto speciale,Cyclizar ex Box || Cyclizar ex Box,"Bulbapedia (CC BY-NC-SA), 9/10/2026"
svp,019,19,Baxcalibur || Baxcalibur [Staff],Paldea Evolved Build & Battle Box,evento o torneo,Paldea Evolved Build & Battle Box || Paldea Evolved Prerelease staff promo,"Bulbapedia (CC BY-NC-SA), 9/10/2026"
svp,020,20,Tinkaton || Tinkaton [Staff],Paldea Evolved Build & Battle Box,evento o torneo,Paldea Evolved Build & Battle Box || Paldea Evolved Prerelease staff promo,"Bulbapedia (CC BY-NC-SA), 9/10/2026"
svp,021,21,Murkrow || Murkrow [Staff],Paldea Evolved Build & Battle Box,evento o torneo,Paldea Evolved Build & Battle Box || Paldea Evolved Prerelease staff promo,"Bulbapedia (CC BY-NC-SA), 9/10/2026"
svp,022,22,Pelipper || Pelipper [Staff],Paldea Evolved Build & Battle Box,evento o torneo,Paldea Evolved Build & Battle Box || Paldea Evolved Prerelease staff promo,"Bulbapedia (CC BY-NC-SA), 9/10/2026"
svp,023,23,Smoliv,Paldea Evolved Single Pack Blister,prodotto speciale,Paldea Evolved Single Pack Blister,"Bulbapedia (CC BY-NC-SA), 9/10/2026"
svp,024,24,Growlithe,Paldea Evolved Single Pack Blister,prodotto speciale,Paldea Evolved Single Pack Blister,"Bulbapedia (CC BY-NC-SA), 9/10/2026"
svp,025,25,Tinkatink,Paldea Evolved Three Pack Blister,prodotto speciale,Paldea Evolved Three Pack Blister,"Bulbapedia (CC BY-NC-SA), 9/10/2026"
svp,026,26,Varoom,Paldea Evolved Three Pack Blister,prodotto speciale,Paldea Evolved Three Pack Blister,"Bulbapedia (CC BY-NC-SA), 9/10/2026"
svp,027,27,Pikachu || Pikachu [Pokémon Center],Paldea Evolved Elite Trainer Box,prodotto speciale,Paldea Evolved Elite Trainer Box || Paldea Evolved Pokémon Center Elite Trainer Box,"Bulbapedia (CC BY-NC-SA), 9/10/2026"
svp,028,28,Miraidon || Miraidon [Jumbo],Paldea Legends Tins,prodotto speciale,Paldea Legends Tins || Miraidon ex Collection (Portuguese only),"Bulbapedia (CC BY-NC-SA), 9/10/2026"
svp,029,29,Koraidon || Koraidon [Jumbo],Paldea Legends Tins,prodotto speciale,Paldea Legends Tins || Koraidon ex Collection (Portuguese only),"Bulbapedia (CC BY-NC-SA), 9/10/2026"
svp,030,30,Chien-Pao,Chien-Pao ex Battle Deck,prodotto speciale,Chien-Pao ex Battle Deck,"Bulbapedia (CC BY-NC-SA), 9/10/2026"
svp,031,31,Tinkaton,Tinkaton ex Battle Deck,prodotto speciale,Tinkaton ex Battle Deck,"Bulbapedia (CC BY-NC-SA), 9/10/2026"
svp,032,32,Annihilape,Annihilape ex Box,prodotto speciale,Annihilape ex Box,"Bulbapedia (CC BY-NC-SA), 9/10/2026"
svp,033,33,Meowscarada || Meowscarada [Jumbo],Paldea Partners Tins,prodotto speciale,Paldea Partners Tins || Meowscarada ex Collection (Portuguese only),"Bulbapedia (CC BY-NC-SA), 9/10/2026"
svp,034,34,Skeledirge || Skeledirge [Jumbo],Paldea Partners Tins,prodotto speciale,Paldea Partners Tins || Skeledirge ex Collection (Portuguese only),"Bulbapedia (CC BY-NC-SA), 9/10/2026"
svp,035,35,Quaquaval || Quaquaval [Jumbo],Paldea Partners Tins,prodotto speciale,Paldea Partners Tins || Quaquaval ex Collection (Portuguese only),"Bulbapedia (CC BY-NC-SA), 9/10/2026"
svp,036,36,Palafin || Palafin [Staff],Obsidian Flames Build & Battle Box,evento o torneo,Obsidian Flames Build & Battle Box || Obsidian Flames Prerelease staff promo,"Bulbapedia (CC BY-NC-SA), 9/10/2026"
svp,037,37,Cleffa || Cleffa [Staff],Obsidian Flames Build & Battle Box,evento o torneo,Obsidian Flames Build & Battle Box || Obsidian Flames Prerelease staff promo,"Bulbapedia (CC BY-NC-SA), 9/10/2026"
svp,038,38,Togekiss || Togekiss [Staff],Obsidian Flames Build & Battle Box,evento o torneo,Obsidian Flames Build & Battle Box || Obsidian Flames Prerelease staff promo,"Bulbapedia (CC BY-NC-SA), 9/10/2026"
svp,039,39,Mawile || Mawile [Staff],Obsidian Flames Build & Battle Box,evento o torneo,Obsidian Flames Build & Battle Box || Obsidian Flames Prerelease staff promo,"Bulbapedia (CC BY-NC-SA), 9/10/2026"
svp,040,40,Pawmi,Obsidian Flames Single Pack Blister,prodotto speciale,Obsidian Flames Single Pack Blister,"Bulbapedia (CC BY-NC-SA), 9/10/2026"
svp,041,41,Paldean Wooper,Obsidian Flames Single Pack Blister,prodotto speciale,Obsidian Flames Single Pack Blister,"Bulbapedia (CC BY-NC-SA), 9/10/2026"
svp,042,42,Houndstone,Obsidian Flames Three Pack Blister,prodotto speciale,Obsidian Flames Three Pack Blister,"Bulbapedia (CC BY-NC-SA), 9/10/2026"
svp,043,43,Eevee,Obsidian Flames Three Pack Blister,prodotto speciale,Obsidian Flames Three Pack Blister,"Bulbapedia (CC BY-NC-SA), 9/10/2026"
svp,044,44,Charmander || Charmander [Pokémon Center],Obsidian Flames Elite Trainer Box,prodotto speciale,Obsidian Flames Elite Trainer Box || Obsidian Flames Pokémon Center Elite Trainer Box,"Bulbapedia (CC BY-NC-SA), 9/10/2026"
svp,045,45,Paradise Resort || Paradise Resort [Staff] || Paradise Resor,2023 Pokémon World Championships,evento o torneo,2023 Pokémon World Championships,"Bulbapedia (CC BY-NC-SA), 9/10/2026"
svp,046,46,Bulbasaur,151 Poster Collection,prodotto speciale,151 Poster Collection || 151 Three Pack Blister*,"Bulbapedia (CC BY-NC-SA), 9/10/2026"
svp,047,47,Charmander,151 Poster Collection,prodotto speciale,151 Poster Collection || 151 Three Pack Blister*,"Bulbapedia (CC BY-NC-SA), 9/10/2026"
svp,048,48,Squirtle,151 Poster Collection,prodotto speciale,151 Poster Collection || 151 Three Pack Blister*,"Bulbapedia (CC BY-NC-SA), 9/10/2026"
svp,049,49,Zapdos || Zapdos [Jumbo],151 Collection—Zapdos ex,prodotto speciale,151 Collection—Zapdos ex || 151 Collection—Zapdos ex,"Bulbapedia (CC BY-NC-SA), 9/10/2026"
svp,050,50,Alakazam || Alakazam [Jumbo],151 Collection—Alakazam ex,prodotto speciale,151 Collection—Alakazam ex || 151 Alakazam ex Collection (Portuguese only),"Bulbapedia (CC BY-NC-SA), 9/10/2026"
svp,051,51,Snorlax || Snorlax [Pokémon Center],151 Elite Trainer Box,prodotto speciale,151 Elite Trainer Box || 151 Pokémon Center Elite Trainer Box,"Bulbapedia (CC BY-NC-SA), 9/10/2026"
svp,052,52,Mewtwo,151 Ultra-Premium Collection,prodotto speciale,151 Ultra-Premium Collection,"Bulbapedia (CC BY-NC-SA), 9/10/2026"
svp,053,53,Mew,151 Ultra-Premium Collection,prodotto speciale,151 Ultra-Premium Collection,"Bulbapedia (CC BY-NC-SA), 9/10/2026"
svp,054,54,Greninja || Greninja [Jumbo],Greninja ex Battle Deck,prodotto speciale,Greninja ex Battle Deck || Shrouded Fable Greninja ex Special Illustration Collection (Portuguese only),"Bulbapedia (CC BY-NC-SA), 9/10/2026"
svp,055,55,Kangaskhan,Kangaskhan ex Battle Deck,prodotto speciale,Kangaskhan ex Battle Deck,"Bulbapedia (CC BY-NC-SA), 9/10/2026"
svp,056,56,Charizard,Charizard ex Premium Collection,prodotto speciale,Charizard ex Premium Collection,"Bulbapedia (CC BY-NC-SA), 9/10/2026"
svp,057,57,Chi-Yu || Chi-Yu [Staff],Paradox Rift Build & Battle Box,evento o torneo,Paradox Rift Build & Battle Box || Paradox Rift Prerelease staff promo,"Bulbapedia (CC BY-NC-SA), 9/10/2026"
svp,058,58,Iron Bundle || Iron Bundle [Staff],Paradox Rift Build & Battle Box,evento o torneo,Paradox Rift Build & Battle Box || Paradox Rift Prerelease staff promo,"Bulbapedia (CC BY-NC-SA), 9/10/2026"
svp,059,59,Xatu || Xatu [Staff],Paradox Rift Build & Battle Box,evento o torneo,Paradox Rift Build & Battle Box || Paradox Rift Prerelease staff promo,"Bulbapedia (CC BY-NC-SA), 9/10/2026"
svp,060,60,Aegislash || Aegislash [Staff],Paradox Rift Build & Battle Box,evento o torneo,Paradox Rift Build & Battle Box || Paradox Rift Prerelease staff promo,"Bulbapedia (CC BY-NC-SA), 9/10/2026"
svp,061,61,Pineco,Paradox Rift Single Pack Blister,prodotto speciale,Paradox Rift Single Pack Blister,"Bulbapedia (CC BY-NC-SA), 9/10/2026"
svp,062,62,Sinistea,Paradox Rift Single Pack Blister,prodotto speciale,Paradox Rift Single Pack Blister,"Bulbapedia (CC BY-NC-SA), 9/10/2026"
svp,063,63,Cetitan,Paradox Rift Three Pack Blister,prodotto speciale,Paradox Rift Three Pack Blister,"Bulbapedia (CC BY-NC-SA), 9/10/2026"
svp,064,64,Arctibax,Paradox Rift Three Pack Blister,prodotto speciale,Paradox Rift Three Pack Blister,"Bulbapedia (CC BY-NC-SA), 9/10/2026"
svp,065,65,Scream Tail || Scream Tail [Pokémon Center],Paradox Rift Elite Trainer Box (Roaring Moon),prodotto speciale,Paradox Rift Elite Trainer Box (Roaring Moon) || Paradox Rift Pokémon Center Elite Trainer Box (Roaring Moon),"Bulbapedia (CC BY-NC-SA), 9/10/2026"
svp,066,66,Iron Bundle || Iron Bundle [Pokémon Center],Paradox Rift Elite Trainer Box (Iron Valiant),prodotto speciale,Paradox Rift Elite Trainer Box (Iron Valiant) || Paradox Rift Pokémon Center Elite Trainer Box (Iron Valiant),"Bulbapedia (CC BY-NC-SA), 9/10/2026"
svp,067,67,Roaring Moon || Roaring Moon [Jumbo],Roaring Moon ex Box,prodotto speciale,Roaring Moon ex Box || Roaring Moon ex Box,"Bulbapedia (CC BY-NC-SA), 9/10/2026"
svp,068,68,Iron Valiant || Iron Valiant [Jumbo],Iron Valiant ex Box,prodotto speciale,Iron Valiant ex Box || Iron Valiant ex Box,"Bulbapedia (CC BY-NC-SA), 9/10/2026"
svp,069,69,Fidough,Paldean Fates Tech Sticker Collections,prodotto speciale,Paldean Fates Tech Sticker Collections || Paldean Fates Three Pack Blister*,"Bulbapedia (CC BY-NC-SA), 9/10/2026"
svp,070,70,Greavard,Paldean Fates Tech Sticker Collections,prodotto speciale,Paldean Fates Tech Sticker Collections || Paldean Fates Three Pack Blister*,"Bulbapedia (CC BY-NC-SA), 9/10/2026"
svp,071,71,Maschiff,Paldean Fates Tech Sticker Collections,prodotto speciale,Paldean Fates Tech Sticker Collections || Paldean Fates Three Pack Blister*,"Bulbapedia (CC BY-NC-SA), 9/10/2026"
svp,072,72,Great Tusk || Great Tusk [Paldean Fates stamp] || Great Tusk,Paldean Fates Tins,prodotto speciale,Paldean Fates Tins || Great Tusk ex & Iron Treads ex Premium Collection || Great Tusk ex & Iron Treads ex Premium Collection || Shiny Great Tusk ex Collection (Portuguese only),"Bulbapedia (CC BY-NC-SA), 9/10/2026"
svp,073,73,Iron Treads || Iron Treads [Paldean Fates stamp] || Iron Tre,Paldean Fates Tins,prodotto speciale,Paldean Fates Tins || Great Tusk ex & Iron Treads ex Premium Collection || Shiny Iron Treads ex Collection (Portuguese only),"Bulbapedia (CC BY-NC-SA), 9/10/2026"
svp,074,74,Charizard || Charizard [Jumbo],Paldean Fates Tins,prodotto speciale,Paldean Fates Tins || Shiny Charizard ex Collection (Portuguese only),"Bulbapedia (CC BY-NC-SA), 9/10/2026"
svp,075,75,Mimikyu || Mimikyu [Pokémon Center],Paldean Fates Elite Trainer Box,prodotto speciale,Paldean Fates Elite Trainer Box || Paldean Fates Pokémon Center Elite Trainer Box,"Bulbapedia (CC BY-NC-SA), 9/10/2026"
svp,076,76,Sprigatito,Paldean Fates Meowscarada ex Premium Collection,prodotto speciale,Paldean Fates Meowscarada ex Premium Collection,"Bulbapedia (CC BY-NC-SA), 9/10/2026"
svp,077,77,Floragato,Paldean Fates Meowscarada ex Premium Collection,prodotto speciale,Paldean Fates Meowscarada ex Premium Collection,"Bulbapedia (CC BY-NC-SA), 9/10/2026"
svp,078,78,Meowscarada || Meowscarada [Jumbo],Paldean Fates Meowscarada ex Premium Collection,prodotto speciale,Paldean Fates Meowscarada ex Premium Collection || Paldean Fates Meowscarada ex Premium Collection,"Bulbapedia (CC BY-NC-SA), 9/10/2026"
svp,079,79,Fuecoco,Paldean Fates Skeledirge ex Premium Collection,prodotto speciale,Paldean Fates Skeledirge ex Premium Collection,"Bulbapedia (CC BY-NC-SA), 9/10/2026"
svp,080,80,Crocalor,Paldean Fates Skeledirge ex Premium Collection,prodotto speciale,Paldean Fates Skeledirge ex Premium Collection,"Bulbapedia (CC BY-NC-SA), 9/10/2026"
svp,081,81,Skeledirge || Skeledirge [Jumbo],Paldean Fates Skeledirge ex Premium Collection,prodotto speciale,Paldean Fates Skeledirge ex Premium Collection || Paldean Fates Skeledirge ex Premium Collection,"Bulbapedia (CC BY-NC-SA), 9/10/2026"
svp,082,82,Quaxly,Paldean Fates Quaquaval ex Premium Collection,prodotto speciale,Paldean Fates Quaquaval ex Premium Collection,"Bulbapedia (CC BY-NC-SA), 9/10/2026"
svp,083,83,Quaxwell,Paldean Fates Quaquaval ex Premium Collection,prodotto speciale,Paldean Fates Quaquaval ex Premium Collection,"Bulbapedia (CC BY-NC-SA), 9/10/2026"
svp,084,84,Quaquaval || Quaquaval [Jumbo],Paldean Fates Quaquaval ex Premium Collection,prodotto speciale,Paldean Fates Quaquaval ex Premium Collection || Paldean Fates Quaquaval ex Premium Collection,"Bulbapedia (CC BY-NC-SA), 9/10/2026"
svp,085,85,Pikachu with Grey Felt Hat,"""Pokémon x Van Gogh"" collaboration",altro,"""Pokémon x Van Gogh"" collaboration","Bulbapedia (CC BY-NC-SA), 9/10/2026"
svp,086,86,Mabosstiff || Mabosstiff [Jumbo],Mabosstiff ex Box,prodotto speciale,Mabosstiff ex Box || Mabosstiff ex Box,"Bulbapedia (CC BY-NC-SA), 9/10/2026"
svp,087,87,Sprigatito,Paldea Adventure Chest,prodotto speciale,Paldea Adventure Chest,"Bulbapedia (CC BY-NC-SA), 9/10/2026"
svp,088,88,Pikachu,Paldea Adventure Chest,prodotto speciale,Paldea Adventure Chest,"Bulbapedia (CC BY-NC-SA), 9/10/2026"
svp,089,89,Feraligatr || Feraligatr [Staff],Temporal Forces Build & Battle Box,evento o torneo,Temporal Forces Build & Battle Box || Temporal Forces Prerelease staff promo,"Bulbapedia (CC BY-NC-SA), 9/10/2026"
svp,090,90,Metang || Metang [Staff],Temporal Forces Build & Battle Box,evento o torneo,Temporal Forces Build & Battle Box || Temporal Forces Prerelease staff promo,"Bulbapedia (CC BY-NC-SA), 9/10/2026"
svp,091,91,Koraidon || Koraidon [Staff],Temporal Forces Build & Battle Box,evento o torneo,Temporal Forces Build & Battle Box || Temporal Forces Prerelease staff promo,"Bulbapedia (CC BY-NC-SA), 9/10/2026"
svp,092,92,Miraidon || Miraidon [Staff],Temporal Forces Build & Battle Box,evento o torneo,Temporal Forces Build & Battle Box || Temporal Forces Prerelease staff promo,"Bulbapedia (CC BY-NC-SA), 9/10/2026"
svp,093,93,Carvanha,Temporal Forces Single Pack Blister,prodotto speciale,Temporal Forces Single Pack Blister,"Bulbapedia (CC BY-NC-SA), 9/10/2026"
svp,094,94,Bellibolt,Temporal Forces Single Pack Blister,prodotto speciale,Temporal Forces Single Pack Blister,"Bulbapedia (CC BY-NC-SA), 9/10/2026"
svp,095,95,Cleffa,Temporal Forces Three Pack Blister,prodotto speciale,Temporal Forces Three Pack Blister,"Bulbapedia (CC BY-NC-SA), 9/10/2026"
svp,096,96,Cyclizar,Temporal Forces Three Pack Blister,prodotto speciale,Temporal Forces Three Pack Blister,"Bulbapedia (CC BY-NC-SA), 9/10/2026"
svp,097,97,Flutter Mane || Flutter Mane [Pokémon Center],Temporal Forces Elite Trainer Box (Walking Wake),prodotto speciale,Temporal Forces Elite Trainer Box (Walking Wake) || Temporal Forces Pokémon Center Elite Trainer Box (Walking Wake),"Bulbapedia (CC BY-NC-SA), 9/10/2026"
svp,098,98,Iron Thorns || Iron Thorns [Pokémon Center],Temporal Forces Elite Trainer Box (Iron Leaves),prodotto speciale,Temporal Forces Elite Trainer Box (Iron Leaves) || Temporal Forces Pokémon Center Elite Trainer Box (Iron Leaves),"Bulbapedia (CC BY-NC-SA), 9/10/2026"
svp,099,99,Shroodle,Grafaiai ex Box,prodotto speciale,Grafaiai ex Box,"Bulbapedia (CC BY-NC-SA), 9/10/2026"
svp,100,100,Grafaiai || Grafaiai [Jumbo],Grafaiai ex Box,prodotto speciale,Grafaiai ex Box || Grafaiai ex Box,"Bulbapedia (CC BY-NC-SA), 9/10/2026"
svp,101,101,Pikachu [Asia Championship Series] || Pikachu [Play! Pokémon,Asia Championship Series 2023-24,evento o torneo,Asia Championship Series 2023-24 || November 2023 Play! Pokémon attendance reward,"Bulbapedia (CC BY-NC-SA), 9/10/2026"
svp,102,102,Oddish,Paradox Rift marketing kit,prodotto speciale,Paradox Rift marketing kit,"Bulbapedia (CC BY-NC-SA), 9/10/2026"
svp,103,103,Houndoom,Houndoom ex Battle Deck,prodotto speciale,Houndoom ex Battle Deck,"Bulbapedia (CC BY-NC-SA), 9/10/2026"
svp,104,104,Melmetal,Melmetal ex Battle Deck,prodotto speciale,Melmetal ex Battle Deck,"Bulbapedia (CC BY-NC-SA), 9/10/2026"
svp,105,105,"Armarouge [""60"" Armarouge Deck]",Battle Academy 2024: Armarouge Deck,prodotto speciale,Battle Academy 2024: Armarouge Deck,"Bulbapedia (CC BY-NC-SA), 9/10/2026"
svp,106,106,"Pikachu [""60"" Pikachu Deck]",Battle Academy 2024: Pikachu Deck,prodotto speciale,Battle Academy 2024: Pikachu Deck,"Bulbapedia (CC BY-NC-SA), 9/10/2026"
svp,107,107,"Mareep [""2"" Pikachu Deck] || Mareep [""19"" Pikachu Deck] || M",Battle Academy 2024: Pikachu Deck,prodotto speciale,Battle Academy 2024: Pikachu Deck,"Bulbapedia (CC BY-NC-SA), 9/10/2026"
svp,108,108,"Flaaffy [""5"" Pikachu Deck] || Flaaffy [""37"" Pikachu Deck] ||",Battle Academy 2024: Pikachu Deck,prodotto speciale,Battle Academy 2024: Pikachu Deck,"Bulbapedia (CC BY-NC-SA), 9/10/2026"
svp,109,109,"Ampharos [""28"" Pikachu Deck] || Ampharos [""47"" Pikachu Deck]",Battle Academy 2024: Pikachu Deck,prodotto speciale,Battle Academy 2024: Pikachu Deck,"Bulbapedia (CC BY-NC-SA), 9/10/2026"
svp,110,110,Darkrai [Darkrai Deck],Battle Academy 2024: Darkrai Deck,prodotto speciale,Battle Academy 2024: Darkrai Deck,"Bulbapedia (CC BY-NC-SA), 9/10/2026"
svp,111,111,Pawniard [Darkrai Deck],Battle Academy 2024: Darkrai Deck,prodotto speciale,Battle Academy 2024: Darkrai Deck,"Bulbapedia (CC BY-NC-SA), 9/10/2026"
svp,112,112,Bisharp [Darkrai Deck],Battle Academy 2024: Darkrai Deck,prodotto speciale,Battle Academy 2024: Darkrai Deck,"Bulbapedia (CC BY-NC-SA), 9/10/2026"
svp,113,113,Kingambit [Darkrai Deck],Battle Academy 2024: Darkrai Deck,prodotto speciale,Battle Academy 2024: Darkrai Deck,"Bulbapedia (CC BY-NC-SA), 9/10/2026"
svp,114,114,"Picnicker || Picnicker [""34"" Armarouge Deck] || Picnicker [""",Twilight Masquerade Build & Battle Box,evento o torneo,Twilight Masquerade Build & Battle Box || Battle Academy 2024: Armarouge Deck || Battle Academy 2024: Armarouge Deck || Battle Academy 2024: Pikachu Deck || Battle Academy 2024: Pikachu Deck || Battle Academy 2024: Darkrai Deck,"Bulbapedia (CC BY-NC-SA), 9/10/2026"
svp,115,115,Thwackey || Thwackey [Staff],Twilight Masquerade Build & Battle Box,evento o torneo,Twilight Masquerade Build & Battle Box || Twilight Masquerade Prerelease staff promo,"Bulbapedia (CC BY-NC-SA), 9/10/2026"
svp,116,116,Infernape || Infernape [Staff],Twilight Masquerade Build & Battle Box,evento o torneo,Twilight Masquerade Build & Battle Box || Twilight Masquerade Prerelease staff promo,"Bulbapedia (CC BY-NC-SA), 9/10/2026"
svp,117,117,Froslass || Froslass [Staff],Twilight Masquerade Build & Battle Box,evento o torneo,Twilight Masquerade Build & Battle Box || Twilight Masquerade Prerelease staff promo,"Bulbapedia (CC BY-NC-SA), 9/10/2026"
svp,118,118,Tatsugiri || Tatsugiri [Staff],Twilight Masquerade Build & Battle Box,evento o torneo,Twilight Masquerade Build & Battle Box || Twilight Masquerade Prerelease staff promo,"Bulbapedia (CC BY-NC-SA), 9/10/2026"
svp,119,119,Toxel,Twilight Masquerade Single Pack Blister,prodotto speciale,Twilight Masquerade Single Pack Blister,"Bulbapedia (CC BY-NC-SA), 9/10/2026"
svp,120,120,Pupitar,Twilight Masquerade Single Pack Blister,prodotto speciale,Twilight Masquerade Single Pack Blister,"Bulbapedia (CC BY-NC-SA), 9/10/2026"
svp,121,121,Revavroom,Twilight Masquerade Three Pack Blister,prodotto speciale,Twilight Masquerade Three Pack Blister,"Bulbapedia (CC BY-NC-SA), 9/10/2026"
svp,122,122,Snorlax,Twilight Masquerade Three Pack Blister,prodotto speciale,Twilight Masquerade Three Pack Blister,"Bulbapedia (CC BY-NC-SA), 9/10/2026"
svp,123,123,Teal Mask Ogerpon || Teal Mask Ogerpon [Pokémon Center],Twilight Masquerade Elite Trainer Box,prodotto speciale,Twilight Masquerade Elite Trainer Box || Twilight Masquerade Pokémon Center Elite Trainer Box,"Bulbapedia (CC BY-NC-SA), 9/10/2026"
svp,124,124,Iono,Iono Premium Tournament Collection,evento o torneo,Iono Premium Tournament Collection,"Bulbapedia (CC BY-NC-SA), 9/10/2026"
svp,125,125,Armarouge || Armarouge [Jumbo],Armarouge ex Premium Collection,prodotto speciale,Armarouge ex Premium Collection || Armarouge ex Collection (Portuguese only),"Bulbapedia (CC BY-NC-SA), 9/10/2026"
svp,126,126,Palafin || Palafin [Jumbo],Palafin ex Box,prodotto speciale,Palafin ex Box || Palafin ex box,"Bulbapedia (CC BY-NC-SA), 9/10/2026"
svp,127,127,Walking Wake,Paradox Clash Tins,prodotto speciale,Paradox Clash Tins,"Bulbapedia (CC BY-NC-SA), 9/10/2026"
svp,128,128,Iron Leaves,Paradox Clash Tins,prodotto speciale,Paradox Clash Tins,"Bulbapedia (CC BY-NC-SA), 9/10/2026"
svp,129,129,Pecharunt || Pecharunt [Pokémon Center],Shrouded Fable Elite Trainer Box,prodotto speciale,Shrouded Fable Elite Trainer Box || Shrouded Fable Pokémon Center Elite Trainer Box,"Bulbapedia (CC BY-NC-SA), 9/10/2026"
svp,130,130,Kingambit,Shrouded Fable Kingambit Illustration Collection,prodotto speciale,Shrouded Fable Kingambit Illustration Collection,"Bulbapedia (CC BY-NC-SA), 9/10/2026"
svp,131,131,Kingdra,Shrouded Fable Kingdra ex Special Illustration Collection,prodotto speciale,Shrouded Fable Kingdra ex Special Illustration Collection,"Bulbapedia (CC BY-NC-SA), 9/10/2026"
svp,132,132,Greninja,Shrouded Fable Greninja ex Special Illustration Collection,prodotto speciale,Shrouded Fable Greninja ex Special Illustration Collection,"Bulbapedia (CC BY-NC-SA), 9/10/2026"
svp,133,133,Ledian || Ledian [Staff],Stellar Crown Build & Battle Box,evento o torneo,Stellar Crown Build & Battle Box || Stellar Crown Prerelease staff promo,"Bulbapedia (CC BY-NC-SA), 9/10/2026"
svp,134,134,Crabominable || Crabominable [Staff],Stellar Crown Build & Battle Box,evento o torneo,Stellar Crown Build & Battle Box || Stellar Crown Prerelease staff promo,"Bulbapedia (CC BY-NC-SA), 9/10/2026"
svp,135,135,Drifblim || Drifblim [Staff],Stellar Crown Build & Battle Box,evento o torneo,Stellar Crown Build & Battle Box || Stellar Crown Prerelease staff promo,"Bulbapedia (CC BY-NC-SA), 9/10/2026"
svp,136,136,Bouffalant || Bouffalant [Staff],Stellar Crown Build & Battle Box,evento o torneo,Stellar Crown Build & Battle Box || Stellar Crown Prerelease staff promo,"Bulbapedia (CC BY-NC-SA), 9/10/2026"
svp,137,137,Horsea,Stellar Crown Single Pack Blister,prodotto speciale,Stellar Crown Single Pack Blister,"Bulbapedia (CC BY-NC-SA), 9/10/2026"
svp,138,138,Porygon2,Stellar Crown Single Pack Blister,prodotto speciale,Stellar Crown Single Pack Blister,"Bulbapedia (CC BY-NC-SA), 9/10/2026"
svp,139,139,Latias,Stellar Crown Three Pack Blister,prodotto speciale,Stellar Crown Three Pack Blister,"Bulbapedia (CC BY-NC-SA), 9/10/2026"
svp,140,140,Tinkaton,Stellar Crown Three Pack Blister,prodotto speciale,Stellar Crown Three Pack Blister,"Bulbapedia (CC BY-NC-SA), 9/10/2026"
svp,141,141,Noctowl || Noctowl [Pokémon Center],Stellar Crown Elite Trainer Box,prodotto speciale,Stellar Crown Elite Trainer Box || Stellar Crown Pokémon Center Elite Trainer Box,"Bulbapedia (CC BY-NC-SA), 9/10/2026"
svp,142,142,Victini,Victini ex Battle Deck,prodotto speciale,Victini ex Battle Deck,"Bulbapedia (CC BY-NC-SA), 9/10/2026"
svp,143,143,Miraidon,Miraidon ex Battle Deck,prodotto speciale,Miraidon ex Battle Deck,"Bulbapedia (CC BY-NC-SA), 9/10/2026"
svp,144,144,Gouging Fire || Gouging Fire [Jumbo],Paradox Destinies Tins,prodotto speciale,Paradox Destinies Tins || Paradox Destinies Collections (Portuguese only),"Bulbapedia (CC BY-NC-SA), 9/10/2026"
svp,145,145,Raging Bolt || Raging Bolt [Jumbo],Paradox Destinies Tins,prodotto speciale,Paradox Destinies Tins || Paradox Destinies Collections (Portuguese only),"Bulbapedia (CC BY-NC-SA), 9/10/2026"
svp,146,146,Iron Crown || Iron Crown [Jumbo],Paradox Destinies Tins,prodotto speciale,Paradox Destinies Tins || Paradox Destinies Collections (Portuguese only),"Bulbapedia (CC BY-NC-SA), 9/10/2026"
svp,147,147,Iron Boulder || Iron Boulder [Jumbo],Paradox Destinies Tins,prodotto speciale,Paradox Destinies Tins || Paradox Destinies Collections (Portuguese only),"Bulbapedia (CC BY-NC-SA), 9/10/2026"
svp,148,148,Miraidon,Battle Academy 2024,prodotto speciale,Battle Academy 2024,"Bulbapedia (CC BY-NC-SA), 9/10/2026"
svp,149,149,Pecharunt,Shrouded Fable Three Pack Blister,prodotto speciale,Shrouded Fable Three Pack Blister,"Bulbapedia (CC BY-NC-SA), 9/10/2026"
svp,150,150,Paradise Resort || Paradise Resort [Staff] || Paradise Resor,2024 Pokémon World Championships,evento o torneo,2024 Pokémon World Championships,"Bulbapedia (CC BY-NC-SA), 9/10/2026"
svp,151,151,Gouging Fire || Gouging Fire [Staff],Surging Sparks Build & Battle Box,evento o torneo,Surging Sparks Build & Battle Box || Surging Sparks Prerelease staff promo,"Bulbapedia (CC BY-NC-SA), 9/10/2026"
svp,152,152,Chien-Pao || Chien-Pao [Staff],Surging Sparks Build & Battle Box,evento o torneo,Surging Sparks Build & Battle Box || Surging Sparks Prerelease staff promo,"Bulbapedia (CC BY-NC-SA), 9/10/2026"
svp,153,153,Magneton || Magneton [Staff],Surging Sparks Build & Battle Box,evento o torneo,Surging Sparks Build & Battle Box || Surging Sparks Prerelease staff promo,"Bulbapedia (CC BY-NC-SA), 9/10/2026"
svp,154,154,Indeedee || Indeedee [Staff],Surging Sparks Build & Battle Box,evento o torneo,Surging Sparks Build & Battle Box || Surging Sparks Prerelease staff promo,"Bulbapedia (CC BY-NC-SA), 9/10/2026"
svp,155,155,Wooper,Surging Sparks Single Pack Blister,prodotto speciale,Surging Sparks Single Pack Blister,"Bulbapedia (CC BY-NC-SA), 9/10/2026"
svp,156,156,Quagsire,Surging Sparks Three Pack Blister,prodotto speciale,Surging Sparks Three Pack Blister,"Bulbapedia (CC BY-NC-SA), 9/10/2026"
svp,157,157,Zapdos,Surging Sparks Three Pack Blister,prodotto speciale,Surging Sparks Three Pack Blister,"Bulbapedia (CC BY-NC-SA), 9/10/2026"
svp,158,158,Pachirisu,Surging Sparks Single Pack Blister,prodotto speciale,Surging Sparks Single Pack Blister,"Bulbapedia (CC BY-NC-SA), 9/10/2026"
svp,159,159,Magneton || Magneton [Pokémon Center],Surging Sparks Elite Trainer Box,prodotto speciale,Surging Sparks Elite Trainer Box || Surging Sparks Pokémon Center Elite Trainer Box,"Bulbapedia (CC BY-NC-SA), 9/10/2026"
svp,160,160,Squawkabilly,Trainer's Toolkit 2024,prodotto speciale,Trainer's Toolkit 2024,"Bulbapedia (CC BY-NC-SA), 9/10/2026"
svp,161,161,Charizard,Charizard ex Super-Premium Collection,prodotto speciale,Charizard ex Super-Premium Collection,"Bulbapedia (CC BY-NC-SA), 9/10/2026"
svp,162,162,Houndstone || Houndstone [Jumbo],Houndstone ex Box,prodotto speciale,Houndstone ex Box || Houndstone ex Box,"Bulbapedia (CC BY-NC-SA), 9/10/2026"
svp,163,163,Cinderace,Terapagos ex Ultra-Premium Collection,prodotto speciale,Terapagos ex Ultra-Premium Collection,"Bulbapedia (CC BY-NC-SA), 9/10/2026"
svp,164,164,Lapras,Terapagos ex Ultra-Premium Collection,prodotto speciale,Terapagos ex Ultra-Premium Collection,"Bulbapedia (CC BY-NC-SA), 9/10/2026"
svp,165,165,Terapagos || Terapagos [Jumbo],Terapagos ex Ultra-Premium Collection,prodotto speciale,Terapagos ex Ultra-Premium Collection || Terapagos ex Collection (Portuguese only),"Bulbapedia (CC BY-NC-SA), 9/10/2026"
svp,166,166,Teal Mask Ogerpon,Ogerpon ex Premium Collection,prodotto speciale,Ogerpon ex Premium Collection,"Bulbapedia (CC BY-NC-SA), 9/10/2026"
svp,167,167,Flareon,Prismatic Evolutions Poster Collection,prodotto speciale,Prismatic Evolutions Poster Collection,"Bulbapedia (CC BY-NC-SA), 9/10/2026"
svp,168,168,Vaporeon,Prismatic Evolutions Poster Collection,prodotto speciale,Prismatic Evolutions Poster Collection,"Bulbapedia (CC BY-NC-SA), 9/10/2026"
svp,169,169,Jolteon,Prismatic Evolutions Poster Collection,prodotto speciale,Prismatic Evolutions Poster Collection,"Bulbapedia (CC BY-NC-SA), 9/10/2026"
svp,170,170,Leafeon,Prismatic Evolutions Tech Sticker Collection,prodotto speciale,Prismatic Evolutions Tech Sticker Collection,"Bulbapedia (CC BY-NC-SA), 9/10/2026"
svp,171,171,Glaceon,Prismatic Evolutions Tech Sticker Collection,prodotto speciale,Prismatic Evolutions Tech Sticker Collection,"Bulbapedia (CC BY-NC-SA), 9/10/2026"
svp,172,172,Sylveon,Prismatic Evolutions Tech Sticker Collection,prodotto speciale,Prismatic Evolutions Tech Sticker Collection,"Bulbapedia (CC BY-NC-SA), 9/10/2026"
svp,173,173,Eevee || Eevee [Pokémon Center],Prismatic Evolutions Elite Trainer Box,prodotto speciale,Prismatic Evolutions Elite Trainer Box || Prismatic Evolutions Pokémon Center Elite Trainer Box,"Bulbapedia (CC BY-NC-SA), 9/10/2026"
svp,174,174,Eevee,Prismatic Evolutions Super-Premium Collection,prodotto speciale,Prismatic Evolutions Super-Premium Collection,"Bulbapedia (CC BY-NC-SA), 9/10/2026"
svp,175,175,Espeon,Prismatic Evolutions Premium Figure Collection,prodotto speciale,Prismatic Evolutions Premium Figure Collection,"Bulbapedia (CC BY-NC-SA), 9/10/2026"
svp,176,176,Umbreon,Prismatic Evolutions Premium Figure Collection,prodotto speciale,Prismatic Evolutions Premium Figure Collection,"Bulbapedia (CC BY-NC-SA), 9/10/2026"
svp,177,177,Bloodmoon Ursaluna || Bloodmoon Ursaluna [Jumbo],Bloodmoon Ursaluna ex Box,prodotto speciale,Bloodmoon Ursaluna ex Box || Bloodmoon Ursaluna ex Box,"Bulbapedia (CC BY-NC-SA), 9/10/2026"
svp,178,178,Kyogre,Azure Legends Tins,prodotto speciale,Azure Legends Tins,"Bulbapedia (CC BY-NC-SA), 9/10/2026"
svp,179,179,Xerneas,Azure Legends Tins,prodotto speciale,Azure Legends Tins,"Bulbapedia (CC BY-NC-SA), 9/10/2026"
svp,180,180,Dialga,Azure Legends Tins,prodotto speciale,Azure Legends Tins,"Bulbapedia (CC BY-NC-SA), 9/10/2026"
svp,181,181,N's Darmanitan || N's Darmanitan [Staff],Journey Together Build & Battle Box,evento o torneo,Journey Together Build & Battle Box || Journey Together Prerelease staff promo,"Bulbapedia (CC BY-NC-SA), 9/10/2026"
svp,182,182,Iono's Kilowattrel || Iono's Kilowattrel [Staff],Journey Together Build & Battle Box,evento o torneo,Journey Together Build & Battle Box || Journey Together Prerelease staff promo,"Bulbapedia (CC BY-NC-SA), 9/10/2026"
svp,183,183,Lillie's Ribombee || Lillie's Ribombee [Staff],Journey Together Build & Battle Box,evento o torneo,Journey Together Build & Battle Box || Journey Together Prerelease staff promo,"Bulbapedia (CC BY-NC-SA), 9/10/2026"
svp,184,184,Hop's Snorlax || Hop's Snorlax [Staff],Journey Together Build & Battle Box,evento o torneo,Journey Together Build & Battle Box || Journey Together Prerelease staff promo,"Bulbapedia (CC BY-NC-SA), 9/10/2026"
svp,185,185,Yanma,Journey Together Single Pack Blister,prodotto speciale,Journey Together Single Pack Blister,"Bulbapedia (CC BY-NC-SA), 9/10/2026"
svp,186,186,Scraggy,Journey Together Single Pack Blister,prodotto speciale,Journey Together Single Pack Blister,"Bulbapedia (CC BY-NC-SA), 9/10/2026"
svp,187,187,Yanmega,Journey Together Three Pack Blister,prodotto speciale,Journey Together Three Pack Blister,"Bulbapedia (CC BY-NC-SA), 9/10/2026"
svp,188,188,Scrafty,Journey Together Three Pack Blister,prodotto speciale,Journey Together Three Pack Blister,"Bulbapedia (CC BY-NC-SA), 9/10/2026"
svp,189,189,N's Zorua || N's Zorua [Pokémon Center],Journey Together Elite Trainer Box,prodotto speciale,Journey Together Elite Trainer Box || Journey Together Pokémon Center Elite Trainer Box,"Bulbapedia (CC BY-NC-SA), 9/10/2026"
svp,190,190,Pikachu || Pikachu [World Championships],"Pokémon Gym September 2024 events attendance reward (Singapore, Malaysia, Philippines)",evento o torneo,"Pokémon Gym September 2024 events attendance reward (Singapore, Malaysia, Philippines) || Play! Pokémon 2024 Worlds Celebration events attendance reward / Pokémon Center purchase campaign","Bulbapedia (CC BY-NC-SA), 9/10/2026"
svp,191,191,Sprigatito,Grand Adventure Collection,prodotto speciale,Grand Adventure Collection || Gift with purchase (Europe),"Bulbapedia (CC BY-NC-SA), 9/10/2026"
svp,192,192,Fuecoco,Grand Adventure Collection,prodotto speciale,Grand Adventure Collection || Gift with purchase (Europe),"Bulbapedia (CC BY-NC-SA), 9/10/2026"
svp,193,193,Hop's Zacian || Hop's Zacian [Jumbo],Hop's Zacian ex Box,prodotto speciale,Hop's Zacian ex Box || Hop's Zacian ex Box,"Bulbapedia (CC BY-NC-SA), 9/10/2026"
svp,194,194,Iono's Bellibolt,Iono's Bellibolt ex Premium Collection,prodotto speciale,Iono's Bellibolt ex Premium Collection,"Bulbapedia (CC BY-NC-SA), 9/10/2026"
svp,195,195,Lillie's Clefairy,Lillie Premium Tournament Collection,evento o torneo,Lillie Premium Tournament Collection,"Bulbapedia (CC BY-NC-SA), 9/10/2026"
svp,196,196,Charizard || Charizard [Jumbo Lenticular],Charizard ex Special Collection,prodotto speciale,Charizard ex Special Collection || Charizard ex Special Collection,"Bulbapedia (CC BY-NC-SA), 9/10/2026"
svp,197,197,Koraidon,Slashing Legends Tins,prodotto speciale,Slashing Legends Tins,"Bulbapedia (CC BY-NC-SA), 9/10/2026"
svp,198,198,Zacian,Slashing Legends Tins,prodotto speciale,Slashing Legends Tins,"Bulbapedia (CC BY-NC-SA), 9/10/2026"
svp,199,199,Zarude,Destined Rivals Single Pack Blister,prodotto speciale,Destined Rivals Single Pack Blister,"Bulbapedia (CC BY-NC-SA), 9/10/2026"
svp,200,200,Eevee,Destined Rivals Single Pack Blister,prodotto speciale,Destined Rivals Single Pack Blister,"Bulbapedia (CC BY-NC-SA), 9/10/2026"
svp,201,201,Zebstrika,Destined Rivals Three Pack Blister,prodotto speciale,Destined Rivals Three Pack Blister,"Bulbapedia (CC BY-NC-SA), 9/10/2026"
svp,202,202,Kangaskhan,Destined Rivals Three Pack Blister,prodotto speciale,Destined Rivals Three Pack Blister,"Bulbapedia (CC BY-NC-SA), 9/10/2026"
svp,203,203,Team Rocket's Wobbuffet || Team Rocket's Wobbuffet [Pokémon ,Destined Rivals Elite Trainer Box,prodotto speciale,Destined Rivals Elite Trainer Box || Destined Rivals Pokémon Center Elite Trainer Box,"Bulbapedia (CC BY-NC-SA), 9/10/2026"
svp,204,204,Cynthia's Garchomp,Cynthia's Garchomp ex Premium Collection,prodotto speciale,Cynthia's Garchomp ex Premium Collection,"Bulbapedia (CC BY-NC-SA), 9/10/2026"
svp,205,205,Team Rocket's Mewtwo,Team Rocket's Mewtwo ex Box,prodotto speciale,Team Rocket's Mewtwo ex Box,"Bulbapedia (CC BY-NC-SA), 9/10/2026"
svp,206,206,Marnie's Morpeko,Marnie Rival Battle Deck,prodotto speciale,Marnie Rival Battle Deck,"Bulbapedia (CC BY-NC-SA), 9/10/2026"
svp,207,207,Steven's Beldum,Steven Rival Battle Deck,prodotto speciale,Steven Rival Battle Deck,"Bulbapedia (CC BY-NC-SA), 9/10/2026"
svp,208,208,Victini,Unova Victini Illustration Collection,prodotto speciale,Unova Victini Illustration Collection,"Bulbapedia (CC BY-NC-SA), 9/10/2026"
svp,209,209,Thundurus || Thundurus [Pokémon Center],Black Bolt Elite Trainer Box,prodotto speciale,Black Bolt Elite Trainer Box || Black Bolt Pokémon Center Elite Trainer Box,"Bulbapedia (CC BY-NC-SA), 9/10/2026"
svp,210,210,Tornadus || Tornadus [Pokémon Center],White Flare Elite Trainer Box,prodotto speciale,White Flare Elite Trainer Box || White Flare Pokémon Center Elite Trainer Box,"Bulbapedia (CC BY-NC-SA), 9/10/2026"
svp,211,211,Gothitelle,White Flare Tech Sticker Collection,prodotto speciale,White Flare Tech Sticker Collection,"Bulbapedia (CC BY-NC-SA), 9/10/2026"
svp,212,212,Reuniclus,Black Bolt Tech Sticker Collection,prodotto speciale,Black Bolt Tech Sticker Collection,"Bulbapedia (CC BY-NC-SA), 9/10/2026"
svp,213,213,Feraligatr,Pokémon Trading Card Game Illustration Contest 2024,altro,Pokémon Trading Card Game Illustration Contest 2024,"Bulbapedia (CC BY-NC-SA), 9/10/2026"
svp,214,214,Pikachu,Pokémon Trading Card Game Illustration Contest 2024,altro,Pokémon Trading Card Game Illustration Contest 2024,"Bulbapedia (CC BY-NC-SA), 9/10/2026"
svp,215,215,Toxtricity,Pokémon Trading Card Game Illustration Contest 2024,altro,Pokémon Trading Card Game Illustration Contest 2024,"Bulbapedia (CC BY-NC-SA), 9/10/2026"
svp,216,216,Team Rocket's Mewtwo,Team Rocket Fall 2025 Tins,prodotto speciale,Team Rocket Fall 2025 Tins,"Bulbapedia (CC BY-NC-SA), 9/10/2026"
svp,217,217,Team Rocket's Nidoking,Team Rocket Fall 2025 Tins,prodotto speciale,Team Rocket Fall 2025 Tins,"Bulbapedia (CC BY-NC-SA), 9/10/2026"
svp,218,218,Team Rocket's Persian,Team Rocket Fall 2025 Tins,prodotto speciale,Team Rocket Fall 2025 Tins,"Bulbapedia (CC BY-NC-SA), 9/10/2026"
svp,219,219,Black Belt's Training,Trainer's Toolkit 2025,prodotto speciale,Trainer's Toolkit 2025,"Bulbapedia (CC BY-NC-SA), 9/10/2026"
svp,220,220,Black Belt's Training,Trainer's Toolkit 2025,prodotto speciale,Trainer's Toolkit 2025,"Bulbapedia (CC BY-NC-SA), 9/10/2026"
svp,221,221,Professor's Research [Professor Birch] || Professor's Resear,Trainer's Toolkit 2025,prodotto speciale,"Trainer's Toolkit 2025 || Cosmos Holo ""Professor Program"" Stamped Professor Program Promos 2026","Bulbapedia (CC BY-NC-SA), 9/10/2026"
svp,222,222,Professor's Research [Professor Kukui] || Professor's Resear,Trainer's Toolkit 2025,prodotto speciale,"Trainer's Toolkit 2025 || Cosmos Holo ""Professor Program"" Stamped Professor Program Promos 2026","Bulbapedia (CC BY-NC-SA), 9/10/2026"
svp,223,223,Professor's Research [Professor Magnolia] || Professor's Res,Trainer's Toolkit 2025,prodotto speciale,"Trainer's Toolkit 2025 || Cosmos Holo ""Professor Program"" Stamped Professor Program Promos 2026","Bulbapedia (CC BY-NC-SA), 9/10/2026"
svp,224,224,Paradise Resort,2025 Pokémon World Championships,evento o torneo,2025 Pokémon World Championships,"Bulbapedia (CC BY-NC-SA), 9/10/2026"
svp,225,225,Pikachu [World Championships] || Pikachu [Winner],Play! Pokémon 2025 Worlds Celebration events attendance reward,evento o torneo,Play! Pokémon 2025 Worlds Celebration events attendance reward || Play! Pokémon 2025 Worlds Celebration events winner reward,"Bulbapedia (CC BY-NC-SA), 9/10/2026"
mep,001,1,Meganium || Meganium [Staff],Mega Evolution Build & Battle Box,evento o torneo,Mega Evolution Build & Battle Box || Mega Evolution Prerelease staff promo,"Bulbapedia (CC BY-NC-SA), 9/10/2026"
mep,002,2,Inteleon || Inteleon [Staff],Mega Evolution Build & Battle Box,evento o torneo,Mega Evolution Build & Battle Box || Mega Evolution Prerelease staff promo,"Bulbapedia (CC BY-NC-SA), 9/10/2026"
mep,003,3,Alakazam || Alakazam [Staff],Mega Evolution Build & Battle Box,evento o torneo,Mega Evolution Build & Battle Box || Mega Evolution Prerelease staff promo,"Bulbapedia (CC BY-NC-SA), 9/10/2026"
mep,004,4,Lunatone || Lunatone [Staff],Mega Evolution Build & Battle Box,evento o torneo,Mega Evolution Build & Battle Box || Mega Evolution Prerelease staff promo,"Bulbapedia (CC BY-NC-SA), 9/10/2026"
mep,005,5,Drifloon,Mega Evolution Single Pack Blister,prodotto speciale,Mega Evolution Single Pack Blister,"Bulbapedia (CC BY-NC-SA), 9/10/2026"
mep,006,6,Drifblim,Mega Evolution Single Pack Blister,prodotto speciale,Mega Evolution Single Pack Blister,"Bulbapedia (CC BY-NC-SA), 9/10/2026"
mep,007,7,Psyduck,Mega Evolution Three Pack Blister,prodotto speciale,Mega Evolution Three Pack Blister,"Bulbapedia (CC BY-NC-SA), 9/10/2026"
mep,008,8,Golduck,Mega Evolution Three Pack Blister,prodotto speciale,Mega Evolution Three Pack Blister,"Bulbapedia (CC BY-NC-SA), 9/10/2026"
mep,009,9,Alakazam || Alakazam [Pokémon Center],Mega Evolution Elite Trainer Box (Mega Gardevoir),prodotto speciale,Mega Evolution Elite Trainer Box (Mega Gardevoir) || Mega Evolution Pokémon Center Elite Trainer Box (Mega Gardevoir),"Bulbapedia (CC BY-NC-SA), 9/10/2026"
mep,010,10,Riolu || Riolu [Pokémon Center],Mega Evolution Elite Trainer Box (Mega Lucario),prodotto speciale,Mega Evolution Elite Trainer Box (Mega Lucario) || Mega Evolution Pokémon Center Elite Trainer Box (Mega Lucario),"Bulbapedia (CC BY-NC-SA), 9/10/2026"
mep,011,11,Mega Latias || Mega Latias[Jumbo],Mega Latias ex Box,prodotto speciale,Mega Latias ex Box,"Bulbapedia (CC BY-NC-SA), 9/10/2026"
mep,012,12,Mega Lucario || Mega Lucario[Jumbo],Mega Lucario ex Figure Collection,prodotto speciale,Mega Lucario ex Figure Collection,"Bulbapedia (CC BY-NC-SA), 9/10/2026"
mep,013,13,Mega Venusaur || Mega Venusaur[Jumbo],Mega Venusaur ex Premium Collection,prodotto speciale,Mega Venusaur ex Premium Collection,"Bulbapedia (CC BY-NC-SA), 9/10/2026"
mep,014,14,Ceruledge || Ceruledge [Staff],Phantasmal Flames Build & Battle Box,evento o torneo,Phantasmal Flames Build & Battle Box || Phantasmal Flames Prerelease staff promo,"Bulbapedia (CC BY-NC-SA), 9/10/2026"
mep,015,15,Zacian || Zacian [Staff],Phantasmal Flames Build & Battle Box,evento o torneo,Phantasmal Flames Build & Battle Box || Phantasmal Flames Prerelease staff promo,"Bulbapedia (CC BY-NC-SA), 9/10/2026"
mep,016,16,Flygon || Flygon [Staff],Phantasmal Flames Build & Battle Box,evento o torneo,Phantasmal Flames Build & Battle Box || Phantasmal Flames Prerelease staff promo,"Bulbapedia (CC BY-NC-SA), 9/10/2026"
mep,017,17,Toxtricity || Toxtricity [Staff],Phantasmal Flames Build & Battle Box,evento o torneo,Phantasmal Flames Build & Battle Box || Phantasmal Flames Prerelease staff promo,"Bulbapedia (CC BY-NC-SA), 9/10/2026"
mep,018,18,Cottonee,Phantasmal Flames Single Pack Blister,prodotto speciale,Phantasmal Flames Single Pack Blister,"Bulbapedia (CC BY-NC-SA), 9/10/2026"
mep,019,19,Whimsicott,Phantasmal Flames Single Pack Blister,prodotto speciale,Phantasmal Flames Single Pack Blister,"Bulbapedia (CC BY-NC-SA), 9/10/2026"
mep,020,20,Sneasel,Phantasmal Flames Three Pack Blister,prodotto speciale,Phantasmal Flames Three Pack Blister,"Bulbapedia (CC BY-NC-SA), 9/10/2026"
mep,021,21,Weavile,Phantasmal Flames Three Pack Blister,prodotto speciale,Phantasmal Flames Three Pack Blister,"Bulbapedia (CC BY-NC-SA), 9/10/2026"
mep,022,22,Charcadet || Charcadet [Pokémon Center],Phantasmal Flames Elite Trainer Box,prodotto speciale,Phantasmal Flames Elite Trainer Box || Phantasmal Flames Pokémon Center Elite Trainer Box,"Bulbapedia (CC BY-NC-SA), 9/10/2026"
mep,023,23,Mega Charizard X,Mega Charizard X ex Ultra-Premium Collection,prodotto speciale,Mega Charizard X ex Ultra-Premium Collection,"Bulbapedia (CC BY-NC-SA), 9/10/2026"
mep,024,24,Oricorio,Mega Charizard X ex Ultra-Premium Collection,prodotto speciale,Mega Charizard X ex Ultra-Premium Collection,"Bulbapedia (CC BY-NC-SA), 9/10/2026"
mep,025,25,Mega Kangaskhan || Mega Kangaskhan[Jumbo],Mega Kangaskhan ex Box,prodotto speciale,Mega Kangaskhan ex Box,"Bulbapedia (CC BY-NC-SA), 9/10/2026"
mep,026,26,Meloetta,Mega Diancie ex Mega Battle Deck,prodotto speciale,Mega Diancie ex Mega Battle Deck,"Bulbapedia (CC BY-NC-SA), 9/10/2026"
mep,027,27,Haunter,Mega Gengar ex Mega Battle Deck,prodotto speciale,Mega Gengar ex Mega Battle Deck,"Bulbapedia (CC BY-NC-SA), 9/10/2026"
mep,028,28,Celebratory Fanfare || Celebratory Fanfare,Ace Trainer Stamped 2025 Championship Reward Scheme Promo,evento o torneo,Ace Trainer Stamped 2025 Championship Reward Scheme Promo || Asia Championships 2024-25 Stamped Exclusive Promo,"Bulbapedia (CC BY-NC-SA), 9/10/2026"
mep,029,29,Mega Charizard X,Mega Charizard Tins,prodotto speciale,Mega Charizard Tins,"Bulbapedia (CC BY-NC-SA), 9/10/2026"
mep,030,30,Mega Charizard Y,Mega Charizard Tins,prodotto speciale,Mega Charizard Tins,"Bulbapedia (CC BY-NC-SA), 9/10/2026"
mep,031,31,N's Zekrom || N's Zekrom [Pokémon Center],Ascended Heroes Elite Trainer Box,prodotto speciale,Ascended Heroes Elite Trainer Box || Ascended Heroes Pokémon Center Elite Trainer Box,"Bulbapedia (CC BY-NC-SA), 9/10/2026"
mep,032,32,Mega Gardevoir,Ascended Heroes Premium Poster Collection – Mega Gardevoir,prodotto speciale,Ascended Heroes Premium Poster Collection – Mega Gardevoir,"Bulbapedia (CC BY-NC-SA), 9/10/2026"
mep,033,33,Mega Lucario,Ascended Heroes Premium Poster Collection – Mega Lucario,prodotto speciale,Ascended Heroes Premium Poster Collection – Mega Lucario,"Bulbapedia (CC BY-NC-SA), 9/10/2026"
mep,034,34,Mega Meganium || Mega Meganium[Jumbo],Mega Meganium ex Box,prodotto speciale,Mega Meganium ex Box || Ascended Heroes Tins,"Bulbapedia (CC BY-NC-SA), 9/10/2026"
mep,035,35,Mega Emboar || Mega Emboar[Jumbo],Mega Emboar ex Box,prodotto speciale,Mega Emboar ex Box || Ascended Heroes Tins,"Bulbapedia (CC BY-NC-SA), 9/10/2026"
mep,036,36,Mega Feraligatr || Mega Feraligatr[Jumbo],Mega Feraligatr ex Box,prodotto speciale,Mega Feraligatr ex Box || Ascended Heroes Tins,"Bulbapedia (CC BY-NC-SA), 9/10/2026"
mep,037,37,Bulbasaur,First Partner Illustration Collection Series 1,prodotto speciale,First Partner Illustration Collection Series 1,"Bulbapedia (CC BY-NC-SA), 9/10/2026"
mep,038,38,Charmander,First Partner Illustration Collection Series 1,prodotto speciale,First Partner Illustration Collection Series 1,"Bulbapedia (CC BY-NC-SA), 9/10/2026"
mep,039,39,Squirtle,First Partner Illustration Collection Series 1,prodotto speciale,First Partner Illustration Collection Series 1,"Bulbapedia (CC BY-NC-SA), 9/10/2026"
mep,040,40,Turtwig,First Partner Illustration Collection Series 1,prodotto speciale,First Partner Illustration Collection Series 1,"Bulbapedia (CC BY-NC-SA), 9/10/2026"
mep,041,41,Chimchar,First Partner Illustration Collection Series 1,prodotto speciale,First Partner Illustration Collection Series 1,"Bulbapedia (CC BY-NC-SA), 9/10/2026"
mep,042,42,Piplup,First Partner Illustration Collection Series 1,prodotto speciale,First Partner Illustration Collection Series 1,"Bulbapedia (CC BY-NC-SA), 9/10/2026"
mep,043,43,Rowlet,First Partner Illustration Collection Series 1,prodotto speciale,First Partner Illustration Collection Series 1,"Bulbapedia (CC BY-NC-SA), 9/10/2026"
mep,044,44,Litten,First Partner Illustration Collection Series 1,prodotto speciale,First Partner Illustration Collection Series 1,"Bulbapedia (CC BY-NC-SA), 9/10/2026"
mep,045,45,Popplio,First Partner Illustration Collection Series 1,prodotto speciale,First Partner Illustration Collection Series 1,"Bulbapedia (CC BY-NC-SA), 9/10/2026"
mep,046,46,Chikorita,First Partner Illustration Collection Series 2,prodotto speciale,First Partner Illustration Collection Series 2,"Bulbapedia (CC BY-NC-SA), 9/10/2026"
mep,047,47,Cyndaquil,First Partner Illustration Collection Series 2,prodotto speciale,First Partner Illustration Collection Series 2,"Bulbapedia (CC BY-NC-SA), 9/10/2026"
mep,048,48,Totodile,First Partner Illustration Collection Series 2,prodotto speciale,First Partner Illustration Collection Series 2,"Bulbapedia (CC BY-NC-SA), 9/10/2026"
mep,049,49,Snivy,First Partner Illustration Collection Series 2,prodotto speciale,First Partner Illustration Collection Series 2,"Bulbapedia (CC BY-NC-SA), 9/10/2026"
mep,050,50,Tepig,First Partner Illustration Collection Series 2,prodotto speciale,First Partner Illustration Collection Series 2,"Bulbapedia (CC BY-NC-SA), 9/10/2026"
mep,051,51,Oshawott,First Partner Illustration Collection Series 2,prodotto speciale,First Partner Illustration Collection Series 2,"Bulbapedia (CC BY-NC-SA), 9/10/2026"
mep,052,52,Grookey,First Partner Illustration Collection Series 2,prodotto speciale,First Partner Illustration Collection Series 2,"Bulbapedia (CC BY-NC-SA), 9/10/2026"
mep,053,53,Scorbunny,First Partner Illustration Collection Series 2,prodotto speciale,First Partner Illustration Collection Series 2,"Bulbapedia (CC BY-NC-SA), 9/10/2026"
mep,054,54,Sobble,First Partner Illustration Collection Series 2,prodotto speciale,First Partner Illustration Collection Series 2,"Bulbapedia (CC BY-NC-SA), 9/10/2026"
mep,055,55,Treecko,First Partner Illustration Collection Series 3,prodotto speciale,First Partner Illustration Collection Series 3,"Bulbapedia (CC BY-NC-SA), 9/10/2026"
mep,056,56,Torchic,First Partner Illustration Collection Series 3,prodotto speciale,First Partner Illustration Collection Series 3,"Bulbapedia (CC BY-NC-SA), 9/10/2026"
mep,057,57,Mudkip,First Partner Illustration Collection Series 3,prodotto speciale,First Partner Illustration Collection Series 3,"Bulbapedia (CC BY-NC-SA), 9/10/2026"
mep,058,58,Chespin,First Partner Illustration Collection Series 3,prodotto speciale,First Partner Illustration Collection Series 3,"Bulbapedia (CC BY-NC-SA), 9/10/2026"
mep,059,59,Fennekin,First Partner Illustration Collection Series 3,prodotto speciale,First Partner Illustration Collection Series 3,"Bulbapedia (CC BY-NC-SA), 9/10/2026"
mep,060,60,Froakie,First Partner Illustration Collection Series 3,prodotto speciale,First Partner Illustration Collection Series 3,"Bulbapedia (CC BY-NC-SA), 9/10/2026"
mep,061,61,Sprigatito,First Partner Illustration Collection Series 3,prodotto speciale,First Partner Illustration Collection Series 3,"Bulbapedia (CC BY-NC-SA), 9/10/2026"
mep,062,62,Fuecoco,First Partner Illustration Collection Series 3,prodotto speciale,First Partner Illustration Collection Series 3,"Bulbapedia (CC BY-NC-SA), 9/10/2026"
mep,063,63,Quaxly,First Partner Illustration Collection Series 3,prodotto speciale,First Partner Illustration Collection Series 3,"Bulbapedia (CC BY-NC-SA), 9/10/2026"
mep,064,64,Serperior || Serperior [Staff],Perfect Order Build & Battle Box,evento o torneo,Perfect Order Build & Battle Box || Perfect Order Prerelease staff promo,"Bulbapedia (CC BY-NC-SA), 9/10/2026"
mep,065,65,Barbaracle || Barbaracle [Staff],Perfect Order Build & Battle Box,evento o torneo,Perfect Order Build & Battle Box || Perfect Order Prerelease staff promo,"Bulbapedia (CC BY-NC-SA), 9/10/2026"
mep,066,66,Tyrantrum || Tyrantrum [Staff],Perfect Order Build & Battle Box,evento o torneo,Perfect Order Build & Battle Box || Perfect Order Prerelease staff promo,"Bulbapedia (CC BY-NC-SA), 9/10/2026"
mep,067,67,Doublade || Doublade [Staff],Perfect Order Build & Battle Box,evento o torneo,Perfect Order Build & Battle Box || Perfect Order Prerelease staff promo,"Bulbapedia (CC BY-NC-SA), 9/10/2026"
mep,068,68,Makuhita,Perfect Order Single Pack Blister,prodotto speciale,Perfect Order Single Pack Blister,"Bulbapedia (CC BY-NC-SA), 9/10/2026"
mep,069,69,Chikorita,Perfect Order Triple Pack Blister,prodotto speciale,Perfect Order Triple Pack Blister,"Bulbapedia (CC BY-NC-SA), 9/10/2026"
mep,070,70,Tyrunt || Tyrunt [Pokémon Center],Perfect Order Elite Trainer Box,prodotto speciale,Perfect Order Elite Trainer Box || Perfect Order Pokémon Center Elite Trainer Box,"Bulbapedia (CC BY-NC-SA), 9/10/2026"
mep,071,71,Mega Zygarde || Mega Zygarde[Jumbo],Mega Zygarde ex Premium Collection,prodotto speciale,Mega Zygarde ex Premium Collection,"Bulbapedia (CC BY-NC-SA), 9/10/2026"
mep,072,72,Mega Clefable,Mega Moonlit Tins,prodotto speciale,Mega Moonlit Tins,"Bulbapedia (CC BY-NC-SA), 9/10/2026"
mep,073,73,Mega Gengar,Mega Moonlit Tins,prodotto speciale,Mega Moonlit Tins,"Bulbapedia (CC BY-NC-SA), 9/10/2026"
mep,074,74,Delphox || Delphox [Staff],Chaos Rising Build & Battle Box,evento o torneo,Chaos Rising Build & Battle Box || Chaos Rising Prerelease staff promo,"Bulbapedia (CC BY-NC-SA), 9/10/2026"
mep,075,75,Ampharos || Ampharos [Staff],Chaos Rising Build & Battle Box,evento o torneo,Chaos Rising Build & Battle Box || Chaos Rising Prerelease staff promo,"Bulbapedia (CC BY-NC-SA), 9/10/2026"
mep,076,76,Crobat || Crobat [Staff],Chaos Rising Build & Battle Box,evento o torneo,Chaos Rising Build & Battle Box || Chaos Rising Prerelease staff promo,"Bulbapedia (CC BY-NC-SA), 9/10/2026"
mep,077,77,Goodra || Goodra [Staff],Chaos Rising Build & Battle Box,evento o torneo,Chaos Rising Build & Battle Box || Chaos Rising Prerelease staff promo,"Bulbapedia (CC BY-NC-SA), 9/10/2026"
mep,078,78,Toxel,Chaos Rising Single Pack Blister,prodotto speciale,Chaos Rising Single Pack Blister,"Bulbapedia (CC BY-NC-SA), 9/10/2026"
mep,079,79,Charmeleon,Chaos Rising Triple Pack Blister,prodotto speciale,Chaos Rising Triple Pack Blister,"Bulbapedia (CC BY-NC-SA), 9/10/2026"
mep,080,80,Fennekin || Fennekin [Pokémon Center],Chaos Rising Elite Trainer Box,prodotto speciale,Chaos Rising Elite Trainer Box || Chaos Rising Pokémon Center Elite Trainer Box,"Bulbapedia (CC BY-NC-SA), 9/10/2026"
mep,081,81,Mega Greninja || Mega Greninja[Jumbo],Mega Greninja ex Premium Collection,prodotto speciale,Mega Greninja ex Premium Collection,"Bulbapedia (CC BY-NC-SA), 9/10/2026"
mep,082,82,Miraidon || Miraidon [Staff],Pitch Black Build & Battle Box,evento o torneo,Pitch Black Build & Battle Box || Pitch Black Prerelease staff promo,"Bulbapedia (CC BY-NC-SA), 9/10/2026"
mep,083,83,Slowbro || Slowbro [Staff],Pitch Black Build & Battle Box,evento o torneo,Pitch Black Build & Battle Box || Pitch Black Prerelease staff promo,"Bulbapedia (CC BY-NC-SA), 9/10/2026"
mep,084,84,Dhelmise || Dhelmise [Staff],Pitch Black Build & Battle Box,evento o torneo,Pitch Black Build & Battle Box || Pitch Black Prerelease staff promo,"Bulbapedia (CC BY-NC-SA), 9/10/2026"
mep,085,85,Bastiodon || Bastiodon [Staff],Pitch Black Build & Battle Box,evento o torneo,Pitch Black Build & Battle Box || Pitch Black Prerelease staff promo,"Bulbapedia (CC BY-NC-SA), 9/10/2026"
mep,086,86,Slowpoke,Pitch Black Single Pack Blister,prodotto speciale,Pitch Black Single Pack Blister,"Bulbapedia (CC BY-NC-SA), 9/10/2026"
mep,087,87,Binacle,Pitch Black Triple Pack Blister,prodotto speciale,Pitch Black Triple Pack Blister,"Bulbapedia (CC BY-NC-SA), 9/10/2026"
mep,088,88,Zarude || Zarude [Pokémon Center],Pitch Black Elite Trainer Box,prodotto speciale,Pitch Black Elite Trainer Box || Pitch Black Pokémon Center Elite Trainer Box,"Bulbapedia (CC BY-NC-SA), 9/10/2026"
mep,089,89,Mega Zeraora,Mega Forces Tins,prodotto speciale,Mega Forces Tins,"Bulbapedia (CC BY-NC-SA), 9/10/2026"
mep,090,90,Mega Darkrai,Mega Forces Tins,prodotto speciale,Mega Forces Tins,"Bulbapedia (CC BY-NC-SA), 9/10/2026"
mep,091,91,Mega Dragonite,Mega Forces Tins,prodotto speciale,Mega Forces Tins,"Bulbapedia (CC BY-NC-SA), 9/10/2026"
mep,092,92,Paradise Resort || Paradise Resort [Staff],2026 Pokémon World Championships,evento o torneo,2026 Pokémon World Championships,"Bulbapedia (CC BY-NC-SA), 9/10/2026"
mep,093,93,Pikachu [World Championships] || Pikachu [Play! Pokémon Winn,Play! Pokémon 2026 Worlds Celebration events attendance reward,evento o torneo,"Play! Pokémon 2026 Worlds Celebration events attendance reward || Play! Pokémon 2026 Worlds Celebration events winner reward || Pokémon Game On! events participation reward (Malaysia, the Philippines, Singapore)","Bulbapedia (CC BY-NC-SA), 9/10/2026"
mep,094,94,Alolan Exeggutor,30th Celebration Tech Sticker Collection,prodotto speciale,30th Celebration Tech Sticker Collection,"Bulbapedia (CC BY-NC-SA), 9/10/2026"
mep,095,95,Lucario,30th Celebration Tech Sticker Collection,prodotto speciale,30th Celebration Tech Sticker Collection,"Bulbapedia (CC BY-NC-SA), 9/10/2026"
mep,096,96,Moltres,30th Celebration Poster Collection,prodotto speciale,30th Celebration Poster Collection,"Bulbapedia (CC BY-NC-SA), 9/10/2026"
mep,097,97,Articuno,30th Celebration Poster Collection,prodotto speciale,30th Celebration Poster Collection,"Bulbapedia (CC BY-NC-SA), 9/10/2026"
mep,098,98,Zapdos,30th Celebration Poster Collection,prodotto speciale,30th Celebration Poster Collection,"Bulbapedia (CC BY-NC-SA), 9/10/2026"
mep,099,99,Greninja || Greninja[Jumbo],30th Celebration Pokémon ex Box — Greninja ex,prodotto speciale,30th Celebration Pokémon ex Box — Greninja ex || 30th Celebration Greninja ex Tin,"Bulbapedia (CC BY-NC-SA), 9/10/2026"
mep,100,100,Sylveon || Sylveon[Jumbo],30th Celebration Pokémon ex Box — Sylveon ex,prodotto speciale,30th Celebration Pokémon ex Box — Sylveon ex || 30th Celebration Sylveon ex Tin,"Bulbapedia (CC BY-NC-SA), 9/10/2026"
mep,101,101,Nidorina || Nidorina [Pokémon Center],30th Celebration Elite Trainer Box,prodotto speciale,30th Celebration Elite Trainer Box || 30th Celebration Pokémon Center Elite Trainer Box,"Bulbapedia (CC BY-NC-SA), 9/10/2026"
mep,102,102,Victini,Espeon ex 30th Celebration Battle Deck,prodotto speciale,Espeon ex 30th Celebration Battle Deck,"Bulbapedia (CC BY-NC-SA), 9/10/2026"
mep,103,103,Zeraora,Umbreon ex 30th Celebration Battle Deck,prodotto speciale,Umbreon ex 30th Celebration Battle Deck,"Bulbapedia (CC BY-NC-SA), 9/10/2026"
mep,104,104,Mewtwo || Mewtwo[Jumbo],30th Celebration Figure Collection — Mewtwo,prodotto speciale,30th Celebration Figure Collection — Mewtwo,"Bulbapedia (CC BY-NC-SA), 9/10/2026"
mep,105,105,Mew || Mew[Jumbo],30th Celebration Figure Collection — Mew,prodotto speciale,30th Celebration Figure Collection — Mew,"Bulbapedia (CC BY-NC-SA), 9/10/2026"
mep,106,106,Ditto,30th Celebration Ditto Premium Collection,prodotto speciale,30th Celebration Ditto Premium Collection,"Bulbapedia (CC BY-NC-SA), 9/10/2026"
mep,107,107,Pikachu,30th Celebration Ultra-Premium Collection — Day,prodotto speciale,30th Celebration Ultra-Premium Collection — Day,"Bulbapedia (CC BY-NC-SA), 9/10/2026"
mep,108,108,Espeon,30th Celebration Ultra-Premium Collection — Day,prodotto speciale,30th Celebration Ultra-Premium Collection — Day,"Bulbapedia (CC BY-NC-SA), 9/10/2026"
mep,109,109,Pikachu,30th Celebration Ultra-Premium Collection — Night,prodotto speciale,30th Celebration Ultra-Premium Collection — Night,"Bulbapedia (CC BY-NC-SA), 9/10/2026"
mep,110,110,Umbreon,30th Celebration Ultra-Premium Collection — Night,prodotto speciale,30th Celebration Ultra-Premium Collection — Night,"Bulbapedia (CC BY-NC-SA), 9/10/2026"
mep,111,111,Masquerain,Delta Reign Build & Battle Box,evento o torneo,Delta Reign Build & Battle Box,"Bulbapedia (CC BY-NC-SA), 9/10/2026"
mep,112,112,Magmortar,Delta Reign Build & Battle Box,evento o torneo,Delta Reign Build & Battle Box,"Bulbapedia (CC BY-NC-SA), 9/10/2026"
mep,113,113,Enamorus,Delta Reign Build & Battle Box,evento o torneo,Delta Reign Build & Battle Box,"Bulbapedia (CC BY-NC-SA), 9/10/2026"
mep,114,114,Kommo-o,Delta Reign Build & Battle Box,evento o torneo,Delta Reign Build & Battle Box,"Bulbapedia (CC BY-NC-SA), 9/10/2026"
mep,115,115,Spritzee,Unknown Holo Delta Reign Single Pack Blister exclusive,prodotto speciale,Unknown Holo Delta Reign Single Pack Blister exclusive,"Bulbapedia (CC BY-NC-SA), 9/10/2026"
mep,116,116,Seel,Unknown Holo Delta Reign Three Pack Blister exclusive,prodotto speciale,Unknown Holo Delta Reign Three Pack Blister exclusive,"Bulbapedia (CC BY-NC-SA), 9/10/2026"
mep,117,117,Kyogre || Kyogre [Pokémon Center],Delta Reign Elite Trainer Box,prodotto speciale,Delta Reign Elite Trainer Box || Delta Reign Pokémon Center Elite Trainer Box,"Bulbapedia (CC BY-NC-SA), 9/10/2026"
mep,118,118,,,altro,,"Bulbapedia (CC BY-NC-SA), 9/10/2026"
mep,119,119,,,altro,,"Bulbapedia (CC BY-NC-SA), 9/10/2026"
mep,120,120,Celebratory Fanfare || Celebratory Fanfare,Ace Trainer Stamped 2026 Championship Reward Scheme Promo,evento o torneo,Ace Trainer Stamped 2026 Championship Reward Scheme Promo || Pokémon Game On! Stamped 2025-2026 Asia exclusive,"Bulbapedia (CC BY-NC-SA), 9/10/2026"
mep,121,121,,,altro,,"Bulbapedia (CC BY-NC-SA), 9/10/2026"
mep,122,122,,,altro,,"Bulbapedia (CC BY-NC-SA), 9/10/2026"
mep,123,123,,,altro,,"Bulbapedia (CC BY-NC-SA), 9/10/2026"
mep,124,124,,,altro,,"Bulbapedia (CC BY-NC-SA), 9/10/2026"
mep,125,125,,,altro,,"Bulbapedia (CC BY-NC-SA), 9/10/2026"
mep,126,126,,,altro,,"Bulbapedia (CC BY-NC-SA), 9/10/2026"
mep,127,127,,,altro,,"Bulbapedia (CC BY-NC-SA), 9/10/2026"
mep,128,128,,,altro,,"Bulbapedia (CC BY-NC-SA), 9/10/2026"
mep,129,129,,,altro,,"Bulbapedia (CC BY-NC-SA), 9/10/2026"
mep,130,130,,,altro,,"Bulbapedia (CC BY-NC-SA), 9/10/2026"
mep,131,131,Pokémon RUN Pikachu,"Pokémon RUN 30: The Philippines (October 3-4, 2026) Singapore (November 7-8, 2026) Malaysia (November 21-22, 2026)",altro,"Pokémon RUN 30: The Philippines (October 3-4, 2026) Singapore (November 7-8, 2026) Malaysia (November 21-22, 2026)","Bulbapedia (CC BY-NC-SA), 9/10/2026"
SM-P,001/SM-P,1,Snorlax,Pokémon Sun and Moon pre-order insert,campagna d'acquisto,Pokémon Sun and Moon pre-order insert,"Bulbapedia (CC BY-NC-SA), 9/10/2026"
SM-P,002/SM-P,2,Togedemaru,Togedemaru Special Set,prodotto speciale,Togedemaru Special Set,"Bulbapedia (CC BY-NC-SA), 9/10/2026"
SM-P,003/SM-P,3,Pikachu,Pikachu Special Set,prodotto speciale,Pikachu Special Set,"Bulbapedia (CC BY-NC-SA), 9/10/2026"
SM-P,004/SM-P,4,Yungoos,Yungoos Special Set,prodotto speciale,Yungoos Special Set,"Bulbapedia (CC BY-NC-SA), 9/10/2026"
SM-P,005/SM-P,5,Sapporo's Pikachu,"Pokémon Center Sapporo Reopening (December 1, 2016)",Pokemon Center,"Pokémon Center Sapporo Reopening (December 1, 2016)","Bulbapedia (CC BY-NC-SA), 9/10/2026"
SM-P,006/SM-P,6,Tsareena,Collection Sun booster box purchase campaign,campagna d'acquisto,Collection Sun booster box purchase campaign,"Bulbapedia (CC BY-NC-SA), 9/10/2026"
SM-P,007/SM-P,7,Vikavolt,Collection Moon booster box purchase campaign,campagna d'acquisto,Collection Moon booster box purchase campaign,"Bulbapedia (CC BY-NC-SA), 9/10/2026"
SM-P,008/SM-P,8,Pikachu,"Toys ""R"" Us exclusive Sun & Moon GX Starter Set (December 9, 2016)",prodotto speciale,"Toys ""R"" Us exclusive Sun & Moon GX Starter Set (December 9, 2016)","Bulbapedia (CC BY-NC-SA), 9/10/2026"
SM-P,009/SM-P,9,Mimikyu,"Toys ""R"" Us exclusive Sun & Moon GX Starter Set (December 9, 2016)",prodotto speciale,"Toys ""R"" Us exclusive Sun & Moon GX Starter Set (December 9, 2016)","Bulbapedia (CC BY-NC-SA), 9/10/2026"
SM-P,010/SM-P,10,Alolan Meowth,"GEO purchase giveaway (December 9, 2016)",campagna d'acquisto,"GEO purchase giveaway (December 9, 2016)","Bulbapedia (CC BY-NC-SA), 9/10/2026"
SM-P,011/SM-P,11,Togedemaru,Pokémon Card Game Classroom participation prize/Togedemaru Deck,prodotto speciale,Pokémon Card Game Classroom participation prize/Togedemaru Deck,"Bulbapedia (CC BY-NC-SA), 9/10/2026"
SM-P,012/SM-P,12,Turtonator,Turtonator Deck,prodotto speciale,Turtonator Deck,"Bulbapedia (CC BY-NC-SA), 9/10/2026"
SM-P,013/SM-P,13,Pretend Team Skull Pikachu,Pretend Grunt Pikachu Special Box,prodotto speciale,Pretend Grunt Pikachu Special Box,"Bulbapedia (CC BY-NC-SA), 9/10/2026"
SM-P,014/SM-P,14,Pretend Grunt Pikachu,Pretend Grunt Pikachu Special Box,prodotto speciale,Pretend Grunt Pikachu Special Box,"Bulbapedia (CC BY-NC-SA), 9/10/2026"
SM-P,015/SM-P,15,Rotom Dex,"CoroCoro Ichiban! February 2017 issue insert (December 21, 2016)",altro,"CoroCoro Ichiban! February 2017 issue insert (December 21, 2016)","Bulbapedia (CC BY-NC-SA), 9/10/2026"
SM-P,016/SM-P,16,Drampa,"CoroCoro Ichiban! June 2017 issue insert (April 21, 2017)",altro,"CoroCoro Ichiban! June 2017 issue insert (April 21, 2017)","Bulbapedia (CC BY-NC-SA), 9/10/2026"
SM-P,017/SM-P,17,Decidueye,Decidueye Special Set,prodotto speciale,Decidueye Special Set,"Bulbapedia (CC BY-NC-SA), 9/10/2026"
SM-P,018/SM-P,18,Incineroar,Incineroar Special Set,prodotto speciale,Incineroar Special Set,"Bulbapedia (CC BY-NC-SA), 9/10/2026"
SM-P,019/SM-P,19,Primarina,Primarina Special Set,prodotto speciale,Primarina Special Set,"Bulbapedia (CC BY-NC-SA), 9/10/2026"
SM-P,020/SM-P,20,Hau,Sun & Moon booster box purchase campaign,campagna d'acquisto,Sun & Moon booster box purchase campaign,"Bulbapedia (CC BY-NC-SA), 9/10/2026"
SM-P,021/SM-P,21,Rockruff,Rockruff Special Set,prodotto speciale,Rockruff Special Set,"Bulbapedia (CC BY-NC-SA), 9/10/2026"
SM-P,022/SM-P,22,Turtonator,Turtonator Special Set,prodotto speciale,Turtonator Special Set,"Bulbapedia (CC BY-NC-SA), 9/10/2026"
SM-P,023/SM-P,23,Alolan Vulpix,"Jump Festa 2017 promo (December 17-18, 2016)",altro,"Jump Festa 2017 promo (December 17-18, 2016)","Bulbapedia (CC BY-NC-SA), 9/10/2026"
SM-P,024/SM-P,24,Togedemaru,Welcome Festa participation prize,evento o torneo,Welcome Festa participation prize,"Bulbapedia (CC BY-NC-SA), 9/10/2026"
SM-P,025/SM-P,25,Rare Candy,Welcome Festa: Pulverizing Pancake Battle prize,evento o torneo,Welcome Festa: Pulverizing Pancake Battle prize || Champion's League 2017 Osaka/Miyagi: Pulverizing Pancake Battle 2 prize,"Bulbapedia (CC BY-NC-SA), 9/10/2026"
SM-P,026/SM-P,26,Crabrawler,Welcome Festa: 4 Play Point prize,evento o torneo,Welcome Festa: 4 Play Point prize || Champion's League 2017 Osaka/Miyagi: 4 Play Point prize,"Bulbapedia (CC BY-NC-SA), 9/10/2026"
SM-P,027/SM-P,27,Oranguru,Welcome Festa: 8 Play Point prize,evento o torneo,Welcome Festa: 8 Play Point prize || Champion's League 2017 Osaka/Miyagi: 8 Play Point prize,"Bulbapedia (CC BY-NC-SA), 9/10/2026"
SM-P,028/SM-P,28,Decidueye,February 2017-April 2017 Pokémon Card Gym pack,evento o torneo,February 2017-April 2017 Pokémon Card Gym pack,"Bulbapedia (CC BY-NC-SA), 9/10/2026"
SM-P,029/SM-P,29,Bruxish,February 2017-April 2017 Pokémon Card Gym pack,evento o torneo,February 2017-April 2017 Pokémon Card Gym pack,"Bulbapedia (CC BY-NC-SA), 9/10/2026"
SM-P,030/SM-P,30,Cosmog,February 2017-April 2017 Pokémon Card Gym pack,evento o torneo,February 2017-April 2017 Pokémon Card Gym pack,"Bulbapedia (CC BY-NC-SA), 9/10/2026"
SM-P,031/SM-P,31,Passimian,February 2017-April 2017 Pokémon Card Gym pack,evento o torneo,February 2017-April 2017 Pokémon Card Gym pack,"Bulbapedia (CC BY-NC-SA), 9/10/2026"
SM-P,032/SM-P,32,Alolan Meowth,February 2017-April 2017 Pokémon Card Gym pack,evento o torneo,February 2017-April 2017 Pokémon Card Gym pack,"Bulbapedia (CC BY-NC-SA), 9/10/2026"
SM-P,033/SM-P,33,Jangmo-o,February 2017-April 2017 Pokémon Card Gym pack,evento o torneo,February 2017-April 2017 Pokémon Card Gym pack,"Bulbapedia (CC BY-NC-SA), 9/10/2026"
SM-P,034/SM-P,34,Stufful,February 2017-April 2017 Pokémon Card Gym pack,evento o torneo,February 2017-April 2017 Pokémon Card Gym pack,"Bulbapedia (CC BY-NC-SA), 9/10/2026"
SM-P,035/SM-P,35,Bewear,February 2017-April 2017 Pokémon Card Gym pack,evento o torneo,February 2017-April 2017 Pokémon Card Gym pack,"Bulbapedia (CC BY-NC-SA), 9/10/2026"
SM-P,036/SM-P,36,Lana,February 2017-April 2017 Pokémon Card Gym pack,evento o torneo,February 2017-April 2017 Pokémon Card Gym pack,"Bulbapedia (CC BY-NC-SA), 9/10/2026"
SM-P,037/SM-P,37,Poncho-wearing Pikachu,Alolan Vulpix & Vulpix Poncho-wearing Pikachu Special Box,prodotto speciale,Alolan Vulpix & Vulpix Poncho-wearing Pikachu Special Box,"Bulbapedia (CC BY-NC-SA), 9/10/2026"
SM-P,038/SM-P,38,Poncho-wearing Pikachu,Alolan Vulpix & Vulpix Poncho-wearing Pikachu Special Box,prodotto speciale,Alolan Vulpix & Vulpix Poncho-wearing Pikachu Special Box,"Bulbapedia (CC BY-NC-SA), 9/10/2026"
SM-P,039/SM-P,39,Togedemaru,Champion's League 2017 Osaka/Miyagi participation prize,evento o torneo,Champion's League 2017 Osaka/Miyagi participation prize,"Bulbapedia (CC BY-NC-SA), 9/10/2026"
SM-P,040/SM-P,40,Choice Band,Champion's League 2017 Osaka/Miyagi: 6 Play Point prize,evento o torneo,Champion's League 2017 Osaka/Miyagi: 6 Play Point prize || Champion's League 2017 Final: 3 on 3 Battle team winner's prize,"Bulbapedia (CC BY-NC-SA), 9/10/2026"
SM-P,041/SM-P,41,Golisopod,Islands Await You booster box purchase campaign,campagna d'acquisto,Islands Await You booster box purchase campaign,"Bulbapedia (CC BY-NC-SA), 9/10/2026"
SM-P,042/SM-P,42,Dhelmise,Alolan Moonlight booster box purchase campaign,campagna d'acquisto,Alolan Moonlight booster box purchase campaign,"Bulbapedia (CC BY-NC-SA), 9/10/2026"
SM-P,043/SM-P,43,Komala,Komala Special Set,prodotto speciale,Komala Special Set,"Bulbapedia (CC BY-NC-SA), 9/10/2026"
SM-P,044/SM-P,44,Pikachu,Pikachu Special Set,prodotto speciale,Pikachu Special Set,"Bulbapedia (CC BY-NC-SA), 9/10/2026"
SM-P,045/SM-P,45,Jangmo-o,Jangmo-o Special Set,prodotto speciale,Jangmo-o Special Set,"Bulbapedia (CC BY-NC-SA), 9/10/2026"
SM-P,046/SM-P,46,Salandit,Expansion Pack 5 Pack GET! Campaign,campagna d'acquisto,Expansion Pack 5 Pack GET! Campaign,"Bulbapedia (CC BY-NC-SA), 9/10/2026"
SM-P,047/SM-P,47,Tapu Koko,Expansion Pack 5 Pack GET! Campaign,campagna d'acquisto,Expansion Pack 5 Pack GET! Campaign,"Bulbapedia (CC BY-NC-SA), 9/10/2026"
SM-P,048/SM-P,48,Tapu Koko,Expansion Pack 5 Pack GET! Campaign,campagna d'acquisto,Expansion Pack 5 Pack GET! Campaign,"Bulbapedia (CC BY-NC-SA), 9/10/2026"
SM-P,049/SM-P,49,Rowlet,Subscription to KODOMO Newspapers,altro,Subscription to KODOMO Newspapers,"Bulbapedia (CC BY-NC-SA), 9/10/2026"
SM-P,050/SM-P,50,Litten,Subscription to KODOMO Newspapers,altro,Subscription to KODOMO Newspapers,"Bulbapedia (CC BY-NC-SA), 9/10/2026"
SM-P,051/SM-P,51,Popplio,Subscription to KODOMO Newspapers,altro,Subscription to KODOMO Newspapers,"Bulbapedia (CC BY-NC-SA), 9/10/2026"
SM-P,052/SM-P,52,Alolan Vulpix,Alolan Vulpix Special Set,prodotto speciale,Alolan Vulpix Special Set,"Bulbapedia (CC BY-NC-SA), 9/10/2026"
SM-P,053/SM-P,53,Olivia,Facing a New Trial booster box purchase campaign,campagna d'acquisto,Facing a New Trial booster box purchase campaign,"Bulbapedia (CC BY-NC-SA), 9/10/2026"
SM-P,054/SM-P,54,Turtonator,"""Pikachu's Easter"" promotional card booster pack purchase",campagna d'acquisto,"""Pikachu's Easter"" promotional card booster pack purchase","Bulbapedia (CC BY-NC-SA), 9/10/2026"
SM-P,055/SM-P,55,Easter's Pikachu,"""Pikachu's Easter"" promotional card booster pack purchase",campagna d'acquisto,"""Pikachu's Easter"" promotional card booster pack purchase","Bulbapedia (CC BY-NC-SA), 9/10/2026"
SM-P,056/SM-P,56,Mareanie,"""Pikachu's Easter"" promotional card booster pack purchase",campagna d'acquisto,"""Pikachu's Easter"" promotional card booster pack purchase","Bulbapedia (CC BY-NC-SA), 9/10/2026"
SM-P,057/SM-P,57,Passimian,"""Pikachu's Easter"" promotional card booster pack purchase",campagna d'acquisto,"""Pikachu's Easter"" promotional card booster pack purchase","Bulbapedia (CC BY-NC-SA), 9/10/2026"
SM-P,058/SM-P,58,Bewear,Sparkling Spring Festival Campaign Pokémon Center giveaway,Pokemon Center,Sparkling Spring Festival Campaign Pokémon Center giveaway,"Bulbapedia (CC BY-NC-SA), 9/10/2026"
SM-P,059/SM-P,59,Litten,Pokémon Center Ash vs Team Rocket Deck Kit purchase,Pokemon Center,Pokémon Center Ash vs Team Rocket Deck Kit purchase,"Bulbapedia (CC BY-NC-SA), 9/10/2026"
SM-P,060/SM-P,60,Charmander,Charmander Special Set,prodotto speciale,Charmander Special Set,"Bulbapedia (CC BY-NC-SA), 9/10/2026"
SM-P,061/SM-P,61,Pikachu,Pokémon Card Festa 2017 participation prize,evento o torneo,Pokémon Card Festa 2017 participation prize,"Bulbapedia (CC BY-NC-SA), 9/10/2026"
SM-P,062/SM-P,62,Rowlet,Pokémon Card Festa 2017: 4 Play Point prize,evento o torneo,Pokémon Card Festa 2017: 4 Play Point prize,"Bulbapedia (CC BY-NC-SA), 9/10/2026"
SM-P,063/SM-P,63,Litten,Pokémon Card Festa 2017: 4 Play Point prize,evento o torneo,Pokémon Card Festa 2017: 4 Play Point prize,"Bulbapedia (CC BY-NC-SA), 9/10/2026"
SM-P,064/SM-P,64,Popplio,Pokémon Card Festa 2017: 4 Play Point prize,evento o torneo,Pokémon Card Festa 2017: 4 Play Point prize,"Bulbapedia (CC BY-NC-SA), 9/10/2026"
SM-P,065/SM-P,65,Tsareena,Pokémon Card Festa 2017: 8 Play Point prize,evento o torneo,Pokémon Card Festa 2017: 8 Play Point prize,"Bulbapedia (CC BY-NC-SA), 9/10/2026"
SM-P,066/SM-P,66,Lunala,Pokémon Card Festa 2017 winner's prize,evento o torneo,Pokémon Card Festa 2017 winner's prize,"Bulbapedia (CC BY-NC-SA), 9/10/2026"
SM-P,067/SM-P,67,Solgaleo,Pokémon Card Festa 2017 winner's prize,evento o torneo,Pokémon Card Festa 2017 winner's prize,"Bulbapedia (CC BY-NC-SA), 9/10/2026"
SM-P,068/SM-P,68,Pikachu,Champion's League 2017 Okayama/Final participation prize,evento o torneo,Champion's League 2017 Okayama/Final participation prize,"Bulbapedia (CC BY-NC-SA), 9/10/2026"
SM-P,069/SM-P,69,Lucario,To Have Seen the Battle Rainbow booster box purchase campaign,evento o torneo,To Have Seen the Battle Rainbow booster box purchase campaign,"Bulbapedia (CC BY-NC-SA), 9/10/2026"
SM-P,070/SM-P,70,Porygon-Z,Darkness that Consumes Light booster box purchase campaign,campagna d'acquisto,Darkness that Consumes Light booster box purchase campaign,"Bulbapedia (CC BY-NC-SA), 9/10/2026"
SM-P,071/SM-P,71,Ash's Pikachu,Ash's Pikachu GET Campaign,campagna d'acquisto,Ash's Pikachu GET Campaign,"Bulbapedia (CC BY-NC-SA), 9/10/2026"
SM-P,072/SM-P,72,Ash's Pikachu,Ash's Pikachu GET Campaign,campagna d'acquisto,Ash's Pikachu GET Campaign,"Bulbapedia (CC BY-NC-SA), 9/10/2026"
SM-P,073/SM-P,73,Ash's Pikachu,Ash's Pikachu GET Campaign,campagna d'acquisto,Ash's Pikachu GET Campaign,"Bulbapedia (CC BY-NC-SA), 9/10/2026"
SM-P,074/SM-P,74,Ash's Pikachu,Ash's Pikachu GET Campaign,campagna d'acquisto,Ash's Pikachu GET Campaign,"Bulbapedia (CC BY-NC-SA), 9/10/2026"
SM-P,075/SM-P,75,Ash's Pikachu,Ash's Pikachu GET Campaign,campagna d'acquisto,Ash's Pikachu GET Campaign,"Bulbapedia (CC BY-NC-SA), 9/10/2026"
SM-P,076/SM-P,76,Ash's Pikachu,Ash's Pikachu GET Campaign,campagna d'acquisto,Ash's Pikachu GET Campaign,"Bulbapedia (CC BY-NC-SA), 9/10/2026"
SM-P,077/SM-P,77,Alolan Sandshrew,Lawson Blue Campaign,campagna d'acquisto,Lawson Blue Campaign,"Bulbapedia (CC BY-NC-SA), 9/10/2026"
SM-P,078/SM-P,78,Mareanie,Lawson Blue Campaign,campagna d'acquisto,Lawson Blue Campaign,"Bulbapedia (CC BY-NC-SA), 9/10/2026"
SM-P,079/SM-P,79,Water Energy,Lawson Blue Campaign,campagna d'acquisto,Lawson Blue Campaign,"Bulbapedia (CC BY-NC-SA), 9/10/2026"
SM-P,080/SM-P,80,Lillie,Lillie & Cosmog Special Box,prodotto speciale,Lillie & Cosmog Special Box,"Bulbapedia (CC BY-NC-SA), 9/10/2026"
SM-P,081/SM-P,81,Cosmog,Lillie & Cosmog Special Box,prodotto speciale,Lillie & Cosmog Special Box,"Bulbapedia (CC BY-NC-SA), 9/10/2026"
SM-P,082/SM-P,82,Hala,Champion's League 2017 Final: 3 on 3 Battle participation prize,evento o torneo,Champion's League 2017 Final: 3 on 3 Battle participation prize,"Bulbapedia (CC BY-NC-SA), 9/10/2026"
SM-P,083/SM-P,83,Shining Ho-Oh,Shining Legends booster box purchase campaign,campagna d'acquisto,Shining Legends booster box purchase campaign,"Bulbapedia (CC BY-NC-SA), 9/10/2026"
SM-P,084/SM-P,84,The Masked Royal,Shining Legends 10 booster pack purchase,campagna d'acquisto,Shining Legends 10 booster pack purchase,"Bulbapedia (CC BY-NC-SA), 9/10/2026"
SM-P,085/SM-P,85,The Masked Royal,Shining Legends Sealed Game winner prize,evento o torneo,Shining Legends Sealed Game winner prize,"Bulbapedia (CC BY-NC-SA), 9/10/2026"
SM-P,086/SM-P,86,Ash's Pikachu,Ho-Oh-GX Special Jumbo Card Pack,prodotto speciale,Ho-Oh-GX Special Jumbo Card Pack,"Bulbapedia (CC BY-NC-SA), 9/10/2026"
SM-P,087/SM-P,87,Bewear,"CoroCoro Ichiban! September 2017 issue insert (July 21, 2017)",altro,"CoroCoro Ichiban! September 2017 issue insert (July 21, 2017)","Bulbapedia (CC BY-NC-SA), 9/10/2026"
SM-P,088/SM-P,88,Tohoku's Pikachu,"Pokémon Center Tohoku Reopening (June 30, 2017)",Pokemon Center,"Pokémon Center Tohoku Reopening (June 30, 2017)","Bulbapedia (CC BY-NC-SA), 9/10/2026"
SM-P,089/SM-P,89,Jirachi,Pokémon Center Tohoku booster pack purchase,Pokemon Center,Pokémon Center Tohoku booster pack purchase,"Bulbapedia (CC BY-NC-SA), 9/10/2026"
SM-P,090/SM-P,90,Big Malasada,Event Organizer Trainer's pack (August 2017),evento o torneo,Event Organizer Trainer's pack (August 2017),"Bulbapedia (CC BY-NC-SA), 9/10/2026"
SM-P,091/SM-P,91,Ultra Ball,Event Organizer Trainer's pack (August 2017),evento o torneo,Event Organizer Trainer's pack (August 2017),"Bulbapedia (CC BY-NC-SA), 9/10/2026"
SM-P,092/SM-P,92,Switch,Event Organizer Trainer's pack (August 2017),evento o torneo,Event Organizer Trainer's pack (August 2017),"Bulbapedia (CC BY-NC-SA), 9/10/2026"
SM-P,093/SM-P,93,Pokémon Catcher,Event Organizer Trainer's pack (August 2017),evento o torneo,Event Organizer Trainer's pack (August 2017),"Bulbapedia (CC BY-NC-SA), 9/10/2026"
SM-P,094/SM-P,94,Poison Barb,Event Organizer Trainer's pack (August 2017),evento o torneo,Event Organizer Trainer's pack (August 2017),"Bulbapedia (CC BY-NC-SA), 9/10/2026"
SM-P,095/SM-P,95,Ilima,Event Organizer Trainer's pack (August 2017),evento o torneo,Event Organizer Trainer's pack (August 2017),"Bulbapedia (CC BY-NC-SA), 9/10/2026"
SM-P,096/SM-P,96,Professor Kukui,Event Organizer Trainer's pack (August 2017),evento o torneo,Event Organizer Trainer's pack (August 2017),"Bulbapedia (CC BY-NC-SA), 9/10/2026"
SM-P,097/SM-P,97,Hau,Event Organizer Trainer's pack (August 2017),evento o torneo,Event Organizer Trainer's pack (August 2017),"Bulbapedia (CC BY-NC-SA), 9/10/2026"
SM-P,098/SM-P,98,Rainbow Energy,Event Organizer Trainer's pack (August 2017),evento o torneo,Event Organizer Trainer's pack (August 2017),"Bulbapedia (CC BY-NC-SA), 9/10/2026"
SM-P,099/SM-P,99,Exeggcute,August 2017-September 2017 Pokémon Card Gym pack,evento o torneo,August 2017-September 2017 Pokémon Card Gym pack,"Bulbapedia (CC BY-NC-SA), 9/10/2026"
SM-P,100/SM-P,100,Alolan Raichu,August 2017-September 2017 Pokémon Card Gym pack,evento o torneo,August 2017-September 2017 Pokémon Card Gym pack,"Bulbapedia (CC BY-NC-SA), 9/10/2026"
SM-P,101/SM-P,101,Latias,August 2017-September 2017 Pokémon Card Gym pack,evento o torneo,August 2017-September 2017 Pokémon Card Gym pack,"Bulbapedia (CC BY-NC-SA), 9/10/2026"
SM-P,102/SM-P,102,Crabominable,August 2017-September 2017 Pokémon Card Gym pack,evento o torneo,August 2017-September 2017 Pokémon Card Gym pack,"Bulbapedia (CC BY-NC-SA), 9/10/2026"
SM-P,103/SM-P,103,Lycanroc,August 2017-September 2017 Pokémon Card Gym pack,evento o torneo,August 2017-September 2017 Pokémon Card Gym pack,"Bulbapedia (CC BY-NC-SA), 9/10/2026"
SM-P,104/SM-P,104,Palossand,August 2017-September 2017 Pokémon Card Gym pack,evento o torneo,August 2017-September 2017 Pokémon Card Gym pack,"Bulbapedia (CC BY-NC-SA), 9/10/2026"
SM-P,105/SM-P,105,Zorua,August 2017-September 2017 Pokémon Card Gym pack,evento o torneo,August 2017-September 2017 Pokémon Card Gym pack,"Bulbapedia (CC BY-NC-SA), 9/10/2026"
SM-P,106/SM-P,106,Kirlia,August 2017-September 2017 Pokémon Card Gym pack,evento o torneo,August 2017-September 2017 Pokémon Card Gym pack,"Bulbapedia (CC BY-NC-SA), 9/10/2026"
SM-P,107/SM-P,107,Hiker,August 2017-September 2017 Pokémon Card Gym pack,evento o torneo,August 2017-September 2017 Pokémon Card Gym pack,"Bulbapedia (CC BY-NC-SA), 9/10/2026"
SM-P,108/SM-P,108,Pikachu,2017 Pokémon Card Gym Summer Festa 2017 participation prize,evento o torneo,2017 Pokémon Card Gym Summer Festa 2017 participation prize,"Bulbapedia (CC BY-NC-SA), 9/10/2026"
SM-P,109/SM-P,109,Tapu Koko,2017 Pokémon Card Gym Summer Festa 2017: Bring a friend prize,evento o torneo,2017 Pokémon Card Gym Summer Festa 2017: Bring a friend prize,"Bulbapedia (CC BY-NC-SA), 9/10/2026"
SM-P,110/SM-P,110,Togedemaru,7-Eleven booster pack purchase,campagna d'acquisto,7-Eleven booster pack purchase,"Bulbapedia (CC BY-NC-SA), 9/10/2026"
SM-P,111/SM-P,111,Butterfree,Midsummer's Pika Pika Alola Festival booster pack purchase,campagna d'acquisto,Midsummer's Pika Pika Alola Festival booster pack purchase,"Bulbapedia (CC BY-NC-SA), 9/10/2026"
SM-P,112/SM-P,112,Charmander,Midsummer's Pika Pika Alola Festival booster pack purchase,campagna d'acquisto,Midsummer's Pika Pika Alola Festival booster pack purchase,"Bulbapedia (CC BY-NC-SA), 9/10/2026"
SM-P,113/SM-P,113,Incineroar,Midsummer's Pika Pika Alola Festival booster pack purchase,campagna d'acquisto,Midsummer's Pika Pika Alola Festival booster pack purchase,"Bulbapedia (CC BY-NC-SA), 9/10/2026"
SM-P,114/SM-P,114,Pikachu,Midsummer's Pika Pika Alola Festival booster pack purchase,campagna d'acquisto,Midsummer's Pika Pika Alola Festival booster pack purchase,"Bulbapedia (CC BY-NC-SA), 9/10/2026"
SM-P,115/SM-P,115,Lycanroc,Midsummer's Pika Pika Alola Festival booster pack purchase,campagna d'acquisto,Midsummer's Pika Pika Alola Festival booster pack purchase,"Bulbapedia (CC BY-NC-SA), 9/10/2026"
SM-P,116/SM-P,116,Marshadow,Midsummer's Pika Pika Alola Festival booster pack purchase,campagna d'acquisto,Midsummer's Pika Pika Alola Festival booster pack purchase,"Bulbapedia (CC BY-NC-SA), 9/10/2026"
SM-P,117/SM-P,117,Regigigas,Awakened Heroes booster box purchase campaign,campagna d'acquisto,Awakened Heroes booster box purchase campaign,"Bulbapedia (CC BY-NC-SA), 9/10/2026"
SM-P,118/SM-P,118,Hydreigon,Ultradimensional Beasts booster box purchase campaign,campagna d'acquisto,Ultradimensional Beasts booster box purchase campaign,"Bulbapedia (CC BY-NC-SA), 9/10/2026"
SM-P,119/SM-P,119,Sneasel,Sparkling Silvally GET Campaign,campagna d'acquisto,Sparkling Silvally GET Campaign,"Bulbapedia (CC BY-NC-SA), 9/10/2026"
SM-P,120/SM-P,120,Type: Null,Sparkling Silvally GET Campaign,campagna d'acquisto,Sparkling Silvally GET Campaign,"Bulbapedia (CC BY-NC-SA), 9/10/2026"
SM-P,121/SM-P,121,Silvally,Sparkling Silvally GET Campaign,campagna d'acquisto,Sparkling Silvally GET Campaign,"Bulbapedia (CC BY-NC-SA), 9/10/2026"
SM-P,122/SM-P,122,Silvally,Sparkling Silvally GET Campaign,campagna d'acquisto,Sparkling Silvally GET Campaign,"Bulbapedia (CC BY-NC-SA), 9/10/2026"
SM-P,123/SM-P,123,Marshadow,"CoroCoro Ichiban! November 2017 issue insert (September 21, 2017)",altro,"CoroCoro Ichiban! November 2017 issue insert (September 21, 2017)","Bulbapedia (CC BY-NC-SA), 9/10/2026"
SM-P,124/SM-P,124,Espeon,Champion's League 2018 Yokohama/Nagoya/Kyoto: 8 Play Point prize,evento o torneo,Champion's League 2018 Yokohama/Nagoya/Kyoto: 8 Play Point prize || Champion's League 2018 1st Certified Tournament: 24 Play Point prize || Pokémon Japan Championships 2018: 8 Play Point prize || Champion's League 2019 Tokyo/Niigata: 8 Play Point prize || Champion's League 2019 Certified Tournament: 8 Play Point prize || Champion's League 2019 Kyoto: 14 Play Point prize || Pokémon Japan Championships 2019: 8 Play Point prize || Champion's League 2020 Tokyo: 14 Play Point prize,"Bulbapedia (CC BY-NC-SA), 9/10/2026"
SM-P,125/SM-P,125,Umbreon,Champion's League 2018 Yokohama/Nagoya/Kyoto: 8 Play Point prize,evento o torneo,Champion's League 2018 Yokohama/Nagoya/Kyoto: 8 Play Point prize || Champion's League 2018 1st Certified Tournament: 24 Play Point prize || Pokémon Japan Championships 2018: 8 Play Point prize || Champion's League 2019 Tokyo/Niigata: 8 Play Point prize || Champion's League 2019 Certified Tournament: 8 Play Point prize || Champion's League 2019 Kyoto: 14 Play Point prize || Pokémon Japan Championships 2019: 8 Play Point prize || Champion's League 2020 Tokyo: 14 Play Point prize,"Bulbapedia (CC BY-NC-SA), 9/10/2026"
SM-P,126/SM-P,126,Bodybuilding Dumbbells,Champion's League 2018 Yokohama/Nagoya/Kyoto winner's prize,evento o torneo,Champion's League 2018 Yokohama/Nagoya/Kyoto winner's prize || Champion's League 2018 1st Certified Tournament top 64 prize || Pokémon Japan Championships 2018 winner's prize,"Bulbapedia (CC BY-NC-SA), 9/10/2026"
SM-P,127/SM-P,127,Tapu Koko,Champion's League 2018 Yokohama participation prize,evento o torneo,Champion's League 2018 Yokohama participation prize,"Bulbapedia (CC BY-NC-SA), 9/10/2026"
SM-P,128/SM-P,128,Grass Energy,Champion's League 2018 Yokohama: 4 Play Point prize,evento o torneo,Champion's League 2018 Yokohama: 4 Play Point prize || Champion's League 2018 1st Certified Tournament: 12 Play Point prize || Champion's League 2018 Nagoya/Kyoto: 6 Play Point prize || Pokémon Japan Championships 2018: 6 Play Point prize || Champion's League 2019 Tokyo/Niigata: 6 Play Point prize || Champion's League 2019 Certified Tournament: 6 Play Point prize || Champion's League 2019 Kyoto: 10 Play Point prize || Pokémon Japan Championships 2019: 6 Play Point prize || Champion's League 2020 Tokyo: 10 Play Point prize,"Bulbapedia (CC BY-NC-SA), 9/10/2026"
SM-P,129/SM-P,129,Fire Energy,Champion's League 2018 Yokohama: 4 Play Point prize,evento o torneo,Champion's League 2018 Yokohama: 4 Play Point prize || Champion's League 2018 1st Certified Tournament: 12 Play Point prize || Champion's League 2018 Nagoya/Kyoto: 6 Play Point prize || Pokémon Japan Championships 2018: 6 Play Point prize || Champion's League 2019 Tokyo/Niigata: 6 Play Point prize || Champion's League 2019 Certified Tournament: 6 Play Point prize || Champion's League 2019 Kyoto: 10 Play Point prize || Pokémon Japan Championships 2019: 6 Play Point prize || Champion's League 2020 Tokyo: 10 Play Point prize,"Bulbapedia (CC BY-NC-SA), 9/10/2026"
SM-P,130/SM-P,130,Water Energy,Champion's League 2018 Yokohama: 4 Play Point prize,evento o torneo,Champion's League 2018 Yokohama: 4 Play Point prize || Champion's League 2018 1st Certified Tournament: 12 Play Point prize || Champion's League 2018 Nagoya/Kyoto: 6 Play Point prize || Pokémon Japan Championships 2018: 6 Play Point prize || Champion's League 2019 Tokyo/Niigata: 6 Play Point prize || Champion's League 2019 Certified Tournament: 6 Play Point prize || Champion's League 2019 Kyoto: 10 Play Point prize || Pokémon Japan Championships 2019: 6 Play Point prize || Champion's League 2020 Tokyo: 10 Play Point prize,"Bulbapedia (CC BY-NC-SA), 9/10/2026"
SM-P,131/SM-P,131,Lightning Energy,Champion's League 2018 Yokohama: 4 Play Point prize,evento o torneo,Champion's League 2018 Yokohama: 4 Play Point prize || Champion's League 2018 1st Certified Tournament: 12 Play Point prize || Champion's League 2018 Nagoya/Kyoto: 6 Play Point prize || Pokémon Japan Championships 2018: 6 Play Point prize || Champion's League 2019 Tokyo/Niigata: 6 Play Point prize || Champion's League 2019 Certified Tournament: 6 Play Point prize || Champion's League 2019 Kyoto: 10 Play Point prize || Pokémon Japan Championships 2019: 6 Play Point prize || Champion's League 2020 Tokyo: 10 Play Point prize,"Bulbapedia (CC BY-NC-SA), 9/10/2026"
SM-P,132/SM-P,132,Psychic Energy,Champion's League 2018 Yokohama: 4 Play Point prize,evento o torneo,Champion's League 2018 Yokohama: 4 Play Point prize || Champion's League 2018 1st Certified Tournament: 12 Play Point prize || Champion's League 2018 Nagoya/Kyoto: 6 Play Point prize || Pokémon Japan Championships 2018: 6 Play Point prize || Champion's League 2019 Tokyo/Niigata: 6 Play Point prize || Champion's League 2019 Certified Tournament: 6 Play Point prize || Champion's League 2019 Kyoto: 10 Play Point prize || Pokémon Japan Championships 2019: 6 Play Point prize || Champion's League 2020 Tokyo: 10 Play Point prize,"Bulbapedia (CC BY-NC-SA), 9/10/2026"
SM-P,133/SM-P,133,Fighting Energy,Champion's League 2018 Yokohama: 4 Play Point prize,evento o torneo,Champion's League 2018 Yokohama: 4 Play Point prize || Champion's League 2018 1st Certified Tournament: 12 Play Point prize || Champion's League 2018 Nagoya/Kyoto: 6 Play Point prize || Pokémon Japan Championships 2018: 6 Play Point prize || Champion's League 2019 Tokyo/Niigata: 6 Play Point prize || Champion's League 2019 Certified Tournament: 6 Play Point prize || Champion's League 2019 Kyoto: 10 Play Point prize || Pokémon Japan Championships 2019: 6 Play Point prize || Champion's League 2020 Tokyo: 10 Play Point prize,"Bulbapedia (CC BY-NC-SA), 9/10/2026"
SM-P,134/SM-P,134,Darkness Energy,Champion's League 2018 Yokohama: 4 Play Point prize,evento o torneo,Champion's League 2018 Yokohama: 4 Play Point prize || Champion's League 2018 1st Certified Tournament: 12 Play Point prize || Champion's League 2018 Nagoya/Kyoto: 6 Play Point prize || Pokémon Japan Championships 2018: 6 Play Point prize || Champion's League 2019 Tokyo/Niigata: 6 Play Point prize || Champion's League 2019 Certified Tournament: 6 Play Point prize || Champion's League 2019 Kyoto: 10 Play Point prize || Pokémon Japan Championships 2019: 6 Play Point prize || Champion's League 2020 Tokyo: 10 Play Point prize,"Bulbapedia (CC BY-NC-SA), 9/10/2026"
SM-P,135/SM-P,135,Metal Energy,Champion's League 2018 Yokohama: 4 Play Point prize,evento o torneo,Champion's League 2018 Yokohama: 4 Play Point prize || Champion's League 2018 1st Certified Tournament: 12 Play Point prize || Champion's League 2018 Nagoya/Kyoto: 6 Play Point prize || Pokémon Japan Championships 2018: 6 Play Point prize || Champion's League 2019 Tokyo/Niigata: 6 Play Point prize || Champion's League 2019 Certified Tournament: 6 Play Point prize || Champion's League 2019 Kyoto: 10 Play Point prize || Pokémon Japan Championships 2019: 6 Play Point prize || Champion's League 2020 Tokyo: 10 Play Point prize,"Bulbapedia (CC BY-NC-SA), 9/10/2026"
SM-P,136/SM-P,136,Fairy Energy,Champion's League 2018 Yokohama: 4 Play Point prize,evento o torneo,Champion's League 2018 Yokohama: 4 Play Point prize || Champion's League 2018 1st Certified Tournament: 12 Play Point prize || Champion's League 2018 Nagoya/Kyoto: 6 Play Point prize || Pokémon Japan Championships 2018: 6 Play Point prize || Champion's League 2019 Tokyo/Niigata: 6 Play Point prize || Champion's League 2019 Certified Tournament: 6 Play Point prize || Champion's League 2019 Kyoto: 10 Play Point prize || Pokémon Japan Championships 2019: 6 Play Point prize || Champion's League 2020 Tokyo: 10 Play Point prize,"Bulbapedia (CC BY-NC-SA), 9/10/2026"
SM-P,137/SM-P,137,Poncho-wearing Eevee,Eevee Mega Campaign (October 2017),campagna d'acquisto,Eevee Mega Campaign (October 2017),"Bulbapedia (CC BY-NC-SA), 9/10/2026"
SM-P,138/SM-P,138,Poncho-wearing Eevee,Eevee Mega Campaign (October 2017),campagna d'acquisto,Eevee Mega Campaign (October 2017),"Bulbapedia (CC BY-NC-SA), 9/10/2026"
SM-P,139/SM-P,139,Poncho-wearing Eevee,Eevee Mega Campaign (October 2017),campagna d'acquisto,Eevee Mega Campaign (October 2017),"Bulbapedia (CC BY-NC-SA), 9/10/2026"
SM-P,140/SM-P,140,Poncho-wearing Eevee,Eevee Mega Campaign (October 2017),campagna d'acquisto,Eevee Mega Campaign (October 2017),"Bulbapedia (CC BY-NC-SA), 9/10/2026"
SM-P,141/SM-P,141,Poncho-wearing Eevee,Eevee Mega Campaign (October 2017),campagna d'acquisto,Eevee Mega Campaign (October 2017),"Bulbapedia (CC BY-NC-SA), 9/10/2026"
SM-P,142/SM-P,142,Poncho-wearing Eevee,Eevee Mega Campaign (October 2017),campagna d'acquisto,Eevee Mega Campaign (October 2017),"Bulbapedia (CC BY-NC-SA), 9/10/2026"
SM-P,143/SM-P,143,Poncho-wearing Eevee,Eevee Mega Campaign (October 2017),campagna d'acquisto,Eevee Mega Campaign (October 2017),"Bulbapedia (CC BY-NC-SA), 9/10/2026"
SM-P,144/SM-P,144,Poncho-wearing Eevee,Eevee Mega Campaign (October 2017),campagna d'acquisto,Eevee Mega Campaign (October 2017),"Bulbapedia (CC BY-NC-SA), 9/10/2026"
SM-P,145/SM-P,145,Garbodor,GX Battle Boost booster box purchase campaign,evento o torneo,GX Battle Boost booster box purchase campaign,"Bulbapedia (CC BY-NC-SA), 9/10/2026"
SM-P,146/SM-P,146,Vulpix,Vulpix's Crystal Season Special Box,prodotto speciale,Vulpix's Crystal Season Special Box,"Bulbapedia (CC BY-NC-SA), 9/10/2026"
SM-P,147/SM-P,147,Alolan Vulpix,Vulpix's Crystal Season Special Box,prodotto speciale,Vulpix's Crystal Season Special Box,"Bulbapedia (CC BY-NC-SA), 9/10/2026"
SM-P,148/SM-P,148,Lillie,School Festa 2017: Battle Corner participation prize,evento o torneo,School Festa 2017: Battle Corner participation prize,"Bulbapedia (CC BY-NC-SA), 9/10/2026"
SM-P,149/SM-P,149,Rotom Dex,School Festa 2017: Teaching Corner participation prize,evento o torneo,School Festa 2017: Teaching Corner participation prize,"Bulbapedia (CC BY-NC-SA), 9/10/2026"
SM-P,150/SM-P,150,Rockruff,Legendary Starter Set: Premium Edition,prodotto speciale,Legendary Starter Set: Premium Edition,"Bulbapedia (CC BY-NC-SA), 9/10/2026"
SM-P,151/SM-P,151,Lycanroc,Legendary Starter Set: Premium Edition,prodotto speciale,Legendary Starter Set: Premium Edition,"Bulbapedia (CC BY-NC-SA), 9/10/2026"
SM-P,152/SM-P,152,Tapu Lele,"Toys ""R"" Us Limited GX Battle Starter Special Set",evento o torneo,"Toys ""R"" Us Limited GX Battle Starter Special Set","Bulbapedia (CC BY-NC-SA), 9/10/2026"
SM-P,153/SM-P,153,Tapu Fini,"Toys ""R"" Us Limited GX Battle Starter Special Set",evento o torneo,"Toys ""R"" Us Limited GX Battle Starter Special Set","Bulbapedia (CC BY-NC-SA), 9/10/2026"
SM-P,154/SM-P,154,Tapu Koko,Champion's League 2018 1st Certified Tournament Welcome Kit,evento o torneo,Champion's League 2018 1st Certified Tournament Welcome Kit,"Bulbapedia (CC BY-NC-SA), 9/10/2026"
SM-P,155/SM-P,155,Marshadow,Champion's League 2018 1st Certified Tournament: 8 Play Point prize,evento o torneo,Champion's League 2018 1st Certified Tournament: 8 Play Point prize || Champion's League 2018 Nagoya/Kyoto: 4 Play Point prize || Pokémon Japan Championships 2018: 4 Play Point prize || Champion's League 2019 Tokyo/Niigata: 4 Play Point prize || Champion's League 2019 Certified Tournament: 4 Play Point prize,"Bulbapedia (CC BY-NC-SA), 9/10/2026"
SM-P,156/SM-P,156,Phione,December 2017-February 2018 Pokémon Card Gym pack,evento o torneo,December 2017-February 2018 Pokémon Card Gym pack,"Bulbapedia (CC BY-NC-SA), 9/10/2026"
SM-P,157/SM-P,157,Alolan Raichu,December 2017-February 2018 Pokémon Card Gym pack,evento o torneo,December 2017-February 2018 Pokémon Card Gym pack,"Bulbapedia (CC BY-NC-SA), 9/10/2026"
SM-P,158/SM-P,158,Luxio,December 2017-February 2018 Pokémon Card Gym pack,evento o torneo,December 2017-February 2018 Pokémon Card Gym pack,"Bulbapedia (CC BY-NC-SA), 9/10/2026"
SM-P,159/SM-P,159,Riolu,December 2017-February 2018 Pokémon Card Gym pack,evento o torneo,December 2017-February 2018 Pokémon Card Gym pack,"Bulbapedia (CC BY-NC-SA), 9/10/2026"
SM-P,160/SM-P,160,Alolan Rattata,December 2017-February 2018 Pokémon Card Gym pack,evento o torneo,December 2017-February 2018 Pokémon Card Gym pack,"Bulbapedia (CC BY-NC-SA), 9/10/2026"
SM-P,161/SM-P,161,Alolan Raticate,December 2017-February 2018 Pokémon Card Gym pack,evento o torneo,December 2017-February 2018 Pokémon Card Gym pack,"Bulbapedia (CC BY-NC-SA), 9/10/2026"
SM-P,162/SM-P,162,Zoroark,December 2017-February 2018 Pokémon Card Gym pack,evento o torneo,December 2017-February 2018 Pokémon Card Gym pack,"Bulbapedia (CC BY-NC-SA), 9/10/2026"
SM-P,163/SM-P,163,Alolan Diglett,December 2017-February 2018 Pokémon Card Gym pack,evento o torneo,December 2017-February 2018 Pokémon Card Gym pack,"Bulbapedia (CC BY-NC-SA), 9/10/2026"
SM-P,164/SM-P,164,Beast Ball,December 2017-February 2018 Pokémon Card Gym pack,evento o torneo,December 2017-February 2018 Pokémon Card Gym pack,"Bulbapedia (CC BY-NC-SA), 9/10/2026"
SM-P,165/SM-P,165,Weavile,Ultra Sun booster box purchase campaign,campagna d'acquisto,Ultra Sun booster box purchase campaign,"Bulbapedia (CC BY-NC-SA), 9/10/2026"
SM-P,166/SM-P,166,Cresselia,Ultra Moon booster box purchase campaign,campagna d'acquisto,Ultra Moon booster box purchase campaign,"Bulbapedia (CC BY-NC-SA), 9/10/2026"
SM-P,167/SM-P,167,Heatran,"CoroCoro Ichiban! February 2018 issue insert (December 21, 2017)",altro,"CoroCoro Ichiban! February 2018 issue insert (December 21, 2017)","Bulbapedia (CC BY-NC-SA), 9/10/2026"
SM-P,168/SM-P,168,Pikachu,Ultra Sun & Ultra Moon booster pack purchase campaign,campagna d'acquisto,Ultra Sun & Ultra Moon booster pack purchase campaign,"Bulbapedia (CC BY-NC-SA), 9/10/2026"
SM-P,169/SM-P,169,Rowlet,Ultra Sun & Ultra Moon booster pack purchase campaign,campagna d'acquisto,Ultra Sun & Ultra Moon booster pack purchase campaign,"Bulbapedia (CC BY-NC-SA), 9/10/2026"
SM-P,170/SM-P,170,Grass Energy,Ultra Sun & Ultra Moon booster pack purchase campaign,campagna d'acquisto,Ultra Sun & Ultra Moon booster pack purchase campaign,"Bulbapedia (CC BY-NC-SA), 9/10/2026"
SM-P,171/SM-P,171,Grass Energy,Ultra Sun & Ultra Moon booster pack purchase campaign,campagna d'acquisto,Ultra Sun & Ultra Moon booster pack purchase campaign,"Bulbapedia (CC BY-NC-SA), 9/10/2026"
SM-P,172/SM-P,172,Litten,Ultra Sun & Ultra Moon booster pack purchase campaign,campagna d'acquisto,Ultra Sun & Ultra Moon booster pack purchase campaign,"Bulbapedia (CC BY-NC-SA), 9/10/2026"
SM-P,173/SM-P,173,Fire Energy,Ultra Sun & Ultra Moon booster pack purchase campaign,campagna d'acquisto,Ultra Sun & Ultra Moon booster pack purchase campaign,"Bulbapedia (CC BY-NC-SA), 9/10/2026"
SM-P,174/SM-P,174,Fire Energy,Ultra Sun & Ultra Moon booster pack purchase campaign,campagna d'acquisto,Ultra Sun & Ultra Moon booster pack purchase campaign,"Bulbapedia (CC BY-NC-SA), 9/10/2026"
SM-P,175/SM-P,175,Popplio,Ultra Sun & Ultra Moon booster pack purchase campaign,campagna d'acquisto,Ultra Sun & Ultra Moon booster pack purchase campaign,"Bulbapedia (CC BY-NC-SA), 9/10/2026"
SM-P,176/SM-P,176,Water Energy,Ultra Sun & Ultra Moon booster pack purchase campaign,campagna d'acquisto,Ultra Sun & Ultra Moon booster pack purchase campaign,"Bulbapedia (CC BY-NC-SA), 9/10/2026"
SM-P,177/SM-P,177,Water Energy,Ultra Sun & Ultra Moon booster pack purchase campaign,campagna d'acquisto,Ultra Sun & Ultra Moon booster pack purchase campaign,"Bulbapedia (CC BY-NC-SA), 9/10/2026"
SM-P,178/SM-P,178,Zygarde,"GEO purchase giveaway (December 8, 2017)",campagna d'acquisto,"GEO purchase giveaway (December 8, 2017)","Bulbapedia (CC BY-NC-SA), 9/10/2026"
SM-P,179/SM-P,179,Pikachu,"Pokémon Card Friendly Shop purchase campaign (December 8, 2017)",campagna d'acquisto,"Pokémon Card Friendly Shop purchase campaign (December 8, 2017)","Bulbapedia (CC BY-NC-SA), 9/10/2026"
SM-P,180/SM-P,180,Guzma,Pokémon Card Gym WinterBattle winner's prize,evento o torneo,Pokémon Card Gym WinterBattle winner's prize || Pokémon Card Gym DeckBuildBattle winner's prize (March format),"Bulbapedia (CC BY-NC-SA), 9/10/2026"
SM-P,181/SM-P,181,Xurkitree,Ultra Force booster box purchase campaign,campagna d'acquisto,Ultra Force booster box purchase campaign,"Bulbapedia (CC BY-NC-SA), 9/10/2026"
SM-P,182/SM-P,182,Grass Energy,Pokémon Card Station: Pokémon Card Game Classroom participation prize (2017),evento o torneo,Pokémon Card Station: Pokémon Card Game Classroom participation prize (2017),"Bulbapedia (CC BY-NC-SA), 9/10/2026"
SM-P,183/SM-P,183,Fire Energy,Pokémon Card Station: Pokémon Card Game Classroom participation prize (2017),evento o torneo,Pokémon Card Station: Pokémon Card Game Classroom participation prize (2017),"Bulbapedia (CC BY-NC-SA), 9/10/2026"
SM-P,184/SM-P,184,Water Energy,Pokémon Card Station: Pokémon Card Game Classroom participation prize (2017),evento o torneo,Pokémon Card Station: Pokémon Card Game Classroom participation prize (2017),"Bulbapedia (CC BY-NC-SA), 9/10/2026"
SM-P,185/SM-P,185,Lightning Energy,Pokémon Card Station: Pokémon Card Game Classroom participation prize (2017),evento o torneo,Pokémon Card Station: Pokémon Card Game Classroom participation prize (2017),"Bulbapedia (CC BY-NC-SA), 9/10/2026"
SM-P,186/SM-P,186,Psychic Energy,Pokémon Card Station: Pokémon Card Game Classroom participation prize (2017),evento o torneo,Pokémon Card Station: Pokémon Card Game Classroom participation prize (2017),"Bulbapedia (CC BY-NC-SA), 9/10/2026"
SM-P,187/SM-P,187,Fighting Energy,Pokémon Card Station: Pokémon Card Game Classroom participation prize (2017),evento o torneo,Pokémon Card Station: Pokémon Card Game Classroom participation prize (2017),"Bulbapedia (CC BY-NC-SA), 9/10/2026"
SM-P,188/SM-P,188,Darkness Energy,Pokémon Card Station: Pokémon Card Game Classroom participation prize (2017),evento o torneo,Pokémon Card Station: Pokémon Card Game Classroom participation prize (2017),"Bulbapedia (CC BY-NC-SA), 9/10/2026"
SM-P,189/SM-P,189,Metal Energy,Pokémon Card Station: Pokémon Card Game Classroom participation prize (2017),evento o torneo,Pokémon Card Station: Pokémon Card Game Classroom participation prize (2017),"Bulbapedia (CC BY-NC-SA), 9/10/2026"
SM-P,190/SM-P,190,Fairy Energy,Pokémon Card Station: Pokémon Card Game Classroom participation prize (2017),evento o torneo,Pokémon Card Station: Pokémon Card Game Classroom participation prize (2017),"Bulbapedia (CC BY-NC-SA), 9/10/2026"
SM-P,191/SM-P,191,Pretend Boss Pikachu Team Rocket,Team Rainbow Rocket's Ambition campaign,campagna d'acquisto,Team Rainbow Rocket's Ambition campaign,"Bulbapedia (CC BY-NC-SA), 9/10/2026"
SM-P,192/SM-P,192,Pretend Boss Pikachu Team Aqua,Team Rainbow Rocket's Ambition campaign,campagna d'acquisto,Team Rainbow Rocket's Ambition campaign,"Bulbapedia (CC BY-NC-SA), 9/10/2026"
SM-P,193/SM-P,193,Pretend Boss Pikachu Team Magma,Team Rainbow Rocket's Ambition campaign,campagna d'acquisto,Team Rainbow Rocket's Ambition campaign,"Bulbapedia (CC BY-NC-SA), 9/10/2026"
SM-P,194/SM-P,194,Pretend Boss Pikachu Team Galactic,Team Rainbow Rocket's Ambition campaign,campagna d'acquisto,Team Rainbow Rocket's Ambition campaign,"Bulbapedia (CC BY-NC-SA), 9/10/2026"
SM-P,195/SM-P,195,Pretend Boss Pikachu Team Plasma,Team Rainbow Rocket's Ambition campaign,campagna d'acquisto,Team Rainbow Rocket's Ambition campaign,"Bulbapedia (CC BY-NC-SA), 9/10/2026"
SM-P,196/SM-P,196,Pretend Boss Pikachu Team Flare,Team Rainbow Rocket's Ambition campaign,campagna d'acquisto,Team Rainbow Rocket's Ambition campaign,"Bulbapedia (CC BY-NC-SA), 9/10/2026"
SM-P,197/SM-P,197,Pretend Boss Pikachu Team Skull,Team Rainbow Rocket's Ambition campaign,campagna d'acquisto,Team Rainbow Rocket's Ambition campaign,"Bulbapedia (CC BY-NC-SA), 9/10/2026"
SM-P,198/SM-P,198,Mimikyu,It's Mimikyu Special Box,prodotto speciale,It's Mimikyu Special Box,"Bulbapedia (CC BY-NC-SA), 9/10/2026"
SM-P,199/SM-P,199,Pikachu,It's Mimikyu Special Box,prodotto speciale,It's Mimikyu Special Box,"Bulbapedia (CC BY-NC-SA), 9/10/2026"
SM-P,200/SM-P,200,Pikachu,"Pokémon Card Friendly Shop purchase campaign (April 6, 2018)",campagna d'acquisto,"Pokémon Card Friendly Shop purchase campaign (April 6, 2018)","Bulbapedia (CC BY-NC-SA), 9/10/2026"
SM-P,201/SM-P,201,Alolan Exeggutor,Forbidden Light booster box purchase campaign,campagna d'acquisto,Forbidden Light booster box purchase campaign,"Bulbapedia (CC BY-NC-SA), 9/10/2026"
SM-P,202/SM-P,202,Poipole,Shining Ultra Beast Campaign,campagna d'acquisto,Shining Ultra Beast Campaign,"Bulbapedia (CC BY-NC-SA), 9/10/2026"
SM-P,203/SM-P,203,Poipole,Shining Ultra Beast Campaign,campagna d'acquisto,Shining Ultra Beast Campaign,"Bulbapedia (CC BY-NC-SA), 9/10/2026"
SM-P,204/SM-P,204,Rowlet,Shining Ultra Beast Campaign,campagna d'acquisto,Shining Ultra Beast Campaign,"Bulbapedia (CC BY-NC-SA), 9/10/2026"
SM-P,205/SM-P,205,Torracat,Shining Ultra Beast Campaign,campagna d'acquisto,Shining Ultra Beast Campaign,"Bulbapedia (CC BY-NC-SA), 9/10/2026"
SM-P,206/SM-P,206,Alolan Vulpix,Shining Ultra Beast Campaign,campagna d'acquisto,Shining Ultra Beast Campaign,"Bulbapedia (CC BY-NC-SA), 9/10/2026"
SM-P,207/SM-P,207,Pikachu,Shining Ultra Beast Campaign,campagna d'acquisto,Shining Ultra Beast Campaign,"Bulbapedia (CC BY-NC-SA), 9/10/2026"
SM-P,208/SM-P,208,Hakama Pikachu,Pokémon Center Tokyo DX Special Box,Pokemon Center,Pokémon Center Tokyo DX Special Box,"Bulbapedia (CC BY-NC-SA), 9/10/2026"
SM-P,209/SM-P,209,Firefighter Pikachu,Pokémon Center Tokyo DX Special Box,Pokemon Center,Pokémon Center Tokyo DX Special Box,"Bulbapedia (CC BY-NC-SA), 9/10/2026"
SM-P,210/SM-P,210,Gentlemanly Pikachu,"Pokémon Center Tokyo DX Opening (March 14, 2018)",Pokemon Center,"Pokémon Center Tokyo DX Opening (March 14, 2018)","Bulbapedia (CC BY-NC-SA), 9/10/2026"
SM-P,211/SM-P,211,Cherry Blossom Afro Pikachu,"Pokémon Center Tokyo DX Opening (March 14, 2018)",Pokemon Center,"Pokémon Center Tokyo DX Opening (March 14, 2018)","Bulbapedia (CC BY-NC-SA), 9/10/2026"
SM-P,212/SM-P,212,Carbink,"CoroCoro Ichiban! May 2018 issue insert (March 20, 2018)",altro,"CoroCoro Ichiban! May 2018 issue insert (March 20, 2018)","Bulbapedia (CC BY-NC-SA), 9/10/2026"
SM-P,213/SM-P,213,Wash Rotom,March 2018-May 2018 Pokémon Card Gym pack,evento o torneo,March 2018-May 2018 Pokémon Card Gym pack,"Bulbapedia (CC BY-NC-SA), 9/10/2026"
SM-P,214/SM-P,214,Pikachu,March 2018-May 2018 Pokémon Card Gym pack,evento o torneo,March 2018-May 2018 Pokémon Card Gym pack,"Bulbapedia (CC BY-NC-SA), 9/10/2026"
SM-P,215/SM-P,215,Dedenne,March 2018-May 2018 Pokémon Card Gym pack,evento o torneo,March 2018-May 2018 Pokémon Card Gym pack,"Bulbapedia (CC BY-NC-SA), 9/10/2026"
SM-P,216/SM-P,216,Zygarde,March 2018-May 2018 Pokémon Card Gym pack,evento o torneo,March 2018-May 2018 Pokémon Card Gym pack,"Bulbapedia (CC BY-NC-SA), 9/10/2026"
SM-P,217/SM-P,217,Alolan Sandslash,March 2018-May 2018 Pokémon Card Gym pack,evento o torneo,March 2018-May 2018 Pokémon Card Gym pack,"Bulbapedia (CC BY-NC-SA), 9/10/2026"
SM-P,218/SM-P,218,Alolan Ninetales,March 2018-May 2018 Pokémon Card Gym pack,evento o torneo,March 2018-May 2018 Pokémon Card Gym pack,"Bulbapedia (CC BY-NC-SA), 9/10/2026"
SM-P,219/SM-P,219,Aether Foundation Employee,March 2018-May 2018 Pokémon Card Gym pack,evento o torneo,March 2018-May 2018 Pokémon Card Gym pack,"Bulbapedia (CC BY-NC-SA), 9/10/2026"
SM-P,220/SM-P,220,Necrozma,Champion's League 2018 Nagoya/Kyoto: 8 Play Point prize,evento o torneo,Champion's League 2018 Nagoya/Kyoto: 8 Play Point prize || Pokémon Japan Championships 2018: 8 Play Point prize || Champion's League 2019 Tokyo/Niigata: 8 Play Point prize || Champion's League 2019 Certified Tournament: 8 Play Point prize || Champion's League 2019 Kyoto: 14 Play Point prize || Pokémon Japan Championships 2019: 8 Play Point prize || Champion's League 2020 Tokyo: 14 Play Point prize,"Bulbapedia (CC BY-NC-SA), 9/10/2026"
SM-P,221/SM-P,221,Lycanroc,Champion's League 2018 Nagoya/Kyoto participation prize,evento o torneo,Champion's League 2018 Nagoya/Kyoto participation prize,"Bulbapedia (CC BY-NC-SA), 9/10/2026"
SM-P,222/SM-P,222,Altaria,Dragon Storm booster box purchase campaign,campagna d'acquisto,Dragon Storm booster box purchase campaign,"Bulbapedia (CC BY-NC-SA), 9/10/2026"
SM-P,223/SM-P,223,Acerola,Pokémon Card Gym DeckBuildBattle winner's prize (April/May format),evento o torneo,Pokémon Card Gym DeckBuildBattle winner's prize (April/May format),"Bulbapedia (CC BY-NC-SA), 9/10/2026"
SM-P,224/SM-P,224,Pikachu,Pokémon Center 20th Anniversary Campaign,Pokemon Center,Pokémon Center 20th Anniversary Campaign,"Bulbapedia (CC BY-NC-SA), 9/10/2026"
SM-P,225/SM-P,225,Shaymin,Pokémon Center 20th Anniversary Campaign,Pokemon Center,Pokémon Center 20th Anniversary Campaign,"Bulbapedia (CC BY-NC-SA), 9/10/2026"
SM-P,226/SM-P,226,Zangoose,"CoroCoro Ichiban! August 2018 issue insert (June 21, 2018)",altro,"CoroCoro Ichiban! August 2018 issue insert (June 21, 2018)","Bulbapedia (CC BY-NC-SA), 9/10/2026"
SM-P,227/SM-P,227,Pikachu,"Pokémon Card Friendly Shop purchase campaign (July 6, 2018)",campagna d'acquisto,"Pokémon Card Friendly Shop purchase campaign (July 6, 2018)","Bulbapedia (CC BY-NC-SA), 9/10/2026"
SM-P,228/SM-P,228,Sceptile,Sky-Splitting Charisma booster box purchase campaign,campagna d'acquisto,Sky-Splitting Charisma booster box purchase campaign,"Bulbapedia (CC BY-NC-SA), 9/10/2026"
SM-P,229/SM-P,229,Nuzleaf,June 2018-August 2018 Pokémon Card Gym pack,evento o torneo,June 2018-August 2018 Pokémon Card Gym pack,"Bulbapedia (CC BY-NC-SA), 9/10/2026"
SM-P,230/SM-P,230,Wailmer,June 2018-August 2018 Pokémon Card Gym pack,evento o torneo,June 2018-August 2018 Pokémon Card Gym pack,"Bulbapedia (CC BY-NC-SA), 9/10/2026"
SM-P,231/SM-P,231,Mr. Mime,June 2018-August 2018 Pokémon Card Gym pack,evento o torneo,June 2018-August 2018 Pokémon Card Gym pack,"Bulbapedia (CC BY-NC-SA), 9/10/2026"
SM-P,232/SM-P,232,Deoxys,June 2018-August 2018 Pokémon Card Gym pack,evento o torneo,June 2018-August 2018 Pokémon Card Gym pack,"Bulbapedia (CC BY-NC-SA), 9/10/2026"
SM-P,233/SM-P,233,Heatran,June 2018-August 2018 Pokémon Card Gym pack,evento o torneo,June 2018-August 2018 Pokémon Card Gym pack,"Bulbapedia (CC BY-NC-SA), 9/10/2026"
SM-P,234/SM-P,234,Delcatty,June 2018-August 2018 Pokémon Card Gym pack,evento o torneo,June 2018-August 2018 Pokémon Card Gym pack,"Bulbapedia (CC BY-NC-SA), 9/10/2026"
SM-P,235/SM-P,235,Return Label,June 2018-August 2018 Pokémon Card Gym pack,evento o torneo,June 2018-August 2018 Pokémon Card Gym pack,"Bulbapedia (CC BY-NC-SA), 9/10/2026"
SM-P,236/SM-P,236,Ultra Necrozma,Pokémon Japan Championships 2018 participation prize,evento o torneo,Pokémon Japan Championships 2018 participation prize,"Bulbapedia (CC BY-NC-SA), 9/10/2026"
SM-P,237/SM-P,237,Lugia,GX Starter Decks purchase campaign,prodotto speciale,GX Starter Decks purchase campaign,"Bulbapedia (CC BY-NC-SA), 9/10/2026"
SM-P,238/SM-P,238,Zekrom,Thunderclap Spark booster box purchase campaign,campagna d'acquisto,Thunderclap Spark booster box purchase campaign,"Bulbapedia (CC BY-NC-SA), 9/10/2026"
SM-P,239/SM-P,239,Zekrom,Zekrom SR Competition,altro,Zekrom SR Competition,"Bulbapedia (CC BY-NC-SA), 9/10/2026"
SM-P,240/SM-P,240,Zekrom,Zekrom HR Competition,altro,Zekrom HR Competition,"Bulbapedia (CC BY-NC-SA), 9/10/2026"
SM-P,241/SM-P,241,Zeraora,Zeraora Special Jumbo Card Pack,prodotto speciale,Zeraora Special Jumbo Card Pack,"Bulbapedia (CC BY-NC-SA), 9/10/2026"
SM-P,242/SM-P,242,Pikachu,Pikachu 2018 Special Set,prodotto speciale,Pikachu 2018 Special Set,"Bulbapedia (CC BY-NC-SA), 9/10/2026"
SM-P,243/SM-P,243,Eevee,Pokémon Card Station: Pokémon Card Game Classroom participation prize,evento o torneo,Pokémon Card Station: Pokémon Card Game Classroom participation prize,"Bulbapedia (CC BY-NC-SA), 9/10/2026"
SM-P,244/SM-P,244,Samson Oak,Zekrom SR Competition/Zekrom HR Competition participation prize,evento o torneo,Zekrom SR Competition/Zekrom HR Competition participation prize,"Bulbapedia (CC BY-NC-SA), 9/10/2026"
SM-P,245/SM-P,245,Eevee,GX Start Battle ~Get Eevee~ participation prize,evento o torneo,GX Start Battle ~Get Eevee~ participation prize,"Bulbapedia (CC BY-NC-SA), 9/10/2026"
SM-P,246/SM-P,246,Mallow,Pokémon Card Gym DeckBuildBattle winner's prize (June/August format),evento o torneo,Pokémon Card Gym DeckBuildBattle winner's prize (June/August format),"Bulbapedia (CC BY-NC-SA), 9/10/2026"
SM-P,247/SM-P,247,Eevee,"Breath Anime Edition insert (July 25, 2018)",altro,"Breath Anime Edition insert (July 25, 2018)","Bulbapedia (CC BY-NC-SA), 9/10/2026"
SM-P,248/SM-P,248,Player's Ceremony,2017-2018 season Championship Point reward,evento o torneo,2017-2018 season Championship Point reward,"Bulbapedia (CC BY-NC-SA), 9/10/2026"
SM-P,249/SM-P,249,Pikachu,Pokémon Card Friendly Shop purchase campaign (October 2018),campagna d'acquisto,Pokémon Card Friendly Shop purchase campaign (October 2018),"Bulbapedia (CC BY-NC-SA), 9/10/2026"
SM-P,250/SM-P,250,Professor Elm's Lecture,Super-Burst Impact booster box purchase campaign,campagna d'acquisto,Super-Burst Impact booster box purchase campaign,"Bulbapedia (CC BY-NC-SA), 9/10/2026"
SM-P,251/SM-P,251,Nanu,Dark Order booster box purchase campaign,campagna d'acquisto,Dark Order booster box purchase campaign,"Bulbapedia (CC BY-NC-SA), 9/10/2026"
SM-P,252/SM-P,252,Alolan Marowak,September 2018-November 2018 Pokémon Card Gym pack,evento o torneo,September 2018-November 2018 Pokémon Card Gym pack,"Bulbapedia (CC BY-NC-SA), 9/10/2026"
SM-P,253/SM-P,253,Slowpoke,September 2018-November 2018 Pokémon Card Gym pack,evento o torneo,September 2018-November 2018 Pokémon Card Gym pack,"Bulbapedia (CC BY-NC-SA), 9/10/2026"
SM-P,254/SM-P,254,Cubone,September 2018-November 2018 Pokémon Card Gym pack,evento o torneo,September 2018-November 2018 Pokémon Card Gym pack,"Bulbapedia (CC BY-NC-SA), 9/10/2026"
SM-P,255/SM-P,255,Alolan Meowth,September 2018-November 2018 Pokémon Card Gym pack,evento o torneo,September 2018-November 2018 Pokémon Card Gym pack,"Bulbapedia (CC BY-NC-SA), 9/10/2026"
SM-P,256/SM-P,256,Latias,September 2018-November 2018 Pokémon Card Gym pack,evento o torneo,September 2018-November 2018 Pokémon Card Gym pack,"Bulbapedia (CC BY-NC-SA), 9/10/2026"
SM-P,257/SM-P,257,Latios,September 2018-November 2018 Pokémon Card Gym pack,evento o torneo,September 2018-November 2018 Pokémon Card Gym pack,"Bulbapedia (CC BY-NC-SA), 9/10/2026"
SM-P,258/SM-P,258,Energy Spinner,September 2018-November 2018 Pokémon Card Gym pack,evento o torneo,September 2018-November 2018 Pokémon Card Gym pack,"Bulbapedia (CC BY-NC-SA), 9/10/2026"
SM-P,259/SM-P,259,Litten,"Pokémon Card Station event participation prize (July 15, 2018)",evento o torneo,"Pokémon Card Station event participation prize (July 15, 2018)","Bulbapedia (CC BY-NC-SA), 9/10/2026"
SM-P,260/SM-P,260,Chespin,"Pokémon Card Station event participation prize (July 15, 2018)",evento o torneo,"Pokémon Card Station event participation prize (July 15, 2018)","Bulbapedia (CC BY-NC-SA), 9/10/2026"
SM-P,261/SM-P,261,Inkay,"Pokémon Card Station event participation prize (July 15, 2018)",evento o torneo,"Pokémon Card Station event participation prize (July 15, 2018)","Bulbapedia (CC BY-NC-SA), 9/10/2026"
SM-P,262/SM-P,262,Pikachu,"GX Starter Decks Campaign lottery prize (July 13, 2018)",prodotto speciale,"GX Starter Decks Campaign lottery prize (July 13, 2018)","Bulbapedia (CC BY-NC-SA), 9/10/2026"
SM-P,263/SM-P,263,Tauros,"GX Starter Decks Campaign lottery prize (July 13, 2018)",prodotto speciale,"GX Starter Decks Campaign lottery prize (July 13, 2018)","Bulbapedia (CC BY-NC-SA), 9/10/2026"
SM-P,264/SM-P,264,Mimikyu,"Card Gamer Volume 41 insert (July 31, 2018)",altro,"Card Gamer Volume 41 insert (July 31, 2018)","Bulbapedia (CC BY-NC-SA), 9/10/2026"
SM-P,265/SM-P,265,Typhlosion,"CoroCoro Ichiban! November 2018 issue insert (September 21, 2018)",altro,"CoroCoro Ichiban! November 2018 issue insert (September 21, 2018)","Bulbapedia (CC BY-NC-SA), 9/10/2026"
SM-P,266/SM-P,266,Cynthia,Pokémon Card Gym New Battle winner's prize (September/October format),evento o torneo,Pokémon Card Gym New Battle winner's prize (September/October format),"Bulbapedia (CC BY-NC-SA), 9/10/2026"
SM-P,267/SM-P,267,Poipole,Champion's League 2019 Tokyo/Niigata participation prize,evento o torneo,Champion's League 2019 Tokyo/Niigata participation prize,"Bulbapedia (CC BY-NC-SA), 9/10/2026"
SM-P,268/SM-P,268,Leafeon,Champion's League 2019 Tokyo/Niigata: 8 Play Point prize,evento o torneo,Champion's League 2019 Tokyo/Niigata: 8 Play Point prize || Champion's League 2019 Certified Tournament: 8 Play Point prize || Champion's League 2019 Kyoto: 14 Play Point prize || Pokémon Japan Championships 2019: 8 Play Point prize || Champion's League 2020 Tokyo: 14 Play Point prize,"Bulbapedia (CC BY-NC-SA), 9/10/2026"
SM-P,269/SM-P,269,Glaceon,Champion's League 2019 Tokyo/Niigata: 8 Play Point prize,evento o torneo,Champion's League 2019 Tokyo/Niigata: 8 Play Point prize || Champion's League 2019 Certified Tournament: 8 Play Point prize || Champion's League 2019 Kyoto: 14 Play Point prize || Pokémon Japan Championships 2019: 8 Play Point prize || Champion's League 2020 Tokyo: 14 Play Point prize,"Bulbapedia (CC BY-NC-SA), 9/10/2026"
SM-P,270/SM-P,270,Red's Pikachu,Pokémon Center 20th Anniversary Campaign,Pokemon Center,Pokémon Center 20th Anniversary Campaign,"Bulbapedia (CC BY-NC-SA), 9/10/2026"
SM-P,271/SM-P,271,Escape Board,Champion's League 2019 winner's prize,evento o torneo,Champion's League 2019 winner's prize || Pokémon Japan Championships 2019 winner's prize,"Bulbapedia (CC BY-NC-SA), 9/10/2026"
SM-P,272/SM-P,272,Pal Pad,School Festa 2018: Be Taught How to Play Corner participation prize,evento o torneo,School Festa 2018: Be Taught How to Play Corner participation prize,"Bulbapedia (CC BY-NC-SA), 9/10/2026"
SM-P,273/SM-P,273,Pokémon Fan Club,School Festa 2018: Card Battle Corner participation prize,evento o torneo,School Festa 2018: Card Battle Corner participation prize,"Bulbapedia (CC BY-NC-SA), 9/10/2026"
SM-P,274/SM-P,274,Flareon,Jolteon-GX Deluxe Starter Set Lightning,prodotto speciale,Jolteon-GX Deluxe Starter Set Lightning,"Bulbapedia (CC BY-NC-SA), 9/10/2026"
SM-P,275/SM-P,275,Vaporeon,Jolteon-GX Deluxe Starter Set Lightning,prodotto speciale,Jolteon-GX Deluxe Starter Set Lightning,"Bulbapedia (CC BY-NC-SA), 9/10/2026"
SM-P,276/SM-P,276,Pikachu,"Toys ""R"" Us Limited Eevee-GX Battle Triple Starter Set",prodotto speciale,"Toys ""R"" Us Limited Eevee-GX Battle Triple Starter Set","Bulbapedia (CC BY-NC-SA), 9/10/2026"
SM-P,277/SM-P,277,Moltres,"Toys ""R"" Us Limited Eevee-GX Battle Triple Starter Set",prodotto speciale,"Toys ""R"" Us Limited Eevee-GX Battle Triple Starter Set","Bulbapedia (CC BY-NC-SA), 9/10/2026"
SM-P,278/SM-P,278,Articuno,"Toys ""R"" Us Limited Eevee-GX Battle Triple Starter Set",prodotto speciale,"Toys ""R"" Us Limited Eevee-GX Battle Triple Starter Set","Bulbapedia (CC BY-NC-SA), 9/10/2026"
SM-P,279/SM-P,279,Zapdos,"Toys ""R"" Us Limited Eevee-GX Battle Triple Starter Set",prodotto speciale,"Toys ""R"" Us Limited Eevee-GX Battle Triple Starter Set","Bulbapedia (CC BY-NC-SA), 9/10/2026"
SM-P,280/SM-P,280,Yokohama's Pikachu,Pokémon Center Yokohama Special Box,Pokemon Center,Pokémon Center Yokohama Special Box,"Bulbapedia (CC BY-NC-SA), 9/10/2026"
SM-P,281/SM-P,281,Yokohama's Pikachu,Pokémon Center Yokohama Special Box,Pokemon Center,Pokémon Center Yokohama Special Box,"Bulbapedia (CC BY-NC-SA), 9/10/2026"
SM-P,282/SM-P,282,Yokohama's Pikachu,"Pokémon Center Yokohama Reopening (November 9, 2018)",Pokemon Center,"Pokémon Center Yokohama Reopening (November 9, 2018)","Bulbapedia (CC BY-NC-SA), 9/10/2026"
SM-P,283/SM-P,283,Yokohama's Pikachu,"Pokémon Center Yokohama Reopening (November 9, 2018)",Pokemon Center,"Pokémon Center Yokohama Reopening (November 9, 2018)","Bulbapedia (CC BY-NC-SA), 9/10/2026"
SM-P,284/SM-P,284,Meltan,Melmetal Metal Set,prodotto speciale,Melmetal Metal Set,"Bulbapedia (CC BY-NC-SA), 9/10/2026"
SM-P,285/SM-P,285,Melmetal,Melmetal Metal Set,prodotto speciale,Melmetal Metal Set,"Bulbapedia (CC BY-NC-SA), 9/10/2026"
SM-P,286/SM-P,286,Psyduck,Munch: A Retrospective campaign,altro,Munch: A Retrospective campaign,"Bulbapedia (CC BY-NC-SA), 9/10/2026"
SM-P,287/SM-P,287,Eevee,Munch: A Retrospective campaign,altro,Munch: A Retrospective campaign,"Bulbapedia (CC BY-NC-SA), 9/10/2026"
SM-P,288/SM-P,288,Pikachu,Munch: A Retrospective campaign,altro,Munch: A Retrospective campaign,"Bulbapedia (CC BY-NC-SA), 9/10/2026"
SM-P,289/SM-P,289,Mimikyu,Munch: A Retrospective campaign,altro,Munch: A Retrospective campaign,"Bulbapedia (CC BY-NC-SA), 9/10/2026"
SM-P,290/SM-P,290,Rowlet,Munch: A Retrospective campaign,altro,Munch: A Retrospective campaign,"Bulbapedia (CC BY-NC-SA), 9/10/2026"
SM-P,291/SM-P,291,Pikachu,"Daiichi Pan December 2018 Pokémon promotion (December 1, 2018)",altro,"Daiichi Pan December 2018 Pokémon promotion (December 1, 2018)","Bulbapedia (CC BY-NC-SA), 9/10/2026"
SM-P,292/SM-P,292,Rowlet,"Daiichi Pan December 2018 Pokémon promotion (December 1, 2018)",altro,"Daiichi Pan December 2018 Pokémon promotion (December 1, 2018)","Bulbapedia (CC BY-NC-SA), 9/10/2026"
SM-P,293/SM-P,293,Alolan Vulpix,"Daiichi Pan December 2018 Pokémon promotion (December 1, 2018)",altro,"Daiichi Pan December 2018 Pokémon promotion (December 1, 2018)","Bulbapedia (CC BY-NC-SA), 9/10/2026"
SM-P,294/SM-P,294,Mimikyu,"Daiichi Pan December 2018 Pokémon promotion (December 1, 2018)",altro,"Daiichi Pan December 2018 Pokémon promotion (December 1, 2018)","Bulbapedia (CC BY-NC-SA), 9/10/2026"
SM-P,295/SM-P,295,Eevee,"Daiichi Pan December 2018 Pokémon promotion (December 1, 2018)",altro,"Daiichi Pan December 2018 Pokémon promotion (December 1, 2018)","Bulbapedia (CC BY-NC-SA), 9/10/2026"
SM-P,296/SM-P,296,Tate & Liza,Pokémon Card Gym GX Ultra Shiny Battle winner's prize,evento o torneo,Pokémon Card Gym GX Ultra Shiny Battle winner's prize || Pokémon Card Gym New Battle winner's prize (December format),"Bulbapedia (CC BY-NC-SA), 9/10/2026"
SM-P,297/SM-P,297,Eevee & Snorlax,Tag Bolt booster box purchase campaign,campagna d'acquisto,Tag Bolt booster box purchase campaign,"Bulbapedia (CC BY-NC-SA), 9/10/2026"
SM-P,298/SM-P,298,Paras,December 2018-February 2019 Pokémon Card Gym pack,evento o torneo,December 2018-February 2019 Pokémon Card Gym pack,"Bulbapedia (CC BY-NC-SA), 9/10/2026"
SM-P,299/SM-P,299,Jolteon,December 2018-February 2019 Pokémon Card Gym pack,evento o torneo,December 2018-February 2019 Pokémon Card Gym pack,"Bulbapedia (CC BY-NC-SA), 9/10/2026"
SM-P,300/SM-P,300,Carvanha,December 2018-February 2019 Pokémon Card Gym pack,evento o torneo,December 2018-February 2019 Pokémon Card Gym pack,"Bulbapedia (CC BY-NC-SA), 9/10/2026"
SM-P,301/SM-P,301,Clefairy,December 2018-February 2019 Pokémon Card Gym pack,evento o torneo,December 2018-February 2019 Pokémon Card Gym pack,"Bulbapedia (CC BY-NC-SA), 9/10/2026"
SM-P,302/SM-P,302,Dragonair,December 2018-February 2019 Pokémon Card Gym pack,evento o torneo,December 2018-February 2019 Pokémon Card Gym pack,"Bulbapedia (CC BY-NC-SA), 9/10/2026"
SM-P,303/SM-P,303,Kangaskhan,December 2018-February 2019 Pokémon Card Gym pack,evento o torneo,December 2018-February 2019 Pokémon Card Gym pack,"Bulbapedia (CC BY-NC-SA), 9/10/2026"
SM-P,304/SM-P,304,Ear-Ringing Bell,December 2018-February 2019 Pokémon Card Gym pack,evento o torneo,December 2018-February 2019 Pokémon Card Gym pack,"Bulbapedia (CC BY-NC-SA), 9/10/2026"
SM-P,305/SM-P,305,Zapdos,"CoroCoro Ichiban! February 2019 issue insert (December 21, 2018)",altro,"CoroCoro Ichiban! February 2019 issue insert (December 21, 2018)","Bulbapedia (CC BY-NC-SA), 9/10/2026"
SM-P,306/SM-P,306,Eevee,Pokémon Card Friendly Shop purchase campaign (January 2019),campagna d'acquisto,Pokémon Card Friendly Shop purchase campaign (January 2019),"Bulbapedia (CC BY-NC-SA), 9/10/2026"
SM-P,307/SM-P,307,Pikachu,Tag Bolt Release Commemoration ÆON Limited Special Pack,prodotto speciale,Tag Bolt Release Commemoration ÆON Limited Special Pack,"Bulbapedia (CC BY-NC-SA), 9/10/2026"
SM-P,308/SM-P,308,Sightseer,Pokémon Card Gym New Battle winner's prize (January/February format),evento o torneo,Pokémon Card Gym New Battle winner's prize (January/February format),"Bulbapedia (CC BY-NC-SA), 9/10/2026"
SM-P,309/SM-P,309,Vikavolt,Night Unison booster box purchase campaign,campagna d'acquisto,Night Unison booster box purchase campaign,"Bulbapedia (CC BY-NC-SA), 9/10/2026"
SM-P,310/SM-P,310,Eevee,World Hobby Fair Winter 2019,altro,World Hobby Fair Winter 2019 || Family Pokémon Card Game & GX Start Battle ~Get Eevee~ participation prize,"Bulbapedia (CC BY-NC-SA), 9/10/2026"
SM-P,311/SM-P,311,Stakataka,Full Metal Wall booster box purchase campaign,campagna d'acquisto,Full Metal Wall booster box purchase campaign,"Bulbapedia (CC BY-NC-SA), 9/10/2026"
SM-P,312/SM-P,312,Litwick,March 2019-May 2019 Pokémon Card Gym pack,evento o torneo,March 2019-May 2019 Pokémon Card Gym pack,"Bulbapedia (CC BY-NC-SA), 9/10/2026"
SM-P,313/SM-P,313,Torracat,March 2019-May 2019 Pokémon Card Gym pack,evento o torneo,March 2019-May 2019 Pokémon Card Gym pack,"Bulbapedia (CC BY-NC-SA), 9/10/2026"
SM-P,314/SM-P,314,Mismagius,March 2019-May 2019 Pokémon Card Gym pack,evento o torneo,March 2019-May 2019 Pokémon Card Gym pack,"Bulbapedia (CC BY-NC-SA), 9/10/2026"
SM-P,315/SM-P,315,Riolu,March 2019-May 2019 Pokémon Card Gym pack,evento o torneo,March 2019-May 2019 Pokémon Card Gym pack,"Bulbapedia (CC BY-NC-SA), 9/10/2026"
SM-P,316/SM-P,316,Murkrow,March 2019-May 2019 Pokémon Card Gym pack,evento o torneo,March 2019-May 2019 Pokémon Card Gym pack,"Bulbapedia (CC BY-NC-SA), 9/10/2026"
SM-P,317/SM-P,317,Porygon-Z,March 2019-May 2019 Pokémon Card Gym pack,evento o torneo,March 2019-May 2019 Pokémon Card Gym pack,"Bulbapedia (CC BY-NC-SA), 9/10/2026"
SM-P,318/SM-P,318,Blaine's Quiz Show,March 2019-May 2019 Pokémon Card Gym pack,evento o torneo,March 2019-May 2019 Pokémon Card Gym pack,"Bulbapedia (CC BY-NC-SA), 9/10/2026"
SM-P,319/SM-P,319,Sudowoodo,"CoroCoro Ichiban! May 2019 issue insert (March 20, 2019)",altro,"CoroCoro Ichiban! May 2019 issue insert (March 20, 2019)","Bulbapedia (CC BY-NC-SA), 9/10/2026"
SM-P,320/SM-P,320,Abareru-kun,Let's Meet Pikachu & Eevee! Lots of Gorgeous Prizes Campaign! (D prize),evento o torneo,Let's Meet Pikachu & Eevee! Lots of Gorgeous Prizes Campaign! (D prize),"Bulbapedia (CC BY-NC-SA), 9/10/2026"
SM-P,321/SM-P,321,Meltan,Champion's League 2019 Certified Tournament Welcome Kit,evento o torneo,Champion's League 2019 Certified Tournament Welcome Kit || Champion's League 2019 Kyoto participation prize || Pokémon Japan Championships 2019 participation prize,"Bulbapedia (CC BY-NC-SA), 9/10/2026"
SM-P,322/SM-P,322,Jirachi,Champion's League 2019 Certified Tournament: 4 Play Point prize,evento o torneo,Champion's League 2019 Certified Tournament: 4 Play Point prize || Champion's League 2019 Kyoto: 4 Play Point prize || Pokémon Japan Championships 2019: 4 Play Point prize || Champion's League 2020 Tokyo: 6 Play Point prize,"Bulbapedia (CC BY-NC-SA), 9/10/2026"
SM-P,323/SM-P,323,Sylveon,Champion's League 2019 Certified Tournament: 8 Play Point prize,evento o torneo,Champion's League 2019 Certified Tournament: 8 Play Point prize || Champion's League 2019 Kyoto: 14 Play Point prize || Pokémon Japan Championships 2019: 8 Play Point prize || Champion's League 2020 Tokyo: 14 Play Point prize,"Bulbapedia (CC BY-NC-SA), 9/10/2026"
SM-P,324/SM-P,324,Erika's Hospitality,Pokémon Card Gym New Battle winner's prize (March/April format),evento o torneo,Pokémon Card Gym New Battle winner's prize (March/April format),"Bulbapedia (CC BY-NC-SA), 9/10/2026"
SM-P,325/SM-P,325,Pretend Tea Ceremony Pikachu,"Pokémon Center Kyoto Reopening (March 16, 2019)",Pokemon Center,"Pokémon Center Kyoto Reopening (March 16, 2019)","Bulbapedia (CC BY-NC-SA), 9/10/2026"
SM-P,326/SM-P,326,Eevee,"Pokémon Card Friendly Shop purchase campaign (April 5, 2019)",campagna d'acquisto,"Pokémon Card Friendly Shop purchase campaign (April 5, 2019)","Bulbapedia (CC BY-NC-SA), 9/10/2026"
SM-P,327/SM-P,327,Chandelure,GG End booster box purchase campaign,campagna d'acquisto,GG End booster box purchase campaign,"Bulbapedia (CC BY-NC-SA), 9/10/2026"
SM-P,328/SM-P,328,Order Pad,Event Organizer Trainer's pack (April 2019),evento o torneo,Event Organizer Trainer's pack (April 2019),"Bulbapedia (CC BY-NC-SA), 9/10/2026"
SM-P,329/SM-P,329,Pal Pad,Event Organizer Trainer's pack (April 2019),evento o torneo,Event Organizer Trainer's pack (April 2019),"Bulbapedia (CC BY-NC-SA), 9/10/2026"
SM-P,330/SM-P,330,Pokémon Communication,Event Organizer Trainer's pack (April 2019),evento o torneo,Event Organizer Trainer's pack (April 2019),"Bulbapedia (CC BY-NC-SA), 9/10/2026"
SM-P,331/SM-P,331,Moo-Moo Milk,Event Organizer Trainer's pack (April 2019),evento o torneo,Event Organizer Trainer's pack (April 2019),"Bulbapedia (CC BY-NC-SA), 9/10/2026"
SM-P,332/SM-P,332,Choice Helmet,Event Organizer Trainer's pack (April 2019),evento o torneo,Event Organizer Trainer's pack (April 2019),"Bulbapedia (CC BY-NC-SA), 9/10/2026"
SM-P,333/SM-P,333,Kahili,Event Organizer Trainer's pack (April 2019),evento o torneo,Event Organizer Trainer's pack (April 2019),"Bulbapedia (CC BY-NC-SA), 9/10/2026"
SM-P,334/SM-P,334,Judge,Event Organizer Trainer's pack (April 2019),evento o torneo,Event Organizer Trainer's pack (April 2019),"Bulbapedia (CC BY-NC-SA), 9/10/2026"
SM-P,335/SM-P,335,Cynthia,Event Organizer Trainer's pack (April 2019),evento o torneo,Event Organizer Trainer's pack (April 2019),"Bulbapedia (CC BY-NC-SA), 9/10/2026"
SM-P,336/SM-P,336,Pokémon Fan Club,Event Organizer Trainer's pack (April 2019),evento o torneo,Event Organizer Trainer's pack (April 2019),"Bulbapedia (CC BY-NC-SA), 9/10/2026"
SM-P,337/SM-P,337,Detective Pikachu,POKÉMON Detective Pikachu limited edition pamphlet,altro,POKÉMON Detective Pikachu limited edition pamphlet,"Bulbapedia (CC BY-NC-SA), 9/10/2026"
SM-P,338/SM-P,338,Detective Pikachu,Detective Pikachu Special Jumbo Card Pack: Charizard-GX Version,prodotto speciale,Detective Pikachu Special Jumbo Card Pack: Charizard-GX Version,"Bulbapedia (CC BY-NC-SA), 9/10/2026"
SM-P,339/SM-P,339,Detective Pikachu,Detective Pikachu Special Jumbo Card Pack: Mewtwo-GX Version,prodotto speciale,Detective Pikachu Special Jumbo Card Pack: Mewtwo-GX Version,"Bulbapedia (CC BY-NC-SA), 9/10/2026"
SM-P,340/SM-P,340,Victini,Sky Legend booster box purchase campaign,campagna d'acquisto,Sky Legend booster box purchase campaign,"Bulbapedia (CC BY-NC-SA), 9/10/2026"
SM-P,341/SM-P,341,Janine,Pokémon Card Gym New Battle winner's prize (May/June format),evento o torneo,Pokémon Card Gym New Battle winner's prize (May/June format),"Bulbapedia (CC BY-NC-SA), 9/10/2026"
SM-P,342/SM-P,342,Mew,Tag Team GX Deluxe Starter Set,prodotto speciale,Tag Team GX Deluxe Starter Set,"Bulbapedia (CC BY-NC-SA), 9/10/2026"
SM-P,343/SM-P,343,Yveltal,Tag Team GX Deluxe Starter Set,prodotto speciale,Tag Team GX Deluxe Starter Set,"Bulbapedia (CC BY-NC-SA), 9/10/2026"
SM-P,344/SM-P,344,Grass Energy,Pokémon Card Station: Pokémon Card Game Classroom participation prize (2019),evento o torneo,Pokémon Card Station: Pokémon Card Game Classroom participation prize (2019),"Bulbapedia (CC BY-NC-SA), 9/10/2026"
SM-P,345/SM-P,345,Fire Energy,Pokémon Card Station: Pokémon Card Game Classroom participation prize (2019),evento o torneo,Pokémon Card Station: Pokémon Card Game Classroom participation prize (2019),"Bulbapedia (CC BY-NC-SA), 9/10/2026"
SM-P,346/SM-P,346,Water Energy,Pokémon Card Station: Pokémon Card Game Classroom participation prize (2019),evento o torneo,Pokémon Card Station: Pokémon Card Game Classroom participation prize (2019),"Bulbapedia (CC BY-NC-SA), 9/10/2026"
SM-P,347/SM-P,347,Lightning Energy,Pokémon Card Station: Pokémon Card Game Classroom participation prize (2019),evento o torneo,Pokémon Card Station: Pokémon Card Game Classroom participation prize (2019),"Bulbapedia (CC BY-NC-SA), 9/10/2026"
SM-P,348/SM-P,348,Psychic Energy,Pokémon Card Station: Pokémon Card Game Classroom participation prize (2019),evento o torneo,Pokémon Card Station: Pokémon Card Game Classroom participation prize (2019),"Bulbapedia (CC BY-NC-SA), 9/10/2026"
SM-P,349/SM-P,349,Fighting Energy,Pokémon Card Station: Pokémon Card Game Classroom participation prize (2019),evento o torneo,Pokémon Card Station: Pokémon Card Game Classroom participation prize (2019),"Bulbapedia (CC BY-NC-SA), 9/10/2026"
SM-P,350/SM-P,350,Darkness Energy,Pokémon Card Station: Pokémon Card Game Classroom participation prize (2019),evento o torneo,Pokémon Card Station: Pokémon Card Game Classroom participation prize (2019),"Bulbapedia (CC BY-NC-SA), 9/10/2026"
SM-P,351/SM-P,351,Metal Energy,Pokémon Card Station: Pokémon Card Game Classroom participation prize (2019),evento o torneo,Pokémon Card Station: Pokémon Card Game Classroom participation prize (2019),"Bulbapedia (CC BY-NC-SA), 9/10/2026"
SM-P,352/SM-P,352,Fairy Energy,Pokémon Card Station: Pokémon Card Game Classroom participation prize (2019),evento o torneo,Pokémon Card Station: Pokémon Card Game Classroom participation prize (2019),"Bulbapedia (CC BY-NC-SA), 9/10/2026"
SM-P,353/SM-P,353,Swadloon,June 2019-August 2019 Pokémon Card Gym pack,evento o torneo,June 2019-August 2019 Pokémon Card Gym pack,"Bulbapedia (CC BY-NC-SA), 9/10/2026"
SM-P,354/SM-P,354,Basculin,June 2019-August 2019 Pokémon Card Gym pack,evento o torneo,June 2019-August 2019 Pokémon Card Gym pack,"Bulbapedia (CC BY-NC-SA), 9/10/2026"
SM-P,355/SM-P,355,Exeggcute,June 2019-August 2019 Pokémon Card Gym pack,evento o torneo,June 2019-August 2019 Pokémon Card Gym pack,"Bulbapedia (CC BY-NC-SA), 9/10/2026"
SM-P,356/SM-P,356,Carracosta,June 2019-August 2019 Pokémon Card Gym pack,evento o torneo,June 2019-August 2019 Pokémon Card Gym pack,"Bulbapedia (CC BY-NC-SA), 9/10/2026"
SM-P,357/SM-P,357,Crabrawler,June 2019-August 2019 Pokémon Card Gym pack,evento o torneo,June 2019-August 2019 Pokémon Card Gym pack,"Bulbapedia (CC BY-NC-SA), 9/10/2026"
SM-P,358/SM-P,358,Igglybuff,June 2019-August 2019 Pokémon Card Gym pack,evento o torneo,June 2019-August 2019 Pokémon Card Gym pack,"Bulbapedia (CC BY-NC-SA), 9/10/2026"
SM-P,359/SM-P,359,Dragonium Z: Dragon Claw,June 2019-August 2019 Pokémon Card Gym pack,evento o torneo,June 2019-August 2019 Pokémon Card Gym pack,"Bulbapedia (CC BY-NC-SA), 9/10/2026"
SM-P,360/SM-P,360,Terrakion,Miracle Twin booster box purchase campaign,campagna d'acquisto,Miracle Twin booster box purchase campaign,"Bulbapedia (CC BY-NC-SA), 9/10/2026"
SM-P,361/SM-P,361,Celebi,"CoroCoro Ichiban! August 2019 issue insert (June 21, 2019)",altro,"CoroCoro Ichiban! August 2019 issue insert (June 21, 2019)","Bulbapedia (CC BY-NC-SA), 9/10/2026"
SM-P,362/SM-P,362,Erika,Mewtwo HR Competition participation prize,evento o torneo,Mewtwo HR Competition participation prize,"Bulbapedia (CC BY-NC-SA), 9/10/2026"
SM-P,363/SM-P,363,Mewtwo,Mewtwo HR Competition qualification prize,evento o torneo,Mewtwo HR Competition qualification prize,"Bulbapedia (CC BY-NC-SA), 9/10/2026"
SM-P,364/SM-P,364,Mewtwo,Mewtwo HR Competition winner prize,evento o torneo,Mewtwo HR Competition winner prize,"Bulbapedia (CC BY-NC-SA), 9/10/2026"
SM-P,365/SM-P,365,Armored Mewtwo,"Mewtwo Strikes Back—Evolution ticket giveaway (July 12, 2019)",campagna d'acquisto,"Mewtwo Strikes Back—Evolution ticket giveaway (July 12, 2019)","Bulbapedia (CC BY-NC-SA), 9/10/2026"
SM-P,366/SM-P,366,Charizard,Mewtwo Strikes Back—Evolution Special Advance Ticket 7-Eleven Limited Set,campagna d'acquisto,Mewtwo Strikes Back—Evolution Special Advance Ticket 7-Eleven Limited Set,"Bulbapedia (CC BY-NC-SA), 9/10/2026"
SM-P,367/SM-P,367,Pikachu,Mewtwo & Mew-GX Special Jumbo Card Pack,prodotto speciale,Mewtwo & Mew-GX Special Jumbo Card Pack,"Bulbapedia (CC BY-NC-SA), 9/10/2026"
SM-P,368/SM-P,368,Kangaskhan,Family Pokémon Card Game & GX Start Battle ~Get Kangaskhan~ participation prize,evento o torneo,Family Pokémon Card Game & GX Start Battle ~Get Kangaskhan~ participation prize,"Bulbapedia (CC BY-NC-SA), 9/10/2026"
SM-P,369/SM-P,369,Pikachu,"Together With the Wind Deluxe Edition insert (July 10, 2019)",altro,"Together With the Wind Deluxe Edition insert (July 10, 2019)","Bulbapedia (CC BY-NC-SA), 9/10/2026"
SM-P,370/SM-P,370,Red's Challenge,Pokémon Card Gym New Battle winner's prize (July/August format),evento o torneo,Pokémon Card Gym New Battle winner's prize (July/August format),"Bulbapedia (CC BY-NC-SA), 9/10/2026"
SM-P,371/SM-P,371,Eevee,"Pokémon Card Friendly Shop purchase campaign (July 5, 2019)",campagna d'acquisto,"Pokémon Card Friendly Shop purchase campaign (July 5, 2019)","Bulbapedia (CC BY-NC-SA), 9/10/2026"
SM-P,372/SM-P,372,Dusknoir,Remix Bout booster box purchase campaign,campagna d'acquisto,Remix Bout booster box purchase campaign,"Bulbapedia (CC BY-NC-SA), 9/10/2026"
SM-P,373/SM-P,373,Chikorita,"Pokémon Card Station event participation prize (July 1, 2019)",evento o torneo,"Pokémon Card Station event participation prize (July 1, 2019)","Bulbapedia (CC BY-NC-SA), 9/10/2026"
SM-P,374/SM-P,374,Litten,"Pokémon Card Station event participation prize (July 1, 2019)",evento o torneo,"Pokémon Card Station event participation prize (July 1, 2019)","Bulbapedia (CC BY-NC-SA), 9/10/2026"
SM-P,375/SM-P,375,Meowth,"Pokémon Card Station event participation prize (July 1, 2019)",evento o torneo,"Pokémon Card Station event participation prize (July 1, 2019)","Bulbapedia (CC BY-NC-SA), 9/10/2026"
SM-P,376/SM-P,376,Pikachu,Lawson Summer Campaign,campagna d'acquisto,Lawson Summer Campaign,"Bulbapedia (CC BY-NC-SA), 9/10/2026"
SM-P,377/SM-P,377,Pikachu,Lawson Summer Campaign,campagna d'acquisto,Lawson Summer Campaign,"Bulbapedia (CC BY-NC-SA), 9/10/2026"
SM-P,378/SM-P,378,Eevee,Lawson Summer Campaign,campagna d'acquisto,Lawson Summer Campaign,"Bulbapedia (CC BY-NC-SA), 9/10/2026"
SM-P,379/SM-P,379,Alolan Vulpix,Lawson Summer Campaign,campagna d'acquisto,Lawson Summer Campaign,"Bulbapedia (CC BY-NC-SA), 9/10/2026"
SM-P,380/SM-P,380,Water Energy,Lawson Summer Campaign,campagna d'acquisto,Lawson Summer Campaign,"Bulbapedia (CC BY-NC-SA), 9/10/2026"
SM-P,381/SM-P,381,Clefairy,Dream League booster box purchase campaign,evento o torneo,Dream League booster box purchase campaign,"Bulbapedia (CC BY-NC-SA), 9/10/2026"
SM-P,382/SM-P,382,Leafeon,September 2019-November 2019 Pokémon Card Gym pack,evento o torneo,September 2019-November 2019 Pokémon Card Gym pack,"Bulbapedia (CC BY-NC-SA), 9/10/2026"
SM-P,383/SM-P,383,Larvesta,September 2019-November 2019 Pokémon Card Gym pack,evento o torneo,September 2019-November 2019 Pokémon Card Gym pack,"Bulbapedia (CC BY-NC-SA), 9/10/2026"
SM-P,384/SM-P,384,Alolan Sandslash,September 2019-November 2019 Pokémon Card Gym pack,evento o torneo,September 2019-November 2019 Pokémon Card Gym pack,"Bulbapedia (CC BY-NC-SA), 9/10/2026"
SM-P,385/SM-P,385,Glaceon,September 2019-November 2019 Pokémon Card Gym pack,evento o torneo,September 2019-November 2019 Pokémon Card Gym pack,"Bulbapedia (CC BY-NC-SA), 9/10/2026"
SM-P,386/SM-P,386,Golett,September 2019-November 2019 Pokémon Card Gym pack,evento o torneo,September 2019-November 2019 Pokémon Card Gym pack,"Bulbapedia (CC BY-NC-SA), 9/10/2026"
SM-P,387/SM-P,387,Aipom,September 2019-November 2019 Pokémon Card Gym pack,evento o torneo,September 2019-November 2019 Pokémon Card Gym pack,"Bulbapedia (CC BY-NC-SA), 9/10/2026"
SM-P,388/SM-P,388,Rainbow Flower,September 2019-November 2019 Pokémon Card Gym pack,evento o torneo,September 2019-November 2019 Pokémon Card Gym pack,"Bulbapedia (CC BY-NC-SA), 9/10/2026"
SM-P,389/SM-P,389,Alolan Ninetales,Alter Genesis booster box purchase campaign,campagna d'acquisto,Alter Genesis booster box purchase campaign,"Bulbapedia (CC BY-NC-SA), 9/10/2026"
SM-P,390/SM-P,390,Hapu,Pokémon Card Gym New Battle winner's prize (September/October format),evento o torneo,Pokémon Card Gym New Battle winner's prize (September/October format),"Bulbapedia (CC BY-NC-SA), 9/10/2026"
SM-P,391/SM-P,391,Regigigas,"CoroCoro Ichiban! November 2019 issue insert (September 21, 2019)",altro,"CoroCoro Ichiban! November 2019 issue insert (September 21, 2019)","Bulbapedia (CC BY-NC-SA), 9/10/2026"
SM-P,392/SM-P,392,Playing in the Sea Pikachu,My251 Pokémon Center Midsummer Shining Grand Plan booster pack purchase,Pokemon Center,My251 Pokémon Center Midsummer Shining Grand Plan booster pack purchase,"Bulbapedia (CC BY-NC-SA), 9/10/2026"
SM-P,393/SM-P,393,Pikachu,BEAMS & Pokémon Card Game Collaboration Project giveaway,altro,BEAMS & Pokémon Card Game Collaboration Project giveaway,"Bulbapedia (CC BY-NC-SA), 9/10/2026"
SM-P,394/SM-P,394,Hau,Extra Battle Day participation prize,evento o torneo,Extra Battle Day participation prize,"Bulbapedia (CC BY-NC-SA), 9/10/2026"
SM-P,395/SM-P,395,Acerola,Extra Battle Day winner's prize,evento o torneo,Extra Battle Day winner's prize,"Bulbapedia (CC BY-NC-SA), 9/10/2026"
SM-P,396/SM-P,396,Guzma,Extra Battle Day winner's prize,evento o torneo,Extra Battle Day winner's prize,"Bulbapedia (CC BY-NC-SA), 9/10/2026"
SM-P,397/SM-P,397,Lillie,Extra Battle Day winner's prize,evento o torneo,Extra Battle Day winner's prize,"Bulbapedia (CC BY-NC-SA), 9/10/2026"
SM-P,398/SM-P,398,Player's Ceremony,2018-2019 season Championship Point reward,evento o torneo,2018-2019 season Championship Point reward,"Bulbapedia (CC BY-NC-SA), 9/10/2026"
SM-P,399/SM-P,399,Eevee,"Pokémon Card Friendly Shop purchase campaign (October 4, 2019)",campagna d'acquisto,"Pokémon Card Friendly Shop purchase campaign (October 4, 2019)","Bulbapedia (CC BY-NC-SA), 9/10/2026"
SM-P,400/SM-P,400,Pikachu,Limited Collection Master Battle Set,evento o torneo,Limited Collection Master Battle Set,"Bulbapedia (CC BY-NC-SA), 9/10/2026"
SM-P,401/SM-P,401,Friends in Alola,Limited Collection Master Battle Set,evento o torneo,Limited Collection Master Battle Set,"Bulbapedia (CC BY-NC-SA), 9/10/2026"
SM-P,402/SM-P,402,Pokémon Communication,School Festa 2019,altro,School Festa 2019,"Bulbapedia (CC BY-NC-SA), 9/10/2026"
SM-P,403/SM-P,403,Eevee,Champion's League 2020 Tokyo participation prize,evento o torneo,Champion's League 2020 Tokyo participation prize,"Bulbapedia (CC BY-NC-SA), 9/10/2026"
SM-P,404/SM-P,404,Volcanion,Champion's League 2020 Tokyo: 6 Play Point prize,evento o torneo,Champion's League 2020 Tokyo: 6 Play Point prize,"Bulbapedia (CC BY-NC-SA), 9/10/2026"
SM-P,405/SM-P,405,Mewtwo,Champion's League 2020 Tokyo: 6 Play Point prize,evento o torneo,Champion's League 2020 Tokyo: 6 Play Point prize,"Bulbapedia (CC BY-NC-SA), 9/10/2026"
SM-P,406/SM-P,406,Pal Pad,Champion's League 2020 winner's prize,evento o torneo,Champion's League 2020 winner's prize,"Bulbapedia (CC BY-NC-SA), 9/10/2026"
SM-P,407/SM-P,407,Pretend Comedian Pikachu,"Pokémon Center Osaka DX Opening (September 20, 2019)",Pokemon Center,"Pokémon Center Osaka DX Opening (September 20, 2019)","Bulbapedia (CC BY-NC-SA), 9/10/2026"
SM-P,408/SM-P,408,Gardevoir,"Pokémon Center booster pack purchase (October 4, 2019)",Pokemon Center,"Pokémon Center booster pack purchase (October 4, 2019)","Bulbapedia (CC BY-NC-SA), 9/10/2026"
S-P,001/S-P,1,Pikachu,Pokémon Sword and Shield pre-order insert,campagna d'acquisto,Pokémon Sword and Shield pre-order insert,"Bulbapedia (CC BY-NC-SA), 9/10/2026"
S-P,002/S-P,2,Shibuya's Pikachu,"Pokémon Center Shibuya Opening (November 22, 2019)",Pokemon Center,"Pokémon Center Shibuya Opening (November 22, 2019)","Bulbapedia (CC BY-NC-SA), 9/10/2026"
S-P,003/S-P,3,Rayquaza,V Starter Sets purchase campaign,prodotto speciale,V Starter Sets purchase campaign,"Bulbapedia (CC BY-NC-SA), 9/10/2026"
S-P,004/S-P,4,Wooloo,Pokémon V Start Battle ~Get Wooloo~ participation prize,evento o torneo,Pokémon V Start Battle ~Get Wooloo~ participation prize,"Bulbapedia (CC BY-NC-SA), 9/10/2026"
S-P,005/S-P,5,Hop,Sword and Shield booster box purchase campaign,campagna d'acquisto,Sword and Shield booster box purchase campaign,"Bulbapedia (CC BY-NC-SA), 9/10/2026"
S-P,006/S-P,6,Scorbunny,"Pokémon Card Station event participation prize (November 29, 2019)",evento o torneo,"Pokémon Card Station event participation prize (November 29, 2019)","Bulbapedia (CC BY-NC-SA), 9/10/2026"
S-P,007/S-P,7,Grookey,"Pokémon Card Station event participation prize (November 29, 2019)",evento o torneo,"Pokémon Card Station event participation prize (November 29, 2019)","Bulbapedia (CC BY-NC-SA), 9/10/2026"
S-P,008/S-P,8,Sobble,"Pokémon Card Station event participation prize (November 29, 2019)",evento o torneo,"Pokémon Card Station event participation prize (November 29, 2019)","Bulbapedia (CC BY-NC-SA), 9/10/2026"
S-P,009/S-P,9,Grass Energy [Pokémon Card Station Stamp],Pokémon Card Station: Pokémon Card Game Classroom participation prize,evento o torneo,Pokémon Card Station: Pokémon Card Game Classroom participation prize,"Bulbapedia (CC BY-NC-SA), 9/10/2026"
S-P,010/S-P,10,Fire Energy [Pokémon Card Station Stamp],Pokémon Card Station: Pokémon Card Game Classroom participation prize,evento o torneo,Pokémon Card Station: Pokémon Card Game Classroom participation prize,"Bulbapedia (CC BY-NC-SA), 9/10/2026"
S-P,011/S-P,11,Water Energy [Pokémon Card Station Stamp],Pokémon Card Station: Pokémon Card Game Classroom participation prize,evento o torneo,Pokémon Card Station: Pokémon Card Game Classroom participation prize,"Bulbapedia (CC BY-NC-SA), 9/10/2026"
S-P,012/S-P,12,Lightning Energy [Pokémon Card Station Stamp],Pokémon Card Station: Pokémon Card Game Classroom participation prize,evento o torneo,Pokémon Card Station: Pokémon Card Game Classroom participation prize,"Bulbapedia (CC BY-NC-SA), 9/10/2026"
S-P,013/S-P,13,Psychic Energy [Pokémon Card Station Stamp],Pokémon Card Station: Pokémon Card Game Classroom participation prize,evento o torneo,Pokémon Card Station: Pokémon Card Game Classroom participation prize,"Bulbapedia (CC BY-NC-SA), 9/10/2026"
S-P,014/S-P,14,Fighting Energy [Pokémon Card Station Stamp],Pokémon Card Station: Pokémon Card Game Classroom participation prize,evento o torneo,Pokémon Card Station: Pokémon Card Game Classroom participation prize,"Bulbapedia (CC BY-NC-SA), 9/10/2026"
S-P,015/S-P,15,Darkness Energy [Pokémon Card Station Stamp],Pokémon Card Station: Pokémon Card Game Classroom participation prize,evento o torneo,Pokémon Card Station: Pokémon Card Game Classroom participation prize,"Bulbapedia (CC BY-NC-SA), 9/10/2026"
S-P,016/S-P,16,Metal Energy [Pokémon Card Station Stamp],Pokémon Card Station: Pokémon Card Game Classroom participation prize,evento o torneo,Pokémon Card Station: Pokémon Card Game Classroom participation prize,"Bulbapedia (CC BY-NC-SA), 9/10/2026"
S-P,017/S-P,17,Potion,"Grookey, Scorbunny & Sobble Card Box",prodotto speciale,"Grookey, Scorbunny & Sobble Card Box","Bulbapedia (CC BY-NC-SA), 9/10/2026"
S-P,018/S-P,18,Full Heal,"Grookey, Scorbunny & Sobble Card Box",prodotto speciale,"Grookey, Scorbunny & Sobble Card Box","Bulbapedia (CC BY-NC-SA), 9/10/2026"
S-P,019/S-P,19,Poké Ball,"Grookey, Scorbunny & Sobble Card Box",prodotto speciale,"Grookey, Scorbunny & Sobble Card Box","Bulbapedia (CC BY-NC-SA), 9/10/2026"
S-P,020/S-P,20,Eiscue,Pokémon Card Gym Promo Card Pack 1 (December 2019-February 2020),evento o torneo,Pokémon Card Gym Promo Card Pack 1 (December 2019-February 2020),"Bulbapedia (CC BY-NC-SA), 9/10/2026"
S-P,021/S-P,21,Gossifleur,Pokémon Card Gym Promo Card Pack 1 (December 2019-February 2020),evento o torneo,Pokémon Card Gym Promo Card Pack 1 (December 2019-February 2020),"Bulbapedia (CC BY-NC-SA), 9/10/2026"
S-P,022/S-P,22,Cinderace,Pokémon Card Gym Promo Card Pack 1 (December 2019-February 2020),evento o torneo,Pokémon Card Gym Promo Card Pack 1 (December 2019-February 2020),"Bulbapedia (CC BY-NC-SA), 9/10/2026"
S-P,023/S-P,23,Mantine,Pokémon Card Gym Promo Card Pack 1 (December 2019-February 2020),evento o torneo,Pokémon Card Gym Promo Card Pack 1 (December 2019-February 2020),"Bulbapedia (CC BY-NC-SA), 9/10/2026"
S-P,024/S-P,24,Pikachu,Pokémon Card Gym Promo Card Pack 1 (December 2019-February 2020),evento o torneo,Pokémon Card Gym Promo Card Pack 1 (December 2019-February 2020),"Bulbapedia (CC BY-NC-SA), 9/10/2026"
S-P,025/S-P,25,Galarian Ponyta,Pokémon Card Gym Promo Card Pack 1 (December 2019-February 2020),evento o torneo,Pokémon Card Gym Promo Card Pack 1 (December 2019-February 2020),"Bulbapedia (CC BY-NC-SA), 9/10/2026"
S-P,026/S-P,26,Noctowl,Pokémon Card Gym Promo Card Pack 1 (December 2019-February 2020),evento o torneo,Pokémon Card Gym Promo Card Pack 1 (December 2019-February 2020),"Bulbapedia (CC BY-NC-SA), 9/10/2026"
S-P,027/S-P,27,Bede,Pokémon Card Gym New Battle winner's prize (December-February format),evento o torneo,Pokémon Card Gym New Battle winner's prize (December-February format),"Bulbapedia (CC BY-NC-SA), 9/10/2026"
S-P,028/S-P,28,Meowth,Pokémon Card Challenge mission 1 participation prize,evento o torneo,Pokémon Card Challenge mission 1 participation prize || Champion's League 2020 Aichi: 6 Play Point prize,"Bulbapedia (CC BY-NC-SA), 9/10/2026"
S-P,029/S-P,29,Meowth,Pokémon Card Challenge mission 2 participation prize,evento o torneo,Pokémon Card Challenge mission 2 participation prize || Champion's League 2020 Aichi: 10 Play Point prize,"Bulbapedia (CC BY-NC-SA), 9/10/2026"
S-P,030/S-P,30,Duraludon,"CoroCoro Ichiban! February 2020 issue insert (December 21, 2019)",altro,"CoroCoro Ichiban! February 2020 issue insert (December 21, 2019)","Bulbapedia (CC BY-NC-SA), 9/10/2026"
S-P,031/S-P,31,Pal Pad,Champion's League 2020 Aichi winner's prize,evento o torneo,Champion's League 2020 Aichi winner's prize,"Bulbapedia (CC BY-NC-SA), 9/10/2026"
S-P,032/S-P,32,Morpeko,Champion's League 2020 Aichi participation prize,evento o torneo,Champion's League 2020 Aichi participation prize,"Bulbapedia (CC BY-NC-SA), 9/10/2026"
S-P,033/S-P,33,Pincurchin,Champion's League 2020 Aichi: 14 Play Point prize,evento o torneo,Champion's League 2020 Aichi: 14 Play Point prize,"Bulbapedia (CC BY-NC-SA), 9/10/2026"
S-P,034/S-P,34,Scorbunny,Pokémon Card Game Classroom participation prize,evento o torneo,Pokémon Card Game Classroom participation prize,"Bulbapedia (CC BY-NC-SA), 9/10/2026"
S-P,035/S-P,35,Morpeko,"Pokémon Card Friendly Shop purchase campaign (February 7, 2020)",campagna d'acquisto,"Pokémon Card Friendly Shop purchase campaign (February 7, 2020)","Bulbapedia (CC BY-NC-SA), 9/10/2026"
S-P,036/S-P,36,Rescue Team DX's Pikachu,Geo Pokémon Mystery Dungeon: Rescue Team DX purchase campaign,campagna d'acquisto,Geo Pokémon Mystery Dungeon: Rescue Team DX purchase campaign,"Bulbapedia (CC BY-NC-SA), 9/10/2026"
S-P,037/S-P,37,Copperajah,Rebellion Crash booster box purchase campaign,campagna d'acquisto,Rebellion Crash booster box purchase campaign,"Bulbapedia (CC BY-NC-SA), 9/10/2026"
S-P,038/S-P,38,Flareon,Pokémon Card Gym Promo Card Pack 2 (March-July 2020),evento o torneo,Pokémon Card Gym Promo Card Pack 2 (March-July 2020),"Bulbapedia (CC BY-NC-SA), 9/10/2026"
S-P,039/S-P,39,Luxio,Pokémon Card Gym Promo Card Pack 2 (March-July 2020),evento o torneo,Pokémon Card Gym Promo Card Pack 2 (March-July 2020),"Bulbapedia (CC BY-NC-SA), 9/10/2026"
S-P,040/S-P,40,Polteageist,Pokémon Card Gym Promo Card Pack 2 (March-July 2020),evento o torneo,Pokémon Card Gym Promo Card Pack 2 (March-July 2020),"Bulbapedia (CC BY-NC-SA), 9/10/2026"
S-P,041/S-P,41,Hatenna,Pokémon Card Gym Promo Card Pack 2 (March-July 2020),evento o torneo,Pokémon Card Gym Promo Card Pack 2 (March-July 2020),"Bulbapedia (CC BY-NC-SA), 9/10/2026"
S-P,042/S-P,42,Rolycoly,Pokémon Card Gym Promo Card Pack 2 (March-July 2020),evento o torneo,Pokémon Card Gym Promo Card Pack 2 (March-July 2020),"Bulbapedia (CC BY-NC-SA), 9/10/2026"
S-P,043/S-P,43,Trubbish,Pokémon Card Gym Promo Card Pack 2 (March-July 2020),evento o torneo,Pokémon Card Gym Promo Card Pack 2 (March-July 2020),"Bulbapedia (CC BY-NC-SA), 9/10/2026"
S-P,044/S-P,44,Eevee,Pokémon Card Gym Promo Card Pack 2 (March-July 2020),evento o torneo,Pokémon Card Gym Promo Card Pack 2 (March-July 2020),"Bulbapedia (CC BY-NC-SA), 9/10/2026"
S-P,045/S-P,45,Struggle Gloves,Pokémon Card Gym Promo Card Pack 2 (March-July 2020),evento o torneo,Pokémon Card Gym Promo Card Pack 2 (March-July 2020),"Bulbapedia (CC BY-NC-SA), 9/10/2026"
S-P,046/S-P,46,Sonia,Pokémon Card Gym New Battle winner's prize (March-June format),evento o torneo,Pokémon Card Gym New Battle winner's prize (March-June format),"Bulbapedia (CC BY-NC-SA), 9/10/2026"
S-P,047/S-P,47,Pincurchin,"CoroCoro Ichiban! May 2020 issue insert (March 21, 2020)",altro,"CoroCoro Ichiban! May 2020 issue insert (March 21, 2020)","Bulbapedia (CC BY-NC-SA), 9/10/2026"
S-P,048/S-P,48,Toxtricity,Rebellion Crash V Special Set,prodotto speciale,Rebellion Crash V Special Set,"Bulbapedia (CC BY-NC-SA), 9/10/2026"
S-P,049/S-P,49,Speed Energy,Rebellion Crash V Special Set,prodotto speciale,Rebellion Crash V Special Set,"Bulbapedia (CC BY-NC-SA), 9/10/2026"
S-P,050/S-P,50,Sobble,Event Organizer Trainer's Pack (April 2020),evento o torneo,Event Organizer Trainer's Pack (April 2020),"Bulbapedia (CC BY-NC-SA), 9/10/2026"
S-P,051/S-P,51,Potion,Event Organizer Trainer's Pack (April 2020),evento o torneo,Event Organizer Trainer's Pack (April 2020),"Bulbapedia (CC BY-NC-SA), 9/10/2026"
S-P,052/S-P,52,Rare Candy,Event Organizer Trainer's Pack (April 2020),evento o torneo,Event Organizer Trainer's Pack (April 2020),"Bulbapedia (CC BY-NC-SA), 9/10/2026"
S-P,053/S-P,53,Switch,Event Organizer Trainer's Pack (April 2020),evento o torneo,Event Organizer Trainer's Pack (April 2020),"Bulbapedia (CC BY-NC-SA), 9/10/2026"
S-P,054/S-P,54,Poké Ball,Event Organizer Trainer's Pack (April 2020),evento o torneo,Event Organizer Trainer's Pack (April 2020),"Bulbapedia (CC BY-NC-SA), 9/10/2026"
S-P,055/S-P,55,Vitality Band,Event Organizer Trainer's Pack (April 2020),evento o torneo,Event Organizer Trainer's Pack (April 2020),"Bulbapedia (CC BY-NC-SA), 9/10/2026"
S-P,056/S-P,56,Bede,Event Organizer Trainer's Pack (April 2020),evento o torneo,Event Organizer Trainer's Pack (April 2020),"Bulbapedia (CC BY-NC-SA), 9/10/2026"
S-P,057/S-P,57,Poké Kid,Event Organizer Trainer's Pack (April 2020),evento o torneo,Event Organizer Trainer's Pack (April 2020),"Bulbapedia (CC BY-NC-SA), 9/10/2026"
S-P,058/S-P,58,Hop,Event Organizer Trainer's Pack (April 2020),evento o torneo,Event Organizer Trainer's Pack (April 2020),"Bulbapedia (CC BY-NC-SA), 9/10/2026"
S-P,059/S-P,59,Indeedee,Champion's League 2021 winner's prize,evento o torneo,Champion's League 2021 winner's prize || Pokémon Japan Championships 2021 winner's prize,"Bulbapedia (CC BY-NC-SA), 9/10/2026"
S-P,060/S-P,60,Grass Energy [CL2020 Stamp],Champion's League 2021 participation prize,evento o torneo,Champion's League 2021 participation prize || Pokémon Japan Championships 2021 participation prize,"Bulbapedia (CC BY-NC-SA), 9/10/2026"
S-P,061/S-P,61,Fire Energy [CL2020 Stamp],Champion's League 2021 participation prize,evento o torneo,Champion's League 2021 participation prize || Pokémon Japan Championships 2021 participation prize,"Bulbapedia (CC BY-NC-SA), 9/10/2026"
S-P,062/S-P,62,Water Energy [CL2020 Stamp],Champion's League 2021 participation prize,evento o torneo,Champion's League 2021 participation prize || Pokémon Japan Championships 2021 participation prize,"Bulbapedia (CC BY-NC-SA), 9/10/2026"
S-P,063/S-P,63,Lightning Energy [CL2020 Stamp],Champion's League 2021 participation prize,evento o torneo,Champion's League 2021 participation prize || Pokémon Japan Championships 2021 participation prize,"Bulbapedia (CC BY-NC-SA), 9/10/2026"
S-P,064/S-P,64,Psychic Energy [CL2020 Stamp],Champion's League 2021 participation prize,evento o torneo,Champion's League 2021 participation prize || Pokémon Japan Championships 2021 participation prize,"Bulbapedia (CC BY-NC-SA), 9/10/2026"
S-P,065/S-P,65,Fighting Energy [CL2020 Stamp],Champion's League 2021 participation prize,evento o torneo,Champion's League 2021 participation prize || Pokémon Japan Championships 2021 participation prize,"Bulbapedia (CC BY-NC-SA), 9/10/2026"
S-P,066/S-P,66,Darkness Energy [CL2020 Stamp],Champion's League 2021 participation prize,evento o torneo,Champion's League 2021 participation prize || Pokémon Japan Championships 2021 participation prize,"Bulbapedia (CC BY-NC-SA), 9/10/2026"
S-P,067/S-P,67,Metal Energy [CL2020 Stamp],Champion's League 2021 participation prize,evento o torneo,Champion's League 2021 participation prize || Pokémon Japan Championships 2021 participation prize,"Bulbapedia (CC BY-NC-SA), 9/10/2026"
S-P,068/S-P,68,Morpeko,"Pokémon Card Friendly Shop purchase campaign (April 24, 2020)",campagna d'acquisto,"Pokémon Card Friendly Shop purchase campaign (April 24, 2020)","Bulbapedia (CC BY-NC-SA), 9/10/2026"
S-P,069/S-P,69,Pokémon Center Lady,Infinity Zone booster box purchase campaign,campagna d'acquisto,Infinity Zone booster box purchase campaign,"Bulbapedia (CC BY-NC-SA), 9/10/2026"
S-P,070/S-P,70,Dartrix,Pokémon Card Gym Promo Card Pack 3 (July-September 2020),evento o torneo,Pokémon Card Gym Promo Card Pack 3 (July-September 2020),"Bulbapedia (CC BY-NC-SA), 9/10/2026"
S-P,071/S-P,71,Vaporeon,Pokémon Card Gym Promo Card Pack 3 (July-September 2020),evento o torneo,Pokémon Card Gym Promo Card Pack 3 (July-September 2020),"Bulbapedia (CC BY-NC-SA), 9/10/2026"
S-P,072/S-P,72,Trapinch,Pokémon Card Gym Promo Card Pack 3 (July-September 2020),evento o torneo,Pokémon Card Gym Promo Card Pack 3 (July-September 2020),"Bulbapedia (CC BY-NC-SA), 9/10/2026"
S-P,073/S-P,73,Spinarak,Pokémon Card Gym Promo Card Pack 3 (July-September 2020),evento o torneo,Pokémon Card Gym Promo Card Pack 3 (July-September 2020),"Bulbapedia (CC BY-NC-SA), 9/10/2026"
S-P,074/S-P,74,Cufant,Pokémon Card Gym Promo Card Pack 3 (July-September 2020),evento o torneo,Pokémon Card Gym Promo Card Pack 3 (July-September 2020),"Bulbapedia (CC BY-NC-SA), 9/10/2026"
S-P,075/S-P,75,Eevee,Pokémon Card Gym Promo Card Pack 3 (July-September 2020),evento o torneo,Pokémon Card Gym Promo Card Pack 3 (July-September 2020),"Bulbapedia (CC BY-NC-SA), 9/10/2026"
S-P,076/S-P,76,Greedent,Pokémon Card Gym Promo Card Pack 3 (July-September 2020),evento o torneo,Pokémon Card Gym Promo Card Pack 3 (July-September 2020),"Bulbapedia (CC BY-NC-SA), 9/10/2026"
S-P,077/S-P,77,Cara Liss,Pokémon Card Gym Promo Card Pack 3 (July-September 2020),evento o torneo,Pokémon Card Gym Promo Card Pack 3 (July-September 2020),"Bulbapedia (CC BY-NC-SA), 9/10/2026"
S-P,078/S-P,78,Milo,Pokémon Card Gym New Battle winner's prize (July/August format),evento o torneo,Pokémon Card Gym New Battle winner's prize (July/August format),"Bulbapedia (CC BY-NC-SA), 9/10/2026"
S-P,079/S-P,79,Eternatus,"Eternatus Challenge Campaign (June 5, 2020)",campagna d'acquisto,"Eternatus Challenge Campaign (June 5, 2020)","Bulbapedia (CC BY-NC-SA), 9/10/2026"
S-P,080/S-P,80,Eternatus,"Eternatus Challenge Campaign (June 5, 2020)",campagna d'acquisto,"Eternatus Challenge Campaign (June 5, 2020)","Bulbapedia (CC BY-NC-SA), 9/10/2026"
S-P,081/S-P,81,Hoopa,"Eternatus Challenge Campaign (June 5, 2020)",campagna d'acquisto,"Eternatus Challenge Campaign (June 5, 2020)","Bulbapedia (CC BY-NC-SA), 9/10/2026"
S-P,082/S-P,82,Galarian Obstagoon,"Eternatus Challenge Campaign (June 5, 2020)",campagna d'acquisto,"Eternatus Challenge Campaign (June 5, 2020)","Bulbapedia (CC BY-NC-SA), 9/10/2026"
S-P,083/S-P,83,Darkness Energy [Eternatus Campaign Stamp],"Eternatus Challenge Campaign (June 5, 2020)",campagna d'acquisto,"Eternatus Challenge Campaign (June 5, 2020)","Bulbapedia (CC BY-NC-SA), 9/10/2026"
S-P,084/S-P,84,Thievul,"CoroCoro Ichiban! August 2020 issue insert (June 20, 2020)",altro,"CoroCoro Ichiban! August 2020 issue insert (June 20, 2020)","Bulbapedia (CC BY-NC-SA), 9/10/2026"
S-P,085/S-P,85,Team Yell Grunt,"""Have Fun. Spring, Pokémon Card."" campaign phase 1 (April 3, 2020)",campagna d'acquisto,"""Have Fun. Spring, Pokémon Card."" campaign phase 1 (April 3, 2020)","Bulbapedia (CC BY-NC-SA), 9/10/2026"
S-P,086/S-P,86,Marnie,"""Have Fun. Spring, Pokémon Card."" campaign phase 1 (April 3, 2020)",campagna d'acquisto,"""Have Fun. Spring, Pokémon Card."" campaign phase 1 (April 3, 2020)","Bulbapedia (CC BY-NC-SA), 9/10/2026"
S-P,087/S-P,87,Guzma & Hala,"""Have Fun. Spring, Pokémon Card."" campaign phase 2 (April 17, 2020)",campagna d'acquisto,"""Have Fun. Spring, Pokémon Card."" campaign phase 2 (April 17, 2020)","Bulbapedia (CC BY-NC-SA), 9/10/2026"
S-P,088/S-P,88,Cynthia & Caitlin,"""Have Fun. Spring, Pokémon Card."" campaign phase 2 (April 17, 2020)",campagna d'acquisto,"""Have Fun. Spring, Pokémon Card."" campaign phase 2 (April 17, 2020)","Bulbapedia (CC BY-NC-SA), 9/10/2026"
S-P,089/S-P,89,Mallow & Lana,"""Have Fun. Spring, Pokémon Card."" campaign phase 2 (April 17, 2020)",campagna d'acquisto,"""Have Fun. Spring, Pokémon Card."" campaign phase 2 (April 17, 2020)","Bulbapedia (CC BY-NC-SA), 9/10/2026"
S-P,090/S-P,90,Grass Energy [Pokémon Card Gym Stamp],"""Have Fun. Spring, Pokémon Card."" campaign phase 3 (May 1, 2020)",campagna d'acquisto,"""Have Fun. Spring, Pokémon Card."" campaign phase 3 (May 1, 2020)","Bulbapedia (CC BY-NC-SA), 9/10/2026"
S-P,091/S-P,91,Fire Energy [Pokémon Card Gym Stamp],"""Have Fun. Spring, Pokémon Card."" campaign phase 3 (May 1, 2020)",campagna d'acquisto,"""Have Fun. Spring, Pokémon Card."" campaign phase 3 (May 1, 2020)","Bulbapedia (CC BY-NC-SA), 9/10/2026"
S-P,092/S-P,92,Water Energy [Pokémon Card Gym Stamp],"""Have Fun. Spring, Pokémon Card."" campaign phase 3 (May 1, 2020)",campagna d'acquisto,"""Have Fun. Spring, Pokémon Card."" campaign phase 3 (May 1, 2020)","Bulbapedia (CC BY-NC-SA), 9/10/2026"
S-P,093/S-P,93,Lightning Energy [Pokémon Card Gym Stamp],"""Have Fun. Spring, Pokémon Card."" campaign phase 3 (May 1, 2020)",campagna d'acquisto,"""Have Fun. Spring, Pokémon Card."" campaign phase 3 (May 1, 2020)","Bulbapedia (CC BY-NC-SA), 9/10/2026"
S-P,094/S-P,94,Psychic Energy [Pokémon Card Gym Stamp],"""Have Fun. Spring, Pokémon Card."" campaign phase 3 (May 1, 2020)",campagna d'acquisto,"""Have Fun. Spring, Pokémon Card."" campaign phase 3 (May 1, 2020)","Bulbapedia (CC BY-NC-SA), 9/10/2026"
S-P,095/S-P,95,Fighting Energy [Pokémon Card Gym Stamp],"""Have Fun. Spring, Pokémon Card."" campaign phase 3 (May 1, 2020)",campagna d'acquisto,"""Have Fun. Spring, Pokémon Card."" campaign phase 3 (May 1, 2020)","Bulbapedia (CC BY-NC-SA), 9/10/2026"
S-P,096/S-P,96,Darkness Energy [Pokémon Card Gym Stamp],"""Have Fun. Spring, Pokémon Card."" campaign phase 3 (May 1, 2020)",campagna d'acquisto,"""Have Fun. Spring, Pokémon Card."" campaign phase 3 (May 1, 2020)","Bulbapedia (CC BY-NC-SA), 9/10/2026"
S-P,097/S-P,97,Metal Energy [Pokémon Card Gym Stamp],"""Have Fun. Spring, Pokémon Card."" campaign phase 3 (May 1, 2020)",campagna d'acquisto,"""Have Fun. Spring, Pokémon Card."" campaign phase 3 (May 1, 2020)","Bulbapedia (CC BY-NC-SA), 9/10/2026"
S-P,098/S-P,98,Fairy Energy [Pokémon Card Gym Stamp],"""Have Fun. Spring, Pokémon Card."" campaign phase 3 (May 1, 2020)",campagna d'acquisto,"""Have Fun. Spring, Pokémon Card."" campaign phase 3 (May 1, 2020)","Bulbapedia (CC BY-NC-SA), 9/10/2026"
S-P,099/S-P,99,Detective Pikachu,POKÉMON Detective Pikachu broadcast commemoration campaign,campagna d'acquisto,POKÉMON Detective Pikachu broadcast commemoration campaign,"Bulbapedia (CC BY-NC-SA), 9/10/2026"
S-P,100/S-P,100,Eevee,V Start Battle ~Get Eevee~ participation prize,evento o torneo,V Start Battle ~Get Eevee~ participation prize || V Starter Deck Beginner Enhanced Battle participation prize || Deck As Is Battle ~Get Eevee~ participation prize,"Bulbapedia (CC BY-NC-SA), 9/10/2026"
S-P,101/S-P,101,Eevee,V Start Battle ~Get Eevee~ rock paper scissors competition prize,evento o torneo,V Start Battle ~Get Eevee~ rock paper scissors competition prize || V Starter Deck Beginner Enhanced Battle rock paper scissors competition prize || Deck As Is Battle ~Get Eevee~ rock paper scissors competition prize,"Bulbapedia (CC BY-NC-SA), 9/10/2026"
S-P,102/S-P,102,Gym Trainer,Charizard HR Competition participation prize,evento o torneo,Charizard HR Competition participation prize,"Bulbapedia (CC BY-NC-SA), 9/10/2026"
S-P,103/S-P,103,Charizard,Charizard HR Competition qualification prize,evento o torneo,Charizard HR Competition qualification prize || Sealed Battle at Home Campaign lottery winner,"Bulbapedia (CC BY-NC-SA), 9/10/2026"
S-P,104/S-P,104,Charizard,Charizard HR Competition winner prize,evento o torneo,Charizard HR Competition winner prize || Sealed Battle at Home Campaign lottery winner,"Bulbapedia (CC BY-NC-SA), 9/10/2026"
S-P,105/S-P,105,Swallowed Up Pikachu,Forest of Okoya Celebi & Zarude Special Advance Ticket 7-Eleven Set,campagna d'acquisto,Forest of Okoya Celebi & Zarude Special Advance Ticket 7-Eleven Set,"Bulbapedia (CC BY-NC-SA), 9/10/2026"
S-P,106/S-P,106,Koko,"Koko ticket giveaway (December 25, 2020)",campagna d'acquisto,"Koko ticket giveaway (December 25, 2020)","Bulbapedia (CC BY-NC-SA), 9/10/2026"
S-P,107/S-P,107,Morpeko,"Pokémon Card Friendly Shop purchase campaign (July 10, 2020)",campagna d'acquisto,"Pokémon Card Friendly Shop purchase campaign (July 10, 2020)","Bulbapedia (CC BY-NC-SA), 9/10/2026"
S-P,108/S-P,108,Zarude,Otona na Garigari-kun Pokémon promotion,altro,Otona na Garigari-kun Pokémon promotion,"Bulbapedia (CC BY-NC-SA), 9/10/2026"
S-P,109/S-P,109,Indeedee,"CoroCoro Ichiban! November 2020 issue insert (September 19, 2020)",altro,"CoroCoro Ichiban! November 2020 issue insert (September 19, 2020)","Bulbapedia (CC BY-NC-SA), 9/10/2026"
S-P,110/S-P,110,Orbeetle,Amazing Volt Tackle booster box purchase campaign,campagna d'acquisto,Amazing Volt Tackle booster box purchase campaign,"Bulbapedia (CC BY-NC-SA), 9/10/2026"
S-P,111/S-P,111,Hatterene,Pokémon Card Gym Promo Card Pack 4 (September-December 2020),evento o torneo,Pokémon Card Gym Promo Card Pack 4 (September-December 2020),"Bulbapedia (CC BY-NC-SA), 9/10/2026"
S-P,112/S-P,112,Charmander,Pokémon Card Gym Promo Card Pack 4 (September-December 2020),evento o torneo,Pokémon Card Gym Promo Card Pack 4 (September-December 2020),"Bulbapedia (CC BY-NC-SA), 9/10/2026"
S-P,113/S-P,113,Arrokuda,Pokémon Card Gym Promo Card Pack 4 (September-December 2020),evento o torneo,Pokémon Card Gym Promo Card Pack 4 (September-December 2020),"Bulbapedia (CC BY-NC-SA), 9/10/2026"
S-P,114/S-P,114,Jolteon,Pokémon Card Gym Promo Card Pack 4 (September-December 2020),evento o torneo,Pokémon Card Gym Promo Card Pack 4 (September-December 2020),"Bulbapedia (CC BY-NC-SA), 9/10/2026"
S-P,115/S-P,115,Phanpy,Pokémon Card Gym Promo Card Pack 4 (September-December 2020),evento o torneo,Pokémon Card Gym Promo Card Pack 4 (September-December 2020),"Bulbapedia (CC BY-NC-SA), 9/10/2026"
S-P,116/S-P,116,Krokorok,Pokémon Card Gym Promo Card Pack 4 (September-December 2020),evento o torneo,Pokémon Card Gym Promo Card Pack 4 (September-December 2020),"Bulbapedia (CC BY-NC-SA), 9/10/2026"
S-P,117/S-P,117,Eevee,Pokémon Card Gym Promo Card Pack 4 (September-December 2020),evento o torneo,Pokémon Card Gym Promo Card Pack 4 (September-December 2020),"Bulbapedia (CC BY-NC-SA), 9/10/2026"
S-P,118/S-P,118,Sordward & Shielbert,Pokémon Card Gym Promo Card Pack 4 (September-December 2020),evento o torneo,Pokémon Card Gym Promo Card Pack 4 (September-December 2020),"Bulbapedia (CC BY-NC-SA), 9/10/2026"
S-P,119/S-P,119,Plump Musician,"Koko Theme Song Collection Limited Edition insert (December 23, 2020)",altro,"Koko Theme Song Collection Limited Edition insert (December 23, 2020)","Bulbapedia (CC BY-NC-SA), 9/10/2026"
S-P,120/S-P,120,Rose,Pokémon Card Gym New Battle winner's prize (September-December format),evento o torneo,Pokémon Card Gym New Battle winner's prize (September-December format),"Bulbapedia (CC BY-NC-SA), 9/10/2026"
S-P,121/S-P,121,Pikachu,Amazing Volt Tackle Gigantic Pack Set,prodotto speciale,Amazing Volt Tackle Gigantic Pack Set,"Bulbapedia (CC BY-NC-SA), 9/10/2026"
S-P,122/S-P,122,Pikachu,"PikaPika! Pikachu! Promo Card Campaign! (September 18, 2020)",campagna d'acquisto,"PikaPika! Pikachu! Promo Card Campaign! (September 18, 2020)","Bulbapedia (CC BY-NC-SA), 9/10/2026"
S-P,123/S-P,123,Pikachu,"PikaPika! Pikachu! Promo Card Campaign! (September 18, 2020)",campagna d'acquisto,"PikaPika! Pikachu! Promo Card Campaign! (September 18, 2020)","Bulbapedia (CC BY-NC-SA), 9/10/2026"
S-P,124/S-P,124,Pikachu,"PikaPika! Pikachu! Promo Card Campaign! (September 18, 2020)",campagna d'acquisto,"PikaPika! Pikachu! Promo Card Campaign! (September 18, 2020)","Bulbapedia (CC BY-NC-SA), 9/10/2026"
S-P,125/S-P,125,Pikachu,"PikaPika! Pikachu! Promo Card Campaign! (September 18, 2020)",campagna d'acquisto,"PikaPika! Pikachu! Promo Card Campaign! (September 18, 2020)","Bulbapedia (CC BY-NC-SA), 9/10/2026"
S-P,126/S-P,126,Pikachu,"PikaPika! Pikachu! Promo Card Campaign! (September 18, 2020)",campagna d'acquisto,"PikaPika! Pikachu! Promo Card Campaign! (September 18, 2020)","Bulbapedia (CC BY-NC-SA), 9/10/2026"
S-P,127/S-P,127,Player's Ceremony,2019-2020 season Championship Point reward,evento o torneo,2019-2020 season Championship Point reward,"Bulbapedia (CC BY-NC-SA), 9/10/2026"
S-P,128/S-P,128,Professor's Research,2019-2020 season Championship Point reward,evento o torneo,2019-2020 season Championship Point reward,"Bulbapedia (CC BY-NC-SA), 9/10/2026"
S-P,129/S-P,129,Sobble [Lawson Stamp],"Lawson V Start Campaign (August 28, 2020)",campagna d'acquisto,"Lawson V Start Campaign (August 28, 2020)","Bulbapedia (CC BY-NC-SA), 9/10/2026"
S-P,130/S-P,130,Scorbunny,"Lawson V Start Campaign (August 28, 2020)",campagna d'acquisto,"Lawson V Start Campaign (August 28, 2020)","Bulbapedia (CC BY-NC-SA), 9/10/2026"
S-P,131/S-P,131,Sobble,"Lawson V Start Campaign (August 28, 2020)",campagna d'acquisto,"Lawson V Start Campaign (August 28, 2020)","Bulbapedia (CC BY-NC-SA), 9/10/2026"
S-P,132/S-P,132,Pikachu,"Lawson V Start Campaign (August 28, 2020)",campagna d'acquisto,"Lawson V Start Campaign (August 28, 2020)","Bulbapedia (CC BY-NC-SA), 9/10/2026"
S-P,133/S-P,133,Water Energy [Lawson Stamp],"Lawson V Start Campaign (August 28, 2020)",campagna d'acquisto,"Lawson V Start Campaign (August 28, 2020)","Bulbapedia (CC BY-NC-SA), 9/10/2026"
S-P,134/S-P,134,Morpeko[1],Unknown promotion,da classificare,Unknown promotion,"Bulbapedia (CC BY-NC-SA), 9/10/2026"
S-P,135/S-P,135,Galarian Zigzagoon,Champion's League 2021 participation prize,evento o torneo,Champion's League 2021 participation prize || Pokémon Japan Championships 2021 participation prize,"Bulbapedia (CC BY-NC-SA), 9/10/2026"
S-P,136/S-P,136,Vitality Band,Champion's League 2021 top 64 prize,evento o torneo,Champion's League 2021 top 64 prize || Pokémon Japan Championships 2021 top 64 prize,"Bulbapedia (CC BY-NC-SA), 9/10/2026"
S-P,137/S-P,137,Morpeko,"Pokémon Card Friendly Shop purchase campaign (November 20, 2020)",campagna d'acquisto,"Pokémon Card Friendly Shop purchase campaign (November 20, 2020)","Bulbapedia (CC BY-NC-SA), 9/10/2026"
S-P,138/S-P,138,Bede,Bede's Determination Trainer Card Collection,prodotto speciale,Bede's Determination Trainer Card Collection,"Bulbapedia (CC BY-NC-SA), 9/10/2026"
S-P,139/S-P,139,Hop,Hop's Daily Routine Trainer Card Collection,prodotto speciale,Hop's Daily Routine Trainer Card Collection,"Bulbapedia (CC BY-NC-SA), 9/10/2026"
S-P,140/S-P,140,Marnie,Marnie's Practice Trainer Card Collection,prodotto speciale,Marnie's Practice Trainer Card Collection,"Bulbapedia (CC BY-NC-SA), 9/10/2026"
S-P,141/S-P,141,Mismagius,"Pokémon Card Gym participation prize (October 10, 2020)",evento o torneo,"Pokémon Card Gym participation prize (October 10, 2020)","Bulbapedia (CC BY-NC-SA), 9/10/2026"
S-P,142/S-P,142,Sabrina & Brycen,"Pokémon Card Gym participation prize (October 10, 2020)",evento o torneo,"Pokémon Card Gym participation prize (October 10, 2020)","Bulbapedia (CC BY-NC-SA), 9/10/2026"
S-P,143/S-P,143,Charizard,"Pokémon Center booster pack purchase (October 23, 2020)",Pokemon Center,"Pokémon Center booster pack purchase (October 23, 2020)","Bulbapedia (CC BY-NC-SA), 9/10/2026"
S-P,144/S-P,144,Kanazawa's Pikachu,"Pokémon Center Kanazawa Opening (November 20, 2020)",Pokemon Center,"Pokémon Center Kanazawa Opening (November 20, 2020)","Bulbapedia (CC BY-NC-SA), 9/10/2026"
S-P,145/S-P,145,Milotic,Pokémon Center Kanazawa Open Commemoration Special Box,Pokemon Center,Pokémon Center Kanazawa Open Commemoration Special Box,"Bulbapedia (CC BY-NC-SA), 9/10/2026"
S-P,146/S-P,146,Sobble,Pokémon Center Kanazawa Open Commemoration Special Box,Pokemon Center,Pokémon Center Kanazawa Open Commemoration Special Box,"Bulbapedia (CC BY-NC-SA), 9/10/2026"
S-P,147/S-P,147,Kanazawa's Pikachu,Pokémon Center Kanazawa Open Commemoration Special Box,Pokemon Center,Pokémon Center Kanazawa Open Commemoration Special Box,"Bulbapedia (CC BY-NC-SA), 9/10/2026"
S-P,148/S-P,148,Genesect,VMAX Battle Triple Starter Set,prodotto speciale,VMAX Battle Triple Starter Set,"Bulbapedia (CC BY-NC-SA), 9/10/2026"
S-P,149/S-P,149,Heatran,VMAX Battle Triple Starter Set,prodotto speciale,VMAX Battle Triple Starter Set,"Bulbapedia (CC BY-NC-SA), 9/10/2026"
S-P,150/S-P,150,Suicune,VMAX Battle Triple Starter Set,prodotto speciale,VMAX Battle Triple Starter Set,"Bulbapedia (CC BY-NC-SA), 9/10/2026"
S-P,151/S-P,151,Lugia,VMAX Battle Triple Starter Set,prodotto speciale,VMAX Battle Triple Starter Set,"Bulbapedia (CC BY-NC-SA), 9/10/2026"
S-P,152/S-P,152,Crobat,Crobat V Shiny Box,prodotto speciale,Crobat V Shiny Box,"Bulbapedia (CC BY-NC-SA), 9/10/2026"
S-P,153/S-P,153,Darkness Energy,Crobat V Shiny Box,prodotto speciale,Crobat V Shiny Box,"Bulbapedia (CC BY-NC-SA), 9/10/2026"
S-P,154/S-P,154,Hiding Energy,Crobat V Shiny Box,prodotto speciale,Crobat V Shiny Box,"Bulbapedia (CC BY-NC-SA), 9/10/2026"
S-P,155/S-P,155,Cynthia,"Extra Battle Day participation prize (March 27, 2021)",evento o torneo,"Extra Battle Day participation prize (March 27, 2021)","Bulbapedia (CC BY-NC-SA), 9/10/2026"
S-P,156/S-P,156,Snorlax,"CoroCoro Ichiban! March 2021 issue insert (January 21, 2021)",altro,"CoroCoro Ichiban! March 2021 issue insert (January 21, 2021)","Bulbapedia (CC BY-NC-SA), 9/10/2026"
S-P,157/S-P,157,Honey,Single Strike Master and Rapid Strike Master booster box purchase campaign,campagna d'acquisto,Single Strike Master and Rapid Strike Master booster box purchase campaign,"Bulbapedia (CC BY-NC-SA), 9/10/2026"
S-P,158/S-P,158,Cherubi,Pokémon Card Gym Promo Card Pack 5 (March-June 2021),evento o torneo,Pokémon Card Gym Promo Card Pack 5 (March-June 2021),"Bulbapedia (CC BY-NC-SA), 9/10/2026"
S-P,159/S-P,159,Tepig,Pokémon Card Gym Promo Card Pack 5 (March-June 2021),evento o torneo,Pokémon Card Gym Promo Card Pack 5 (March-June 2021),"Bulbapedia (CC BY-NC-SA), 9/10/2026"
S-P,160/S-P,160,Galarian Mr. Mime,Pokémon Card Gym Promo Card Pack 5 (March-June 2021),evento o torneo,Pokémon Card Gym Promo Card Pack 5 (March-June 2021),"Bulbapedia (CC BY-NC-SA), 9/10/2026"
S-P,161/S-P,161,Umbreon,Pokémon Card Gym Promo Card Pack 5 (March-June 2021),evento o torneo,Pokémon Card Gym Promo Card Pack 5 (March-June 2021),"Bulbapedia (CC BY-NC-SA), 9/10/2026"
S-P,162/S-P,162,Dodrio,Pokémon Card Gym Promo Card Pack 5 (March-June 2021),evento o torneo,Pokémon Card Gym Promo Card Pack 5 (March-June 2021),"Bulbapedia (CC BY-NC-SA), 9/10/2026"
S-P,163/S-P,163,Eevee,Pokémon Card Gym Promo Card Pack 5 (March-June 2021),evento o torneo,Pokémon Card Gym Promo Card Pack 5 (March-June 2021),"Bulbapedia (CC BY-NC-SA), 9/10/2026"
S-P,164/S-P,164,Honey,Pokémon Card Gym Promo Card Pack 5 (March-June 2021),evento o torneo,Pokémon Card Gym Promo Card Pack 5 (March-June 2021),"Bulbapedia (CC BY-NC-SA), 9/10/2026"
S-P,165/S-P,165,Leon,Pokémon Card Gym New Battle winner's prize (March-June format),evento o torneo,Pokémon Card Gym New Battle winner's prize (March-June format),"Bulbapedia (CC BY-NC-SA), 9/10/2026"
S-P,166/S-P,166,Arceus & Dialga & Palkia,"GX Reboot Campaign: Alter Genesis booster box purchase (December 4, 2020)",campagna d'acquisto,"GX Reboot Campaign: Alter Genesis booster box purchase (December 4, 2020)","Bulbapedia (CC BY-NC-SA), 9/10/2026"
S-P,167/S-P,167,Cherish Ball,"GX Reboot Campaign: Tag All Stars booster box purchase (December 4, 2020)",campagna d'acquisto,"GX Reboot Campaign: Tag All Stars booster box purchase (December 4, 2020)","Bulbapedia (CC BY-NC-SA), 9/10/2026"
S-P,168/S-P,168,Cinderace,"Single Strike and Rapid Strike Start Dash Campaign phase 1 (January 22, 2021)",campagna d'acquisto,"Single Strike and Rapid Strike Start Dash Campaign phase 1 (January 22, 2021)","Bulbapedia (CC BY-NC-SA), 9/10/2026"
S-P,169/S-P,169,Cinderace,"Single Strike and Rapid Strike Start Dash Campaign phase 2 (March 19, 2021)",campagna d'acquisto,"Single Strike and Rapid Strike Start Dash Campaign phase 2 (March 19, 2021)","Bulbapedia (CC BY-NC-SA), 9/10/2026"
S-P,170/S-P,170,Rillaboom,"Single Strike and Rapid Strike Start Dash Campaign phase 1 (January 22, 2021)",campagna d'acquisto,"Single Strike and Rapid Strike Start Dash Campaign phase 1 (January 22, 2021)","Bulbapedia (CC BY-NC-SA), 9/10/2026"
S-P,171/S-P,171,Rillaboom,"Single Strike and Rapid Strike Start Dash Campaign phase 2 (March 19, 2021)",campagna d'acquisto,"Single Strike and Rapid Strike Start Dash Campaign phase 2 (March 19, 2021)","Bulbapedia (CC BY-NC-SA), 9/10/2026"
S-P,172/S-P,172,Galarian Slowpoke,"Pokémon Card Friendly Shop purchase campaign (March 19, 2021)",campagna d'acquisto,"Pokémon Card Friendly Shop purchase campaign (March 19, 2021)","Bulbapedia (CC BY-NC-SA), 9/10/2026"
S-P,173/S-P,173,Eiscue,"CoroCoro Ichiban! June 2021 issue insert (April 21, 2021)",altro,"CoroCoro Ichiban! June 2021 issue insert (April 21, 2021)","Bulbapedia (CC BY-NC-SA), 9/10/2026"
S-P,174/S-P,174,Sandaconda,Silver Lance booster box purchase campaign,campagna d'acquisto,Silver Lance booster box purchase campaign,"Bulbapedia (CC BY-NC-SA), 9/10/2026"
S-P,175/S-P,175,Celebi,Jet-Black Spirit booster box purchase campaign,campagna d'acquisto,Jet-Black Spirit booster box purchase campaign,"Bulbapedia (CC BY-NC-SA), 9/10/2026"
S-P,176/S-P,176,Breloom,Pokémon Card Gym Promo Card Pack 6 (July-September 2021),evento o torneo,Pokémon Card Gym Promo Card Pack 6 (July-September 2021),"Bulbapedia (CC BY-NC-SA), 9/10/2026"
S-P,177/S-P,177,Snorunt,Pokémon Card Gym Promo Card Pack 6 (July-September 2021),evento o torneo,Pokémon Card Gym Promo Card Pack 6 (July-September 2021),"Bulbapedia (CC BY-NC-SA), 9/10/2026"
S-P,178/S-P,178,Blitzle,Pokémon Card Gym Promo Card Pack 6 (July-September 2021),evento o torneo,Pokémon Card Gym Promo Card Pack 6 (July-September 2021),"Bulbapedia (CC BY-NC-SA), 9/10/2026"
S-P,179/S-P,179,Espeon,Pokémon Card Gym Promo Card Pack 6 (July-September 2021),evento o torneo,Pokémon Card Gym Promo Card Pack 6 (July-September 2021),"Bulbapedia (CC BY-NC-SA), 9/10/2026"
S-P,180/S-P,180,Koffing,Pokémon Card Gym Promo Card Pack 6 (July-September 2021),evento o torneo,Pokémon Card Gym Promo Card Pack 6 (July-September 2021),"Bulbapedia (CC BY-NC-SA), 9/10/2026"
S-P,181/S-P,181,Eevee,Pokémon Card Gym Promo Card Pack 6 (July-September 2021),evento o torneo,Pokémon Card Gym Promo Card Pack 6 (July-September 2021),"Bulbapedia (CC BY-NC-SA), 9/10/2026"
S-P,182/S-P,182,Cram-o-matic,Pokémon Card Gym Promo Card Pack 6 (July-September 2021),evento o torneo,Pokémon Card Gym Promo Card Pack 6 (July-September 2021),"Bulbapedia (CC BY-NC-SA), 9/10/2026"
S-P,183/S-P,183,Cheryl,Pokémon Card Gym New Battle winner's prize (July-September format),evento o torneo,Pokémon Card Gym New Battle winner's prize (July-September format),"Bulbapedia (CC BY-NC-SA), 9/10/2026"
S-P,184/S-P,184,Empoleon,Gengar VMAX & Inteleon VMAX High-Class Deck Double Box,prodotto speciale,Gengar VMAX & Inteleon VMAX High-Class Deck Double Box,"Bulbapedia (CC BY-NC-SA), 9/10/2026"
S-P,185/S-P,185,Tyranitar,Gengar VMAX & Inteleon VMAX High-Class Deck Double Box,prodotto speciale,Gengar VMAX & Inteleon VMAX High-Class Deck Double Box,"Bulbapedia (CC BY-NC-SA), 9/10/2026"
S-P,186/S-P,186,Flareon,Summer Pokémon Card Campaign winner prize,evento o torneo,Summer Pokémon Card Campaign winner prize || Champions League 2022 Fukuoka Winning Deck Prediction Campaign || Pokémon Card Channel commemorative campaign,"Bulbapedia (CC BY-NC-SA), 9/10/2026"
S-P,187/S-P,187,Vaporeon,Summer Pokémon Card Campaign winner prize,evento o torneo,Summer Pokémon Card Campaign winner prize || Champions League 2022 Fukuoka Winning Deck Prediction Campaign || Pokémon Card Channel commemorative campaign,"Bulbapedia (CC BY-NC-SA), 9/10/2026"
S-P,188/S-P,188,Jolteon,Summer Pokémon Card Campaign winner prize,evento o torneo,Summer Pokémon Card Campaign winner prize || Champions League 2022 Fukuoka Winning Deck Prediction Campaign || Pokémon Card Channel commemorative campaign,"Bulbapedia (CC BY-NC-SA), 9/10/2026"
S-P,189/S-P,189,Espeon,Eevee Heroes Eeveelution Set,prodotto speciale,Eevee Heroes Eeveelution Set,"Bulbapedia (CC BY-NC-SA), 9/10/2026"
S-P,190/S-P,190,Polteageist,"""Have Fun. Spring, Pokémon Card."" campaign (March 13, 2021)",campagna d'acquisto,"""Have Fun. Spring, Pokémon Card."" campaign (March 13, 2021)","Bulbapedia (CC BY-NC-SA), 9/10/2026"
S-P,191/S-P,191,Galarian Mr. Rime,"""Have Fun. Spring, Pokémon Card."" campaign (March 13, 2021)",campagna d'acquisto,"""Have Fun. Spring, Pokémon Card."" campaign (March 13, 2021)","Bulbapedia (CC BY-NC-SA), 9/10/2026"
S-P,192/S-P,192,Dedenne,"""Have Fun. Spring, Pokémon Card."" campaign (March 13, 2021)",campagna d'acquisto,"""Have Fun. Spring, Pokémon Card."" campaign (March 13, 2021)","Bulbapedia (CC BY-NC-SA), 9/10/2026"
S-P,193/S-P,193,Bunnelby,"""Have Fun. Spring, Pokémon Card."" campaign (March 13, 2021)",campagna d'acquisto,"""Have Fun. Spring, Pokémon Card."" campaign (March 13, 2021)","Bulbapedia (CC BY-NC-SA), 9/10/2026"
S-P,194/S-P,194,Lance's Charizard[1],Unknown promotion,da classificare,Unknown promotion,"Bulbapedia (CC BY-NC-SA), 9/10/2026"
S-P,195/S-P,195,Dark Sylveon[1],Unknown promotion,da classificare,Unknown promotion,"Bulbapedia (CC BY-NC-SA), 9/10/2026"
S-P,196/S-P,196,Jirachi[1],Unknown promotion,da classificare,Unknown promotion,"Bulbapedia (CC BY-NC-SA), 9/10/2026"
S-P,197/S-P,197,Galarian Zigzagoon[1],Unknown promotion,da classificare,Unknown promotion,"Bulbapedia (CC BY-NC-SA), 9/10/2026"
S-P,198/S-P,198,Marnie[1],Unknown promotion,da classificare,Unknown promotion,"Bulbapedia (CC BY-NC-SA), 9/10/2026"
S-P,199/S-P,199,Grass Energy[1],Unknown promotion,da classificare,Unknown promotion,"Bulbapedia (CC BY-NC-SA), 9/10/2026"
S-P,200/S-P,200,Fire Energy[1],Unknown promotion,da classificare,Unknown promotion,"Bulbapedia (CC BY-NC-SA), 9/10/2026"
S-P,201/S-P,201,Water Energy[1],Unknown promotion,da classificare,Unknown promotion,"Bulbapedia (CC BY-NC-SA), 9/10/2026"
S-P,202/S-P,202,Lightning Energy[1],Unknown promotion,da classificare,Unknown promotion,"Bulbapedia (CC BY-NC-SA), 9/10/2026"
S-P,203/S-P,203,Psychic Energy[1],Unknown promotion,da classificare,Unknown promotion,"Bulbapedia (CC BY-NC-SA), 9/10/2026"
S-P,204/S-P,204,Fighting Energy[1],Unknown promotion,da classificare,Unknown promotion,"Bulbapedia (CC BY-NC-SA), 9/10/2026"
S-P,205/S-P,205,Darkness Energy[1],Unknown promotion,da classificare,Unknown promotion,"Bulbapedia (CC BY-NC-SA), 9/10/2026"
S-P,206/S-P,206,Metal Energy[1],Unknown promotion,da classificare,Unknown promotion,"Bulbapedia (CC BY-NC-SA), 9/10/2026"
S-P,207/S-P,207,Fairy Energy[1],Unknown promotion,da classificare,Unknown promotion,"Bulbapedia (CC BY-NC-SA), 9/10/2026"
S-P,208/S-P,208,Pikachu,"Pokémon Center/PUBLIC TOKYO purchase campaign (July 22, 2021)",Pokemon Center,"Pokémon Center/PUBLIC TOKYO purchase campaign (July 22, 2021)","Bulbapedia (CC BY-NC-SA), 9/10/2026"
S-P,209/S-P,209,Altaria,"Dragon Pokémon V Get Challenge campaign (July 9, 2021)",campagna d'acquisto,"Dragon Pokémon V Get Challenge campaign (July 9, 2021)","Bulbapedia (CC BY-NC-SA), 9/10/2026"
S-P,210/S-P,210,Rayquaza,"Dragon Pokémon V Get Challenge campaign (July 9, 2021)",campagna d'acquisto,"Dragon Pokémon V Get Challenge campaign (July 9, 2021)","Bulbapedia (CC BY-NC-SA), 9/10/2026"
S-P,211/S-P,211,Turtonator,"Dragon Pokémon V Get Challenge campaign (July 9, 2021)",campagna d'acquisto,"Dragon Pokémon V Get Challenge campaign (July 9, 2021)","Bulbapedia (CC BY-NC-SA), 9/10/2026"
S-P,212/S-P,212,Drampa,"Dragon Pokémon V Get Challenge campaign (July 9, 2021)",campagna d'acquisto,"Dragon Pokémon V Get Challenge campaign (July 9, 2021)","Bulbapedia (CC BY-NC-SA), 9/10/2026"
S-P,213/S-P,213,Duraludon,"Dragon Pokémon V Get Challenge campaign (July 9, 2021)",campagna d'acquisto,"Dragon Pokémon V Get Challenge campaign (July 9, 2021)","Bulbapedia (CC BY-NC-SA), 9/10/2026"
S-P,214/S-P,214,Mischievous Pichu,"""P-Lab."" Project merchandise campaign (May 31, 2022)",campagna d'acquisto,"""P-Lab."" Project merchandise campaign (May 31, 2022)","Bulbapedia (CC BY-NC-SA), 9/10/2026"
S-P,215/S-P,215,Leafeon,Pokémon Card Gym Promo Card Pack 7 (September-November 2021),evento o torneo,Pokémon Card Gym Promo Card Pack 7 (September-November 2021),"Bulbapedia (CC BY-NC-SA), 9/10/2026"
S-P,216/S-P,216,Glaceon,Pokémon Card Gym Promo Card Pack 7 (September-November 2021),evento o torneo,Pokémon Card Gym Promo Card Pack 7 (September-November 2021),"Bulbapedia (CC BY-NC-SA), 9/10/2026"
S-P,217/S-P,217,Baltoy,Pokémon Card Gym Promo Card Pack 7 (September-November 2021),evento o torneo,Pokémon Card Gym Promo Card Pack 7 (September-November 2021),"Bulbapedia (CC BY-NC-SA), 9/10/2026"
S-P,218/S-P,218,Croagunk,Pokémon Card Gym Promo Card Pack 7 (September-November 2021),evento o torneo,Pokémon Card Gym Promo Card Pack 7 (September-November 2021),"Bulbapedia (CC BY-NC-SA), 9/10/2026"
S-P,219/S-P,219,Dracovish,Pokémon Card Gym Promo Card Pack 7 (September-November 2021),evento o torneo,Pokémon Card Gym Promo Card Pack 7 (September-November 2021),"Bulbapedia (CC BY-NC-SA), 9/10/2026"
S-P,220/S-P,220,Eevee,Pokémon Card Gym Promo Card Pack 7 (September-November 2021),evento o torneo,Pokémon Card Gym Promo Card Pack 7 (September-November 2021),"Bulbapedia (CC BY-NC-SA), 9/10/2026"
S-P,221/S-P,221,Blunder Policy,Pokémon Card Gym Promo Card Pack 7 (September-November 2021),evento o torneo,Pokémon Card Gym Promo Card Pack 7 (September-November 2021),"Bulbapedia (CC BY-NC-SA), 9/10/2026"
S-P,222/S-P,222,Gym Trainer[1],Unknown promotion,da classificare,Unknown promotion,"Bulbapedia (CC BY-NC-SA), 9/10/2026"
S-P,223/S-P,223,Klara,Pokémon Card Gym New Battle winner's prize (September-November format),evento o torneo,Pokémon Card Gym New Battle winner's prize (September-November format),"Bulbapedia (CC BY-NC-SA), 9/10/2026"
S-P,224/S-P,224,Professor's Research,"Pokémon GO 5th Anniversary Collaboration Campaign (July 9, 2021)",altro,"Pokémon GO 5th Anniversary Collaboration Campaign (July 9, 2021)","Bulbapedia (CC BY-NC-SA), 9/10/2026"
S-P,225/S-P,225,Flapple,"CoroCoro Ichiban! September 2021 issue insert (July 21, 2021)",altro,"CoroCoro Ichiban! September 2021 issue insert (July 21, 2021)","Bulbapedia (CC BY-NC-SA), 9/10/2026"
S-P,226/S-P,226,Cramorant,Pokémon Stamp Box,prodotto speciale,Pokémon Stamp Box,"Bulbapedia (CC BY-NC-SA), 9/10/2026"
S-P,227/S-P,227,Pikachu,Pokémon Stamp Box,prodotto speciale,Pokémon Stamp Box,"Bulbapedia (CC BY-NC-SA), 9/10/2026"
S-P,228/S-P,228,Raihan,Raihan's Indomitability Trainer Card Collection,prodotto speciale,Raihan's Indomitability Trainer Card Collection,"Bulbapedia (CC BY-NC-SA), 9/10/2026"
S-P,229/S-P,229,Bea,Bea After School Trainer Card Collection,prodotto speciale,Bea After School Trainer Card Collection,"Bulbapedia (CC BY-NC-SA), 9/10/2026"
S-P,230/S-P,230,Leon,Leon's Advice Trainer Card Collection,prodotto speciale,Leon's Advice Trainer Card Collection,"Bulbapedia (CC BY-NC-SA), 9/10/2026"
S-P,231/S-P,231,Nessa,Nessa's Rest Trainer Card Collection,prodotto speciale,Nessa's Rest Trainer Card Collection,"Bulbapedia (CC BY-NC-SA), 9/10/2026"
S-P,232/S-P,232,Piplup,"Pokémon Center purchase campaign (September 21, 2021)",Pokemon Center,"Pokémon Center purchase campaign (September 21, 2021)","Bulbapedia (CC BY-NC-SA), 9/10/2026"
S-P,233/S-P,233,Hoopa[1],Unknown promotion,da classificare,Unknown promotion,"Bulbapedia (CC BY-NC-SA), 9/10/2026"
S-P,234/S-P,234,Grubbin,Pokémon Card Gym Promo Card Pack 8 (November 2021-January 2022),evento o torneo,Pokémon Card Gym Promo Card Pack 8 (November 2021-January 2022),"Bulbapedia (CC BY-NC-SA), 9/10/2026"
S-P,235/S-P,235,Galarian Mr. Rime,Pokémon Card Gym Promo Card Pack 8 (November 2021-January 2022),evento o torneo,Pokémon Card Gym Promo Card Pack 8 (November 2021-January 2022),"Bulbapedia (CC BY-NC-SA), 9/10/2026"
S-P,236/S-P,236,Toxel,Pokémon Card Gym Promo Card Pack 8 (November 2021-January 2022),evento o torneo,Pokémon Card Gym Promo Card Pack 8 (November 2021-January 2022),"Bulbapedia (CC BY-NC-SA), 9/10/2026"
S-P,237/S-P,237,Sylveon,Pokémon Card Gym Promo Card Pack 8 (November 2021-January 2022),evento o torneo,Pokémon Card Gym Promo Card Pack 8 (November 2021-January 2022),"Bulbapedia (CC BY-NC-SA), 9/10/2026"
S-P,238/S-P,238,Graveler,Pokémon Card Gym Promo Card Pack 8 (November 2021-January 2022),evento o torneo,Pokémon Card Gym Promo Card Pack 8 (November 2021-January 2022),"Bulbapedia (CC BY-NC-SA), 9/10/2026"
S-P,239/S-P,239,Eevee,Pokémon Card Gym Promo Card Pack 8 (November 2021-January 2022),evento o torneo,Pokémon Card Gym Promo Card Pack 8 (November 2021-January 2022),"Bulbapedia (CC BY-NC-SA), 9/10/2026"
S-P,240/S-P,240,Spicy Seasoned Curry,Pokémon Card Gym Promo Card Pack 8 (November 2021-January 2022),evento o torneo,Pokémon Card Gym Promo Card Pack 8 (November 2021-January 2022),"Bulbapedia (CC BY-NC-SA), 9/10/2026"
S-P,241/S-P,241,Peony,Pokémon Card Gym New Battle winner's prize (November-January format),evento o torneo,Pokémon Card Gym New Battle winner's prize (November-January format),"Bulbapedia (CC BY-NC-SA), 9/10/2026"
S-P,242/S-P,242,Oricorio,"CoroCoro Ichiban! November 2021 issue insert (September 21, 2021)",altro,"CoroCoro Ichiban! November 2021 issue insert (September 21, 2021)","Bulbapedia (CC BY-NC-SA), 9/10/2026"
S-P,243/S-P,243,Victini,Champion's League 2022 winner's prize,evento o torneo,Champion's League 2022 winner's prize || Pokémon Japan Championships 2022 winner's prize,"Bulbapedia (CC BY-NC-SA), 9/10/2026"
S-P,244/S-P,244,Yamper,Champion's League 2022 participation prize,evento o torneo,Champion's League 2022 participation prize || Champion's League 2022 viewer campaign || Pokémon Japan Championships 2022 participation prize || Pokémon Japan Championships 2022 viewer campaign,"Bulbapedia (CC BY-NC-SA), 9/10/2026"
S-P,245/S-P,245,Escape Rope,Champion's League 2022 top 64 prize,evento o torneo,Champion's League 2022 top 64 prize || Pokémon Japan Championships 2022 top 64 prize,"Bulbapedia (CC BY-NC-SA), 9/10/2026"
S-P,246/S-P,246,Grass Energy [CL2022 Stamp],Champion's League 2022 participation prize,evento o torneo,Champion's League 2022 participation prize || Champion's League 2022 viewer campaign || Pokémon Japan Championships 2022 participation prize || Pokémon Japan Championships 2022 viewer campaign,"Bulbapedia (CC BY-NC-SA), 9/10/2026"
S-P,247/S-P,247,Fire Energy [CL2022 Stamp],Champion's League 2022 participation prize,evento o torneo,Champion's League 2022 participation prize || Champion's League 2022 viewer campaign || Pokémon Japan Championships 2022 participation prize || Pokémon Japan Championships 2022 viewer campaign,"Bulbapedia (CC BY-NC-SA), 9/10/2026"
S-P,248/S-P,248,Water Energy [CL2022 Stamp],Champion's League 2022 participation prize,evento o torneo,Champion's League 2022 participation prize || Champion's League 2022 viewer campaign || Pokémon Japan Championships 2022 participation prize || Pokémon Japan Championships 2022 viewer campaign,"Bulbapedia (CC BY-NC-SA), 9/10/2026"
S-P,249/S-P,249,Lightning Energy [CL2022 Stamp],Champion's League 2022 participation prize,evento o torneo,Champion's League 2022 participation prize || Champion's League 2022 viewer campaign || Pokémon Japan Championships 2022 participation prize || Pokémon Japan Championships 2022 viewer campaign,"Bulbapedia (CC BY-NC-SA), 9/10/2026"
S-P,250/S-P,250,Psychic Energy [CL2022 Stamp],Champion's League 2022 participation prize,evento o torneo,Champion's League 2022 participation prize || Champion's League 2022 viewer campaign || Pokémon Japan Championships 2022 participation prize || Pokémon Japan Championships 2022 viewer campaign,"Bulbapedia (CC BY-NC-SA), 9/10/2026"
S-P,251/S-P,251,Fighting Energy [CL2022 Stamp],Champion's League 2022 participation prize,evento o torneo,Champion's League 2022 participation prize || Champion's League 2022 viewer campaign || Pokémon Japan Championships 2022 participation prize || Pokémon Japan Championships 2022 viewer campaign,"Bulbapedia (CC BY-NC-SA), 9/10/2026"
S-P,252/S-P,252,Darkness Energy [CL2022 Stamp],Champion's League 2022 participation prize,evento o torneo,Champion's League 2022 participation prize || Champion's League 2022 viewer campaign || Pokémon Japan Championships 2022 participation prize || Pokémon Japan Championships 2022 viewer campaign,"Bulbapedia (CC BY-NC-SA), 9/10/2026"
S-P,253/S-P,253,Metal Energy [CL2022 Stamp],Champion's League 2022 participation prize,evento o torneo,Champion's League 2022 participation prize || Champion's League 2022 viewer campaign || Pokémon Japan Championships 2022 participation prize || Pokémon Japan Championships 2022 viewer campaign,"Bulbapedia (CC BY-NC-SA), 9/10/2026"
S-P,254/S-P,254,Celebratory Fanfare,2020-2021 season Championship Point reward,evento o torneo,2020-2021 season Championship Point reward,"Bulbapedia (CC BY-NC-SA), 9/10/2026"
S-P,255/S-P,255,Scorbunny,"Pokémon Card Friendly Shop purchase campaign (December 3, 2021)",campagna d'acquisto,"Pokémon Card Friendly Shop purchase campaign (December 3, 2021)","Bulbapedia (CC BY-NC-SA), 9/10/2026"
S-P,256/S-P,256,Mallow & Lana,"Extra Battle Day participation prize (February 5, 2022)",evento o torneo,"Extra Battle Day participation prize (February 5, 2022)","Bulbapedia (CC BY-NC-SA), 9/10/2026"
S-P,257/S-P,257,Infernape,Pokémon Card Gym Promo Card Pack 9 (January-April 2022),evento o torneo,Pokémon Card Gym Promo Card Pack 9 (January-April 2022),"Bulbapedia (CC BY-NC-SA), 9/10/2026"
S-P,258/S-P,258,Corphish,Pokémon Card Gym Promo Card Pack 9 (January-April 2022),evento o torneo,Pokémon Card Gym Promo Card Pack 9 (January-April 2022),"Bulbapedia (CC BY-NC-SA), 9/10/2026"
S-P,259/S-P,259,Dusclops,Pokémon Card Gym Promo Card Pack 9 (January-April 2022),evento o torneo,Pokémon Card Gym Promo Card Pack 9 (January-April 2022),"Bulbapedia (CC BY-NC-SA), 9/10/2026"
S-P,260/S-P,260,Riolu,Pokémon Card Gym Promo Card Pack 9 (January-April 2022),evento o torneo,Pokémon Card Gym Promo Card Pack 9 (January-April 2022),"Bulbapedia (CC BY-NC-SA), 9/10/2026"
S-P,261/S-P,261,Weavile,Pokémon Card Gym Promo Card Pack 9 (January-April 2022),evento o torneo,Pokémon Card Gym Promo Card Pack 9 (January-April 2022),"Bulbapedia (CC BY-NC-SA), 9/10/2026"
S-P,262/S-P,262,Starly,Pokémon Card Gym Promo Card Pack 9 (January-April 2022),evento o torneo,Pokémon Card Gym Promo Card Pack 9 (January-April 2022),"Bulbapedia (CC BY-NC-SA), 9/10/2026"
S-P,263/S-P,263,Riley,Pokémon Card Gym Promo Card Pack 9 (January-April 2022),evento o torneo,Pokémon Card Gym Promo Card Pack 9 (January-April 2022),"Bulbapedia (CC BY-NC-SA), 9/10/2026"
S-P,264/S-P,264,Raihan,Pokémon Card Gym New Battle winner's prize (January-April format),evento o torneo,Pokémon Card Gym New Battle winner's prize (January-April format),"Bulbapedia (CC BY-NC-SA), 9/10/2026"
S-P,265/S-P,265,Pikachu,"CoroCoro Comic February 2022 issue insert (January 15, 2022)",altro,"CoroCoro Comic February 2022 issue insert (January 15, 2022)","Bulbapedia (CC BY-NC-SA), 9/10/2026"
S-P,266/S-P,266,Regigigas,"CoroCoro Ichiban! March 2022 issue insert (January 21, 2022)",altro,"CoroCoro Ichiban! March 2022 issue insert (January 21, 2022)","Bulbapedia (CC BY-NC-SA), 9/10/2026"
S-P,267/S-P,267,Arceus,Pokémon Legends: Arceus pre-order insert,campagna d'acquisto,Pokémon Legends: Arceus pre-order insert,"Bulbapedia (CC BY-NC-SA), 9/10/2026"
S-P,268/S-P,268,Leafeon,Grass Leafeon VSTAR Special Card Set,prodotto speciale,Grass Leafeon VSTAR Special Card Set,"Bulbapedia (CC BY-NC-SA), 9/10/2026"
S-P,269/S-P,269,Leafeon,Grass Leafeon VSTAR Special Card Set,prodotto speciale,Grass Leafeon VSTAR Special Card Set,"Bulbapedia (CC BY-NC-SA), 9/10/2026"
S-P,270/S-P,270,Glaceon,Ice Glaceon VSTAR Special Card Set,prodotto speciale,Ice Glaceon VSTAR Special Card Set,"Bulbapedia (CC BY-NC-SA), 9/10/2026"
S-P,271/S-P,271,Glaceon,Ice Glaceon VSTAR Special Card Set,prodotto speciale,Ice Glaceon VSTAR Special Card Set,"Bulbapedia (CC BY-NC-SA), 9/10/2026"
S-P,272/S-P,272,Pikachu,Pokémon GO Card File Set,prodotto speciale,Pokémon GO Card File Set,"Bulbapedia (CC BY-NC-SA), 9/10/2026"
S-P,273/S-P,273,Mewtwo,Pokémon GO Special Set,prodotto speciale,Pokémon GO Special Set,"Bulbapedia (CC BY-NC-SA), 9/10/2026"
S-P,274/S-P,274,Rowlet,Elementary school notebook distribution (January 2022),altro,"Elementary school notebook distribution (January 2022) || ""Have Fun. Spring, Pokémon Card."" campaign (March 25, 2022)","Bulbapedia (CC BY-NC-SA), 9/10/2026"
S-P,275/S-P,275,Cyndaquil,Elementary school notebook distribution (January 2022),altro,"Elementary school notebook distribution (January 2022) || ""Have Fun. Spring, Pokémon Card."" campaign (March 25, 2022)","Bulbapedia (CC BY-NC-SA), 9/10/2026"
S-P,276/S-P,276,Oshawott,Elementary school notebook distribution (January 2022),altro,"Elementary school notebook distribution (January 2022) || ""Have Fun. Spring, Pokémon Card."" campaign (March 25, 2022)","Bulbapedia (CC BY-NC-SA), 9/10/2026"
S-P,277/S-P,277,Ultra Ball,Start Deck 100 Chance Battle! participation prize,prodotto speciale,Start Deck 100 Chance Battle! participation prize || Deck As Is Battle ~Start Deck 100~ participation prize || Start Deck 100 Station participation prize,"Bulbapedia (CC BY-NC-SA), 9/10/2026"
S-P,278/S-P,278,Kricketot,Pokémon Card Gym Promo Card Pack 10 (April-July 2022),evento o torneo,Pokémon Card Gym Promo Card Pack 10 (April-July 2022),"Bulbapedia (CC BY-NC-SA), 9/10/2026"
S-P,279/S-P,279,Hisuian Basculin,Pokémon Card Gym Promo Card Pack 10 (April-July 2022),evento o torneo,Pokémon Card Gym Promo Card Pack 10 (April-July 2022),"Bulbapedia (CC BY-NC-SA), 9/10/2026"
S-P,280/S-P,280,Togetic,Pokémon Card Gym Promo Card Pack 10 (April-July 2022),evento o torneo,Pokémon Card Gym Promo Card Pack 10 (April-July 2022),"Bulbapedia (CC BY-NC-SA), 9/10/2026"
S-P,281/S-P,281,Cranidos,Pokémon Card Gym Promo Card Pack 10 (April-July 2022),evento o torneo,Pokémon Card Gym Promo Card Pack 10 (April-July 2022),"Bulbapedia (CC BY-NC-SA), 9/10/2026"
S-P,282/S-P,282,Ursaluna,Pokémon Card Gym Promo Card Pack 10 (April-July 2022),evento o torneo,Pokémon Card Gym Promo Card Pack 10 (April-July 2022),"Bulbapedia (CC BY-NC-SA), 9/10/2026"
S-P,283/S-P,283,Pawniard,Pokémon Card Gym Promo Card Pack 10 (April-July 2022),evento o torneo,Pokémon Card Gym Promo Card Pack 10 (April-July 2022),"Bulbapedia (CC BY-NC-SA), 9/10/2026"
S-P,284/S-P,284,Professor Laventon,Pokémon Card Gym Promo Card Pack 10 (April-July 2022),evento o torneo,Pokémon Card Gym Promo Card Pack 10 (April-July 2022),"Bulbapedia (CC BY-NC-SA), 9/10/2026"
S-P,285/S-P,285,Roseanne's Backup,Pokémon Card Gym New Battle winner's prize (April-July format),evento o torneo,Pokémon Card Gym New Battle winner's prize (April-July format),"Bulbapedia (CC BY-NC-SA), 9/10/2026"
S-P,286/S-P,286,Manaphy,"CoroCoro Ichiban! June 2022 issue insert (April 21, 2022)",altro,"CoroCoro Ichiban! June 2022 issue insert (April 21, 2022)","Bulbapedia (CC BY-NC-SA), 9/10/2026"
S-P,287/S-P,287,Bulbasaur,"Pokémon GO Promo Card Gift Campaign (June 17, 2022)",campagna d'acquisto,"Pokémon GO Promo Card Gift Campaign (June 17, 2022)","Bulbapedia (CC BY-NC-SA), 9/10/2026"
S-P,288/S-P,288,Alolan Exeggutor,"Pokémon GO Promo Card Gift Campaign (June 17, 2022)",campagna d'acquisto,"Pokémon GO Promo Card Gift Campaign (June 17, 2022)","Bulbapedia (CC BY-NC-SA), 9/10/2026"
S-P,289/S-P,289,Charmander,"Pokémon GO Promo Card Gift Campaign (June 17, 2022)",campagna d'acquisto,"Pokémon GO Promo Card Gift Campaign (June 17, 2022)","Bulbapedia (CC BY-NC-SA), 9/10/2026"
S-P,290/S-P,290,Squirtle,"Pokémon GO Promo Card Gift Campaign (June 17, 2022)",campagna d'acquisto,"Pokémon GO Promo Card Gift Campaign (June 17, 2022)","Bulbapedia (CC BY-NC-SA), 9/10/2026"
S-P,291/S-P,291,Melmetal,"Pokémon GO Promo Card Gift Campaign (June 17, 2022)",campagna d'acquisto,"Pokémon GO Promo Card Gift Campaign (June 17, 2022)","Bulbapedia (CC BY-NC-SA), 9/10/2026"
S-P,292/S-P,292,Dragonite,"Pokémon GO Promo Card Gift Campaign (June 17, 2022)",campagna d'acquisto,"Pokémon GO Promo Card Gift Campaign (June 17, 2022)","Bulbapedia (CC BY-NC-SA), 9/10/2026"
S-P,293/S-P,293,Dragonite,"Pokémon GO Promo Card Gift Campaign (June 17, 2022)",campagna d'acquisto,"Pokémon GO Promo Card Gift Campaign (June 17, 2022)","Bulbapedia (CC BY-NC-SA), 9/10/2026"
S-P,294/S-P,294,Sunkern,Pokémon Card Gym Promo Card Pack 11 (July-September 2022),evento o torneo,Pokémon Card Gym Promo Card Pack 11 (July-September 2022),"Bulbapedia (CC BY-NC-SA), 9/10/2026"
S-P,295/S-P,295,Seel,Pokémon Card Gym Promo Card Pack 11 (July-September 2022),evento o torneo,Pokémon Card Gym Promo Card Pack 11 (July-September 2022),"Bulbapedia (CC BY-NC-SA), 9/10/2026"
S-P,296/S-P,296,Kyogre,Pokémon Card Gym Promo Card Pack 11 (July-September 2022),evento o torneo,Pokémon Card Gym Promo Card Pack 11 (July-September 2022),"Bulbapedia (CC BY-NC-SA), 9/10/2026"
S-P,297/S-P,297,Eelektrik,Pokémon Card Gym Promo Card Pack 11 (July-September 2022),evento o torneo,Pokémon Card Gym Promo Card Pack 11 (July-September 2022),"Bulbapedia (CC BY-NC-SA), 9/10/2026"
S-P,298/S-P,298,Enamorus,Pokémon Card Gym Promo Card Pack 11 (July-September 2022),evento o torneo,Pokémon Card Gym Promo Card Pack 11 (July-September 2022),"Bulbapedia (CC BY-NC-SA), 9/10/2026"
S-P,299/S-P,299,Metang,Pokémon Card Gym Promo Card Pack 11 (July-September 2022),evento o torneo,Pokémon Card Gym Promo Card Pack 11 (July-September 2022),"Bulbapedia (CC BY-NC-SA), 9/10/2026"
S-P,300/S-P,300,Digging Duo,Pokémon Card Gym Promo Card Pack 11 (July-September 2022),evento o torneo,Pokémon Card Gym Promo Card Pack 11 (July-September 2022),"Bulbapedia (CC BY-NC-SA), 9/10/2026"
S-P,301/S-P,301,Cyllene,Pokémon Card Gym New Battle winner's prize (July-September format),evento o torneo,Pokémon Card Gym New Battle winner's prize (July-September format),"Bulbapedia (CC BY-NC-SA), 9/10/2026"
S-P,302/S-P,302,Absol,"CoroCoro Ichiban! September 2022 issue insert (July 21, 2022)",altro,"CoroCoro Ichiban! September 2022 issue insert (July 21, 2022)","Bulbapedia (CC BY-NC-SA), 9/10/2026"
S-P,303/S-P,303,Barry,Lucario HR Competition participation prize,evento o torneo,Lucario HR Competition participation prize,"Bulbapedia (CC BY-NC-SA), 9/10/2026"
S-P,304/S-P,304,Lucario,Lucario HR Competition qualification prize,evento o torneo,Lucario HR Competition qualification prize || Sealed Battle at Home Campaign lottery winner (prize B),"Bulbapedia (CC BY-NC-SA), 9/10/2026"
S-P,305/S-P,305,Lucario,Lucario HR Competition qualification prize,evento o torneo,Lucario HR Competition qualification prize || Sealed Battle at Home Campaign lottery winner (prize A),"Bulbapedia (CC BY-NC-SA), 9/10/2026"
S-P,306/S-P,306,Celebratory Fanfare,2021-2022 season Championship Point reward,evento o torneo,2021-2022 season Championship Point reward,"Bulbapedia (CC BY-NC-SA), 9/10/2026"
S-P,307/S-P,307,Hisuian Voltorb,Champion's League 2023 participation prize,evento o torneo,Champion's League 2023 participation prize || Champion's League 2023 viewer campaign,"Bulbapedia (CC BY-NC-SA), 9/10/2026"
S-P,308/S-P,308,Hisuian Typhlosion,Champion's League 2023 winner's prize,evento o torneo,Champion's League 2023 winner's prize,"Bulbapedia (CC BY-NC-SA), 9/10/2026"
S-P,309/S-P,309,Energy Loto,Champion's League 2023 top 64 prize,evento o torneo,Champion's League 2023 top 64 prize,"Bulbapedia (CC BY-NC-SA), 9/10/2026"
S-P,310/S-P,310,Ponyta,Pokémon Card Gym Promo Card Pack 12 (October 2022-January 2023),evento o torneo,Pokémon Card Gym Promo Card Pack 12 (October 2022-January 2023),"Bulbapedia (CC BY-NC-SA), 9/10/2026"
S-P,311/S-P,311,Quagsire,Pokémon Card Gym Promo Card Pack 12 (October 2022-January 2023),evento o torneo,Pokémon Card Gym Promo Card Pack 12 (October 2022-January 2023),"Bulbapedia (CC BY-NC-SA), 9/10/2026"
S-P,312/S-P,312,Duosion,Pokémon Card Gym Promo Card Pack 12 (October 2022-January 2023),evento o torneo,Pokémon Card Gym Promo Card Pack 12 (October 2022-January 2023),"Bulbapedia (CC BY-NC-SA), 9/10/2026"
S-P,313/S-P,313,Pancham,Pokémon Card Gym Promo Card Pack 12 (October 2022-January 2023),evento o torneo,Pokémon Card Gym Promo Card Pack 12 (October 2022-January 2023),"Bulbapedia (CC BY-NC-SA), 9/10/2026"
S-P,314/S-P,314,Galarian Meowth,Pokémon Card Gym Promo Card Pack 12 (October 2022-January 2023),evento o torneo,Pokémon Card Gym Promo Card Pack 12 (October 2022-January 2023),"Bulbapedia (CC BY-NC-SA), 9/10/2026"
S-P,315/S-P,315,Aerodactyl,Pokémon Card Gym Promo Card Pack 12 (October 2022-January 2023),evento o torneo,Pokémon Card Gym Promo Card Pack 12 (October 2022-January 2023),"Bulbapedia (CC BY-NC-SA), 9/10/2026"
S-P,316/S-P,316,Peaceful Park,Pokémon Card Gym Promo Card Pack 12 (October 2022-January 2023),evento o torneo,Pokémon Card Gym Promo Card Pack 12 (October 2022-January 2023),"Bulbapedia (CC BY-NC-SA), 9/10/2026"
S-P,317/S-P,317,Thorton,Pokémon Card Gym New Battle winner's prize (October-January format),evento o torneo,Pokémon Card Gym New Battle winner's prize (October-January format),"Bulbapedia (CC BY-NC-SA), 9/10/2026"
S-P,318/S-P,318,Hisuian Braviary,"CoroCoro Ichiban! December 2022 issue insert (October 21, 2022)",altro,"CoroCoro Ichiban! December 2022 issue insert (October 21, 2022)","Bulbapedia (CC BY-NC-SA), 9/10/2026"
S-P,319/S-P,319,Regieleki,Mystery Box,prodotto speciale,Mystery Box,"Bulbapedia (CC BY-NC-SA), 9/10/2026"
S-P,320/S-P,320,Unown,Mystery Box,prodotto speciale,Mystery Box,"Bulbapedia (CC BY-NC-SA), 9/10/2026"
S-P,321/S-P,321,Regidrago,Mystery Box,prodotto speciale,Mystery Box,"Bulbapedia (CC BY-NC-SA), 9/10/2026"
S-P,322/S-P,322,Lugia,Mystery Box,prodotto speciale,Mystery Box,"Bulbapedia (CC BY-NC-SA), 9/10/2026"
S-P,323/S-P,323,Pikachu,Precious Collector Box: Sword & Shield,prodotto speciale,Precious Collector Box: Sword & Shield,"Bulbapedia (CC BY-NC-SA), 9/10/2026"
S-P,324/S-P,324,Lugia,"Find the Legendary Pokémon! Lugia Get Challenge (October 21, 2022)",altro,"Find the Legendary Pokémon! Lugia Get Challenge (October 21, 2022)","Bulbapedia (CC BY-NC-SA), 9/10/2026"
S-P,325/S-P,325,Lugia,"Find the Legendary Pokémon! Lugia Get Challenge (October 21, 2022)",altro,"Find the Legendary Pokémon! Lugia Get Challenge (October 21, 2022)","Bulbapedia (CC BY-NC-SA), 9/10/2026"
S-P,326/S-P,326,Shaymin,"Find the Legendary Pokémon! Lugia Get Challenge (October 21, 2022)",altro,"Find the Legendary Pokémon! Lugia Get Challenge (October 21, 2022)","Bulbapedia (CC BY-NC-SA), 9/10/2026"
S-P,327/S-P,327,Archeops,"Find the Legendary Pokémon! Lugia Get Challenge (October 21, 2022)",altro,"Find the Legendary Pokémon! Lugia Get Challenge (October 21, 2022)","Bulbapedia (CC BY-NC-SA), 9/10/2026"
S-P,328/S-P,328,Double Turbo Energy,"Find the Legendary Pokémon! Lugia Get Challenge (October 21, 2022)",altro,"Find the Legendary Pokémon! Lugia Get Challenge (October 21, 2022)","Bulbapedia (CC BY-NC-SA), 9/10/2026"
S-P,329/S-P,329,Grass Energy [CL2023 Stamp],Champion's League 2023 participation prize,evento o torneo,Champion's League 2023 participation prize || Champion's League 2023 viewer campaign,"Bulbapedia (CC BY-NC-SA), 9/10/2026"
S-P,330/S-P,330,Fire Energy [CL2023 Stamp],Champion's League 2023 participation prize,evento o torneo,Champion's League 2023 participation prize || Champion's League 2023 viewer campaign,"Bulbapedia (CC BY-NC-SA), 9/10/2026"
S-P,331/S-P,331,Water Energy [CL2023 Stamp],Champion's League 2023 participation prize,evento o torneo,Champion's League 2023 participation prize || Champion's League 2023 viewer campaign,"Bulbapedia (CC BY-NC-SA), 9/10/2026"
S-P,332/S-P,332,Lightning Energy [CL2023 Stamp],Champion's League 2023 participation prize,evento o torneo,Champion's League 2023 participation prize || Champion's League 2023 viewer campaign,"Bulbapedia (CC BY-NC-SA), 9/10/2026"
S-P,333/S-P,333,Psychic Energy [CL2023 Stamp],Champion's League 2023 participation prize,evento o torneo,Champion's League 2023 participation prize || Champion's League 2023 viewer campaign,"Bulbapedia (CC BY-NC-SA), 9/10/2026"
S-P,334/S-P,334,Fighting Energy [CL2023 Stamp],Champion's League 2023 participation prize,evento o torneo,Champion's League 2023 participation prize || Champion's League 2023 viewer campaign,"Bulbapedia (CC BY-NC-SA), 9/10/2026"
S-P,335/S-P,335,Darkness Energy [CL2023 Stamp],Champion's League 2023 participation prize,evento o torneo,Champion's League 2023 participation prize || Champion's League 2023 viewer campaign,"Bulbapedia (CC BY-NC-SA), 9/10/2026"
S-P,336/S-P,336,Metal Energy [CL2023 Stamp],Champion's League 2023 participation prize,evento o torneo,Champion's League 2023 participation prize || Champion's League 2023 viewer campaign,"Bulbapedia (CC BY-NC-SA), 9/10/2026"
S-P,337/S-P,337,Bulbasaur,"Pokémon Center purchase campaign (December 16, 2022)",Pokemon Center,"Pokémon Center purchase campaign (December 16, 2022)","Bulbapedia (CC BY-NC-SA), 9/10/2026"
S-P,338/S-P,338,Arcanine,"Pokémon Center purchase campaign (December 16, 2022)",Pokemon Center,"Pokémon Center purchase campaign (December 16, 2022)","Bulbapedia (CC BY-NC-SA), 9/10/2026"
S-P,339/S-P,339,Greninja,"Pokémon Center purchase campaign (December 16, 2022)",Pokemon Center,"Pokémon Center purchase campaign (December 16, 2022)","Bulbapedia (CC BY-NC-SA), 9/10/2026"
S-P,340/S-P,340,Marnie,"Extra Battle Day participation prize (December 16, 2022)",evento o torneo,"Extra Battle Day participation prize (December 16, 2022)","Bulbapedia (CC BY-NC-SA), 9/10/2026"
S-P,341/S-P,341,Exeggcute,"Extra Battle Day Promo Card Pack (December 16, 2022)",evento o torneo,"Extra Battle Day Promo Card Pack (December 16, 2022)","Bulbapedia (CC BY-NC-SA), 9/10/2026"
S-P,342/S-P,342,Dedenne,"Extra Battle Day Promo Card Pack (December 16, 2022)",evento o torneo,"Extra Battle Day Promo Card Pack (December 16, 2022)","Bulbapedia (CC BY-NC-SA), 9/10/2026"
S-P,343/S-P,343,Mew,"Extra Battle Day Promo Card Pack (December 16, 2022)",evento o torneo,"Extra Battle Day Promo Card Pack (December 16, 2022)","Bulbapedia (CC BY-NC-SA), 9/10/2026"
S-P,344/S-P,344,Trainers' Mail,"Extra Battle Day Promo Card Pack (December 16, 2022)",evento o torneo,"Extra Battle Day Promo Card Pack (December 16, 2022)","Bulbapedia (CC BY-NC-SA), 9/10/2026"
S-P,345/S-P,345,Battle Compressor,"Extra Battle Day Promo Card Pack (December 16, 2022)",evento o torneo,"Extra Battle Day Promo Card Pack (December 16, 2022)","Bulbapedia (CC BY-NC-SA), 9/10/2026"
S-P,346/S-P,346,VS Seeker,"Extra Battle Day Promo Card Pack (December 16, 2022)",evento o torneo,"Extra Battle Day Promo Card Pack (December 16, 2022)","Bulbapedia (CC BY-NC-SA), 9/10/2026"
S-P,347/S-P,347,Float Stone,"Extra Battle Day Promo Card Pack (December 16, 2022)",evento o torneo,"Extra Battle Day Promo Card Pack (December 16, 2022)","Bulbapedia (CC BY-NC-SA), 9/10/2026"
S-P,348/S-P,348,Silent Lab,"Extra Battle Day Promo Card Pack (December 16, 2022)",evento o torneo,"Extra Battle Day Promo Card Pack (December 16, 2022)","Bulbapedia (CC BY-NC-SA), 9/10/2026"
S-P,349/S-P,349,Dowsing Machine,"Extra Battle Day Promo Card Pack (December 16, 2022)",evento o torneo,"Extra Battle Day Promo Card Pack (December 16, 2022)","Bulbapedia (CC BY-NC-SA), 9/10/2026"
S-P,350/S-P,350,Computer Search,"Extra Battle Day Promo Card Pack (December 16, 2022)",evento o torneo,"Extra Battle Day Promo Card Pack (December 16, 2022)","Bulbapedia (CC BY-NC-SA), 9/10/2026"
SV-P,001/SV-P,1,Pikachu,"Pokémon Scarlet and Violet early purchase bonus (November 18, 2022)",campagna d'acquisto,"Pokémon Scarlet and Violet early purchase bonus (November 18, 2022)","Bulbapedia (CC BY-NC-SA), 9/10/2026"
SV-P,002/SV-P,2,Spidops,"Let's Start Playing Pokémon Card Game Campaign Promo Card Pack (January 20, 2023)",campagna d'acquisto,"Let's Start Playing Pokémon Card Game Campaign Promo Card Pack (January 20, 2023) || ex Starter Set Sprigatito & Lucario ex Promo Card Pack (January 20, 2023)","Bulbapedia (CC BY-NC-SA), 9/10/2026"
SV-P,003/SV-P,3,Arcanine,"Let's Start Playing Pokémon Card Game Campaign Promo Card Pack (January 20, 2023)",campagna d'acquisto,"Let's Start Playing Pokémon Card Game Campaign Promo Card Pack (January 20, 2023) || ex Starter Set Fuecoco & Ampharos ex Promo Card Pack (January 20, 2023)","Bulbapedia (CC BY-NC-SA), 9/10/2026"
SV-P,004/SV-P,4,Dondozo,"Let's Start Playing Pokémon Card Game Campaign Promo Card Pack (January 20, 2023)",campagna d'acquisto,"Let's Start Playing Pokémon Card Game Campaign Promo Card Pack (January 20, 2023) || ex Starter Set Quaxly & Mimikyu ex Promo Card Pack (January 20, 2023)","Bulbapedia (CC BY-NC-SA), 9/10/2026"
SV-P,005/SV-P,5,Miraidon,"Let's Start Playing Pokémon Card Game Campaign Promo Card Pack (January 20, 2023)",campagna d'acquisto,"Let's Start Playing Pokémon Card Game Campaign Promo Card Pack (January 20, 2023) || ex Starter Set Fuecoco & Ampharos ex Promo Card Pack (January 20, 2023) || ex Starter Set Pikachu ex & Pawmot Promo Card Pack (March 24, 2023)","Bulbapedia (CC BY-NC-SA), 9/10/2026"
SV-P,006/SV-P,6,Espathra,"Let's Start Playing Pokémon Card Game Campaign Promo Card Pack (January 20, 2023)",campagna d'acquisto,"Let's Start Playing Pokémon Card Game Campaign Promo Card Pack (January 20, 2023) || ex Starter Set Quaxly & Mimikyu ex Promo Card Pack (January 20, 2023)","Bulbapedia (CC BY-NC-SA), 9/10/2026"
SV-P,007/SV-P,7,Koraidon,"Let's Start Playing Pokémon Card Game Campaign Promo Card Pack (January 20, 2023)",campagna d'acquisto,"Let's Start Playing Pokémon Card Game Campaign Promo Card Pack (January 20, 2023) || ex Starter Set Sprigatito & Lucario ex Promo Card Pack (January 20, 2023)","Bulbapedia (CC BY-NC-SA), 9/10/2026"
SV-P,008/SV-P,8,Oinkologne,"Let's Start Playing Pokémon Card Game Campaign Promo Card Pack (January 20, 2023)",campagna d'acquisto,"Let's Start Playing Pokémon Card Game Campaign Promo Card Pack (January 20, 2023) || ex Starter Sets Promo Card Pack (January 20, 2023) || ex Starter Set Pikachu ex & Pawmot Promo Card Pack (March 24, 2023)","Bulbapedia (CC BY-NC-SA), 9/10/2026"
SV-P,009/SV-P,9,Cyclizar,"Let's Start Playing Pokémon Card Game Campaign Promo Card Pack (January 20, 2023)",campagna d'acquisto,"Let's Start Playing Pokémon Card Game Campaign Promo Card Pack (January 20, 2023) || ex Starter Sets Promo Card Pack (January 20, 2023) || ex Starter Set Pikachu ex & Pawmot Promo Card Pack (March 24, 2023)","Bulbapedia (CC BY-NC-SA), 9/10/2026"
SV-P,010/SV-P,10,Poké Ball,"Energy Card Set (January 20, 2023)",prodotto speciale,"Energy Card Set (January 20, 2023)","Bulbapedia (CC BY-NC-SA), 9/10/2026"
SV-P,011/SV-P,11,Switch,"Energy Card Set (January 20, 2023)",prodotto speciale,"Energy Card Set (January 20, 2023)","Bulbapedia (CC BY-NC-SA), 9/10/2026"
SV-P,012/SV-P,12,Nemona,"Energy Card Set (January 20, 2023)",prodotto speciale,"Energy Card Set (January 20, 2023)","Bulbapedia (CC BY-NC-SA), 9/10/2026"
SV-P,013/SV-P,13,Rotom,"ex Starter Set Pikachu ex & Pawmot Promo Card Pack (March 24, 2023)",prodotto speciale,"ex Starter Set Pikachu ex & Pawmot Promo Card Pack (March 24, 2023)","Bulbapedia (CC BY-NC-SA), 9/10/2026"
SV-P,014/SV-P,14,Crushing Hammer,"Endorsed Independent Event Trainers Pack (January 20, 2023)",evento o torneo,"Endorsed Independent Event Trainers Pack (January 20, 2023)","Bulbapedia (CC BY-NC-SA), 9/10/2026"
SV-P,015/SV-P,15,Nest Ball,"Endorsed Independent Event Trainers Pack (January 20, 2023)",evento o torneo,"Endorsed Independent Event Trainers Pack (January 20, 2023) || Endorsed Independent Event Trainers Pack (January 26, 2024)","Bulbapedia (CC BY-NC-SA), 9/10/2026"
SV-P,016/SV-P,16,Rare Candy,"Endorsed Independent Event Trainers Pack (January 20, 2023)",evento o torneo,"Endorsed Independent Event Trainers Pack (January 20, 2023) || Endorsed Independent Event Trainers Pack (January 26, 2024)","Bulbapedia (CC BY-NC-SA), 9/10/2026"
SV-P,017/SV-P,17,Switch,"Endorsed Independent Event Trainers Pack (January 20, 2023)",evento o torneo,"Endorsed Independent Event Trainers Pack (January 20, 2023) || Endorsed Independent Event Trainers Pack (January 26, 2024)","Bulbapedia (CC BY-NC-SA), 9/10/2026"
SV-P,018/SV-P,18,Exp. Share,"Endorsed Independent Event Trainers Pack (January 20, 2023)",evento o torneo,"Endorsed Independent Event Trainers Pack (January 20, 2023)","Bulbapedia (CC BY-NC-SA), 9/10/2026"
SV-P,019/SV-P,19,Vitality Band,"Endorsed Independent Event Trainers Pack (January 20, 2023)",evento o torneo,"Endorsed Independent Event Trainers Pack (January 20, 2023)","Bulbapedia (CC BY-NC-SA), 9/10/2026"
SV-P,020/SV-P,20,Jacq,"Endorsed Independent Event Trainers Pack (January 20, 2023)",evento o torneo,"Endorsed Independent Event Trainers Pack (January 20, 2023)","Bulbapedia (CC BY-NC-SA), 9/10/2026"
SV-P,021/SV-P,21,Professor's Research [Professor Sada],"Endorsed Independent Event Trainers Pack (January 20, 2023)",evento o torneo,"Endorsed Independent Event Trainers Pack (January 20, 2023) || Endorsed Independent Event Trainers Pack (January 26, 2024)","Bulbapedia (CC BY-NC-SA), 9/10/2026"
SV-P,022/SV-P,22,Professor's Research [Professor Turo],"Endorsed Independent Event Trainers Pack (January 20, 2023)",evento o torneo,"Endorsed Independent Event Trainers Pack (January 20, 2023) || Endorsed Independent Event Trainers Pack (January 26, 2024)","Bulbapedia (CC BY-NC-SA), 9/10/2026"
SV-P,023/SV-P,23,Smoliv,"Pokémon Card Gym Promo Card Pack 1 (January 20, 2023)",evento o torneo,"Pokémon Card Gym Promo Card Pack 1 (January 20, 2023)","Bulbapedia (CC BY-NC-SA), 9/10/2026"
SV-P,024/SV-P,24,Growlithe,"Pokémon Card Gym Promo Card Pack 1 (January 20, 2023)",evento o torneo,"Pokémon Card Gym Promo Card Pack 1 (January 20, 2023)","Bulbapedia (CC BY-NC-SA), 9/10/2026"
SV-P,025/SV-P,25,Flaaffy,"Pokémon Card Gym Promo Card Pack 1 (January 20, 2023)",evento o torneo,"Pokémon Card Gym Promo Card Pack 1 (January 20, 2023)","Bulbapedia (CC BY-NC-SA), 9/10/2026"
SV-P,026/SV-P,26,Houndstone,"Pokémon Card Gym Promo Card Pack 1 (January 20, 2023)",evento o torneo,"Pokémon Card Gym Promo Card Pack 1 (January 20, 2023)","Bulbapedia (CC BY-NC-SA), 9/10/2026"
SV-P,027/SV-P,27,Klawf,"Pokémon Card Gym Promo Card Pack 1 (January 20, 2023)",evento o torneo,"Pokémon Card Gym Promo Card Pack 1 (January 20, 2023)","Bulbapedia (CC BY-NC-SA), 9/10/2026"
SV-P,028/SV-P,28,Varoom,"Pokémon Card Gym Promo Card Pack 1 (January 20, 2023)",evento o torneo,"Pokémon Card Gym Promo Card Pack 1 (January 20, 2023)","Bulbapedia (CC BY-NC-SA), 9/10/2026"
SV-P,029/SV-P,29,Brassius,"Pokémon Card Gym Promo Card Pack 1 (January 20, 2023)",evento o torneo,"Pokémon Card Gym Promo Card Pack 1 (January 20, 2023)","Bulbapedia (CC BY-NC-SA), 9/10/2026"
SV-P,030/SV-P,30,Arven,"Pokémon Card Gym New Release Battle winner prize (January 20, 2023)",evento o torneo,"Pokémon Card Gym New Release Battle winner prize (January 20, 2023)","Bulbapedia (CC BY-NC-SA), 9/10/2026"
SV-P,031/SV-P,31,Eevee,"Deck As Is Battle ~Get Eevee~ participation prize (January 20, 2023)",prodotto speciale,"Deck As Is Battle ~Get Eevee~ participation prize (January 20, 2023)","Bulbapedia (CC BY-NC-SA), 9/10/2026"
SV-P,032/SV-P,32,Eevee,"Casual Battles with Pokémon Cards! participation prize (February 23, 2023)",evento o torneo,"Casual Battles with Pokémon Cards! participation prize (February 23, 2023)","Bulbapedia (CC BY-NC-SA), 9/10/2026"
SV-P,033/SV-P,33,Eevee,"Pokémon Card Game Classroom participation prize (January 20, 2023)",evento o torneo,"Pokémon Card Game Classroom participation prize (January 20, 2023)","Bulbapedia (CC BY-NC-SA), 9/10/2026"
SV-P,034/SV-P,34,Hawlucha,"Pokémon Card Gym First Entry Campaign (January 20 - March 31, 2023)",evento o torneo,"Pokémon Card Gym First Entry Campaign (January 20 - March 31, 2023)","Bulbapedia (CC BY-NC-SA), 9/10/2026"
SV-P,035/SV-P,35,Pawmi,"CoroCoro Ichiban! April 2023 issue insert (February 21, 2023)",altro,"CoroCoro Ichiban! April 2023 issue insert (February 21, 2023)","Bulbapedia (CC BY-NC-SA), 9/10/2026"
SV-P,036/SV-P,36,Charcadet,Champions League 2023 participation prize,evento o torneo,"Champions League 2023 participation prize || Champions League 2023 viewer campaign || Pokémon Japan Championships 2023 participation prize (June 10 - 11, 2023) || Pokémon Japan Championships 2023 viewer campaign (June 10 - 11, 2023)","Bulbapedia (CC BY-NC-SA), 9/10/2026"
SV-P,037/SV-P,37,Basic Grass Energy,Champions League 2023 participation prize,evento o torneo,"Champions League 2023 participation prize || Champions League 2023 viewer campaign || Pokémon Japan Championships 2023 participation prize (June 10 - 11, 2023) || Pokémon Japan Championships 2023 viewer campaign (June 10 - 11, 2023)","Bulbapedia (CC BY-NC-SA), 9/10/2026"
SV-P,038/SV-P,38,Basic Fire Energy,Champions League 2023 participation prize,evento o torneo,"Champions League 2023 participation prize || Champions League 2023 viewer campaign || Pokémon Japan Championships 2023 participation prize (June 10 - 11, 2023) || Pokémon Japan Championships 2023 viewer campaign (June 10 - 11, 2023)","Bulbapedia (CC BY-NC-SA), 9/10/2026"
SV-P,039/SV-P,39,Basic Water Energy,Champions League 2023 participation prize,evento o torneo,"Champions League 2023 participation prize || Champions League 2023 viewer campaign || Pokémon Japan Championships 2023 participation prize (June 10 - 11, 2023) || Pokémon Japan Championships 2023 viewer campaign (June 10 - 11, 2023)","Bulbapedia (CC BY-NC-SA), 9/10/2026"
SV-P,040/SV-P,40,Basic Lightning Energy,Champions League 2023 participation prize,evento o torneo,"Champions League 2023 participation prize || Champions League 2023 viewer campaign || Pokémon Japan Championships 2023 participation prize (June 10 - 11, 2023) || Pokémon Japan Championships 2023 viewer campaign (June 10 - 11, 2023)","Bulbapedia (CC BY-NC-SA), 9/10/2026"
SV-P,041/SV-P,41,Basic Psychic Energy,Champions League 2023 participation prize,evento o torneo,"Champions League 2023 participation prize || Champions League 2023 viewer campaign || Pokémon Japan Championships 2023 participation prize (June 10 - 11, 2023) || Pokémon Japan Championships 2023 viewer campaign (June 10 - 11, 2023)","Bulbapedia (CC BY-NC-SA), 9/10/2026"
SV-P,042/SV-P,42,Basic Fighting Energy,Champions League 2023 participation prize,evento o torneo,"Champions League 2023 participation prize || Champions League 2023 viewer campaign || Pokémon Japan Championships 2023 participation prize (June 10 - 11, 2023) || Pokémon Japan Championships 2023 viewer campaign (June 10 - 11, 2023)","Bulbapedia (CC BY-NC-SA), 9/10/2026"
SV-P,043/SV-P,43,Basic Darkness Energy,Champions League 2023 participation prize,evento o torneo,"Champions League 2023 participation prize || Champions League 2023 viewer campaign || Pokémon Japan Championships 2023 participation prize (June 10 - 11, 2023) || Pokémon Japan Championships 2023 viewer campaign (June 10 - 11, 2023)","Bulbapedia (CC BY-NC-SA), 9/10/2026"
SV-P,044/SV-P,44,Basic Metal Energy,Champions League 2023 participation prize,evento o torneo,"Champions League 2023 participation prize || Champions League 2023 viewer campaign || Pokémon Japan Championships 2023 participation prize (June 10 - 11, 2023) || Pokémon Japan Championships 2023 viewer campaign (June 10 - 11, 2023)","Bulbapedia (CC BY-NC-SA), 9/10/2026"
SV-P,045/SV-P,45,Rare Candy,"Triplet Beat Sealed Battle participation prize (March 10, 2023)",evento o torneo,"Triplet Beat Sealed Battle participation prize (March 10, 2023)","Bulbapedia (CC BY-NC-SA), 9/10/2026"
SV-P,046/SV-P,46,Nemona,"Triplet Beat Sealed Battle participation prize (March 10, 2023)",evento o torneo,"Triplet Beat Sealed Battle participation prize (March 10, 2023)","Bulbapedia (CC BY-NC-SA), 9/10/2026"
SV-P,047/SV-P,47,Nemona,"Triplet Beat Sealed Battle participation prize (March 10, 2023)",evento o torneo,"Triplet Beat Sealed Battle participation prize (March 10, 2023)","Bulbapedia (CC BY-NC-SA), 9/10/2026"
SV-P,048/SV-P,48,Miraidon,"Triplet Beat Sealed Battle Promo Card Pack (March 10, 2023)",evento o torneo,"Triplet Beat Sealed Battle Promo Card Pack (March 10, 2023)","Bulbapedia (CC BY-NC-SA), 9/10/2026"
SV-P,049/SV-P,49,Koraidon,"Triplet Beat Sealed Battle Promo Card Pack (March 10, 2023)",evento o torneo,"Triplet Beat Sealed Battle Promo Card Pack (March 10, 2023)","Bulbapedia (CC BY-NC-SA), 9/10/2026"
SV-P,050/SV-P,50,Pineco,"Pokémon Card Gym Promo Card Pack 2 (April 14, 2023)",evento o torneo,"Pokémon Card Gym Promo Card Pack 2 (April 14, 2023)","Bulbapedia (CC BY-NC-SA), 9/10/2026"
SV-P,051/SV-P,51,Arctibax,"Pokémon Card Gym Promo Card Pack 2 (April 14, 2023)",evento o torneo,"Pokémon Card Gym Promo Card Pack 2 (April 14, 2023)","Bulbapedia (CC BY-NC-SA), 9/10/2026"
SV-P,052/SV-P,52,Bellibolt,"Pokémon Card Gym Promo Card Pack 2 (April 14, 2023)",evento o torneo,"Pokémon Card Gym Promo Card Pack 2 (April 14, 2023)","Bulbapedia (CC BY-NC-SA), 9/10/2026"
SV-P,053/SV-P,53,Sinistea,"Pokémon Card Gym Promo Card Pack 2 (April 14, 2023)",evento o torneo,"Pokémon Card Gym Promo Card Pack 2 (April 14, 2023)","Bulbapedia (CC BY-NC-SA), 9/10/2026"
SV-P,054/SV-P,54,Barboach,"Pokémon Card Gym Promo Card Pack 2 (April 14, 2023)",evento o torneo,"Pokémon Card Gym Promo Card Pack 2 (April 14, 2023)","Bulbapedia (CC BY-NC-SA), 9/10/2026"
SV-P,055/SV-P,55,Mabosstiff,"Pokémon Card Gym Promo Card Pack 2 (April 14, 2023)",evento o torneo,"Pokémon Card Gym Promo Card Pack 2 (April 14, 2023)","Bulbapedia (CC BY-NC-SA), 9/10/2026"
SV-P,056/SV-P,56,Atticus,"Pokémon Card Gym Promo Card Pack 2 (April 14, 2023)",evento o torneo,"Pokémon Card Gym Promo Card Pack 2 (April 14, 2023)","Bulbapedia (CC BY-NC-SA), 9/10/2026"
SV-P,057/SV-P,57,Penny,"Pokémon Card Gym New Release Battle winner prize (April 14, 2023)",evento o torneo,"Pokémon Card Gym New Release Battle winner prize (April 14, 2023)","Bulbapedia (CC BY-NC-SA), 9/10/2026"
SV-P,058/SV-P,58,Cetitan,"CoroCoro Ichiban! June 2023 issue insert (April 21, 2023)",altro,"CoroCoro Ichiban! June 2023 issue insert (April 21, 2023)","Bulbapedia (CC BY-NC-SA), 9/10/2026"
SV-P,059/SV-P,59,Bulbasaur,"Venusaur, Charizard & Blastoise Pokémon Card 151 Card File Set (June 16, 2023)",prodotto speciale,"Venusaur, Charizard & Blastoise Pokémon Card 151 Card File Set (June 16, 2023) || Poké Ball Pokémon Card 151 Card File Set (June 16, 2023)","Bulbapedia (CC BY-NC-SA), 9/10/2026"
SV-P,060/SV-P,60,Charmander,"Venusaur, Charizard & Blastoise Pokémon Card 151 Card File Set (June 16, 2023)",prodotto speciale,"Venusaur, Charizard & Blastoise Pokémon Card 151 Card File Set (June 16, 2023) || Poké Ball Pokémon Card 151 Card File Set (June 16, 2023)","Bulbapedia (CC BY-NC-SA), 9/10/2026"
SV-P,061/SV-P,61,Squirtle,"Venusaur, Charizard & Blastoise Pokémon Card 151 Card File Set (June 16, 2023)",prodotto speciale,"Venusaur, Charizard & Blastoise Pokémon Card 151 Card File Set (June 16, 2023) || Poké Ball Pokémon Card 151 Card File Set (June 16, 2023)","Bulbapedia (CC BY-NC-SA), 9/10/2026"
SV-P,062/SV-P,62,Eevee,"Yu Nagaba × Pokémon Card Game Promo Card Pack (May 24, 2023)",prodotto speciale,"Yu Nagaba × Pokémon Card Game Promo Card Pack (May 24, 2023)","Bulbapedia (CC BY-NC-SA), 9/10/2026"
SV-P,063/SV-P,63,Vaporeon,"Yu Nagaba × Pokémon Card Game Promo Card Pack (May 24, 2023)",prodotto speciale,"Yu Nagaba × Pokémon Card Game Promo Card Pack (May 24, 2023)","Bulbapedia (CC BY-NC-SA), 9/10/2026"
SV-P,064/SV-P,64,Jolteon,"Yu Nagaba × Pokémon Card Game Promo Card Pack (May 24, 2023)",prodotto speciale,"Yu Nagaba × Pokémon Card Game Promo Card Pack (May 24, 2023)","Bulbapedia (CC BY-NC-SA), 9/10/2026"
SV-P,065/SV-P,65,Flareon,"Yu Nagaba × Pokémon Card Game Promo Card Pack (May 24, 2023)",prodotto speciale,"Yu Nagaba × Pokémon Card Game Promo Card Pack (May 24, 2023)","Bulbapedia (CC BY-NC-SA), 9/10/2026"
SV-P,066/SV-P,66,Espeon,"Yu Nagaba × Pokémon Card Game Promo Card Pack (May 24, 2023)",prodotto speciale,"Yu Nagaba × Pokémon Card Game Promo Card Pack (May 24, 2023)","Bulbapedia (CC BY-NC-SA), 9/10/2026"
SV-P,067/SV-P,67,Umbreon,"Yu Nagaba × Pokémon Card Game Promo Card Pack (May 24, 2023)",prodotto speciale,"Yu Nagaba × Pokémon Card Game Promo Card Pack (May 24, 2023)","Bulbapedia (CC BY-NC-SA), 9/10/2026"
SV-P,068/SV-P,68,Leafeon,"Yu Nagaba × Pokémon Card Game Promo Card Pack (May 24, 2023)",prodotto speciale,"Yu Nagaba × Pokémon Card Game Promo Card Pack (May 24, 2023)","Bulbapedia (CC BY-NC-SA), 9/10/2026"
SV-P,069/SV-P,69,Glaceon,"Yu Nagaba × Pokémon Card Game Promo Card Pack (May 24, 2023)",prodotto speciale,"Yu Nagaba × Pokémon Card Game Promo Card Pack (May 24, 2023)","Bulbapedia (CC BY-NC-SA), 9/10/2026"
SV-P,070/SV-P,70,Sylveon,"Yu Nagaba × Pokémon Card Game Promo Card Pack (May 24, 2023)",prodotto speciale,"Yu Nagaba × Pokémon Card Game Promo Card Pack (May 24, 2023)","Bulbapedia (CC BY-NC-SA), 9/10/2026"
SV-P,071/SV-P,71,Rowlet,"NAKANO STYLING TANTO × Pokémon Card Game Promo Card Pack (August 1, 2023)",prodotto speciale,"NAKANO STYLING TANTO × Pokémon Card Game Promo Card Pack (August 1, 2023)","Bulbapedia (CC BY-NC-SA), 9/10/2026"
SV-P,072/SV-P,72,Charcadet,"NAKANO STYLING TANTO × Pokémon Card Game Promo Card Pack (August 1, 2023)",prodotto speciale,"NAKANO STYLING TANTO × Pokémon Card Game Promo Card Pack (August 1, 2023)","Bulbapedia (CC BY-NC-SA), 9/10/2026"
SV-P,073/SV-P,73,Froakie,"NAKANO STYLING TANTO × Pokémon Card Game Promo Card Pack (August 1, 2023)",prodotto speciale,"NAKANO STYLING TANTO × Pokémon Card Game Promo Card Pack (August 1, 2023)","Bulbapedia (CC BY-NC-SA), 9/10/2026"
SV-P,074/SV-P,74,Pikachu,"NAKANO STYLING TANTO × Pokémon Card Game Promo Card Pack (August 1, 2023)",prodotto speciale,"NAKANO STYLING TANTO × Pokémon Card Game Promo Card Pack (August 1, 2023)","Bulbapedia (CC BY-NC-SA), 9/10/2026"
SV-P,075/SV-P,75,Clefairy,"NAKANO STYLING TANTO × Pokémon Card Game Promo Card Pack (August 1, 2023)",prodotto speciale,"NAKANO STYLING TANTO × Pokémon Card Game Promo Card Pack (August 1, 2023)","Bulbapedia (CC BY-NC-SA), 9/10/2026"
SV-P,076/SV-P,76,Riolu,"NAKANO STYLING TANTO × Pokémon Card Game Promo Card Pack (August 1, 2023)",prodotto speciale,"NAKANO STYLING TANTO × Pokémon Card Game Promo Card Pack (August 1, 2023)","Bulbapedia (CC BY-NC-SA), 9/10/2026"
SV-P,077/SV-P,77,Houndour,"NAKANO STYLING TANTO × Pokémon Card Game Promo Card Pack (August 1, 2023)",prodotto speciale,"NAKANO STYLING TANTO × Pokémon Card Game Promo Card Pack (August 1, 2023)","Bulbapedia (CC BY-NC-SA), 9/10/2026"
SV-P,078/SV-P,78,Meltan,"NAKANO STYLING TANTO × Pokémon Card Game Promo Card Pack (August 1, 2023)",prodotto speciale,"NAKANO STYLING TANTO × Pokémon Card Game Promo Card Pack (August 1, 2023)","Bulbapedia (CC BY-NC-SA), 9/10/2026"
SV-P,079/SV-P,79,Basic Grass Energy,"NAKANO STYLING TANTO × Pokémon Card Game Promo Card Pack (August 1, 2023)",prodotto speciale,"NAKANO STYLING TANTO × Pokémon Card Game Promo Card Pack (August 1, 2023)","Bulbapedia (CC BY-NC-SA), 9/10/2026"
SV-P,080/SV-P,80,Basic Fire Energy,"NAKANO STYLING TANTO × Pokémon Card Game Promo Card Pack (August 1, 2023)",prodotto speciale,"NAKANO STYLING TANTO × Pokémon Card Game Promo Card Pack (August 1, 2023)","Bulbapedia (CC BY-NC-SA), 9/10/2026"
SV-P,081/SV-P,81,Basic Water Energy,"NAKANO STYLING TANTO × Pokémon Card Game Promo Card Pack (August 1, 2023)",prodotto speciale,"NAKANO STYLING TANTO × Pokémon Card Game Promo Card Pack (August 1, 2023)","Bulbapedia (CC BY-NC-SA), 9/10/2026"
SV-P,082/SV-P,82,Basic Lightning Energy,"NAKANO STYLING TANTO × Pokémon Card Game Promo Card Pack (August 1, 2023)",prodotto speciale,"NAKANO STYLING TANTO × Pokémon Card Game Promo Card Pack (August 1, 2023)","Bulbapedia (CC BY-NC-SA), 9/10/2026"
SV-P,083/SV-P,83,Basic Psychic Energy,"NAKANO STYLING TANTO × Pokémon Card Game Promo Card Pack (August 1, 2023)",prodotto speciale,"NAKANO STYLING TANTO × Pokémon Card Game Promo Card Pack (August 1, 2023)","Bulbapedia (CC BY-NC-SA), 9/10/2026"
SV-P,084/SV-P,84,Basic Fighting Energy,"NAKANO STYLING TANTO × Pokémon Card Game Promo Card Pack (August 1, 2023)",prodotto speciale,"NAKANO STYLING TANTO × Pokémon Card Game Promo Card Pack (August 1, 2023)","Bulbapedia (CC BY-NC-SA), 9/10/2026"
SV-P,085/SV-P,85,Basic Darkness Energy,"NAKANO STYLING TANTO × Pokémon Card Game Promo Card Pack (August 1, 2023)",prodotto speciale,"NAKANO STYLING TANTO × Pokémon Card Game Promo Card Pack (August 1, 2023)","Bulbapedia (CC BY-NC-SA), 9/10/2026"
SV-P,086/SV-P,86,Basic Metal Energy,"NAKANO STYLING TANTO × Pokémon Card Game Promo Card Pack (August 1, 2023)",prodotto speciale,"NAKANO STYLING TANTO × Pokémon Card Game Promo Card Pack (August 1, 2023)","Bulbapedia (CC BY-NC-SA), 9/10/2026"
SV-P,087/SV-P,87,Shroodle,"CoroCoro Comic August 2023 issue insert (July 14, 2023)",altro,"CoroCoro Comic August 2023 issue insert (July 14, 2023)","Bulbapedia (CC BY-NC-SA), 9/10/2026"
SV-P,088/SV-P,88,Grafaiai,"Redeem voucher included in CoroCoro Comic August 2023 issue (July 24, 2023)",altro,"Collect all stamps in Coro Tour 2023 (July 23 - August 27, 2023) || Redeem voucher included in CoroCoro Comic August 2023 issue (July 24, 2023) || CoroCoro Comic November 2023 issue insert (October 13, 2023)","Bulbapedia (CC BY-NC-SA), 9/10/2026"
SV-P,089/SV-P,89,Scovillain,"Pokémon Card Gym Promo Card Pack 3 (July 28, 2023)",evento o torneo,"Pokémon Card Gym Promo Card Pack 3 (July 28, 2023)","Bulbapedia (CC BY-NC-SA), 9/10/2026"
SV-P,090/SV-P,90,Carvanha,"Pokémon Card Gym Promo Card Pack 3 (July 28, 2023)",evento o torneo,"Pokémon Card Gym Promo Card Pack 3 (July 28, 2023)","Bulbapedia (CC BY-NC-SA), 9/10/2026"
SV-P,091/SV-P,91,Toxel,"Pokémon Card Gym Promo Card Pack 3 (July 28, 2023)",evento o torneo,"Pokémon Card Gym Promo Card Pack 3 (July 28, 2023)","Bulbapedia (CC BY-NC-SA), 9/10/2026"
SV-P,092/SV-P,92,Cleffa,"Pokémon Card Gym Promo Card Pack 3 (July 28, 2023)",evento o torneo,"Pokémon Card Gym Promo Card Pack 3 (July 28, 2023)","Bulbapedia (CC BY-NC-SA), 9/10/2026"
SV-P,093/SV-P,93,Pupitar,"Pokémon Card Gym Promo Card Pack 3 (July 28, 2023)",evento o torneo,"Pokémon Card Gym Promo Card Pack 3 (July 28, 2023)","Bulbapedia (CC BY-NC-SA), 9/10/2026"
SV-P,094/SV-P,94,Revavroom,"Pokémon Card Gym Promo Card Pack 3 (July 28, 2023)",evento o torneo,"Pokémon Card Gym Promo Card Pack 3 (July 28, 2023)","Bulbapedia (CC BY-NC-SA), 9/10/2026"
SV-P,095/SV-P,95,Moonlit Hill,"Pokémon Card Gym Promo Card Pack 3 (July 28, 2023)",evento o torneo,"Pokémon Card Gym Promo Card Pack 3 (July 28, 2023)","Bulbapedia (CC BY-NC-SA), 9/10/2026"
SV-P,096/SV-P,96,Grusha,"Pokémon Card Gym New Release Battle winner prize (July 28, 2023)",evento o torneo,"Pokémon Card Gym New Release Battle winner prize (July 28, 2023)","Bulbapedia (CC BY-NC-SA), 9/10/2026"
SV-P,097/SV-P,97,Cyclizar,"CoroCoro Ichiban! September 2023 issue insert (July 21, 2023)",altro,"CoroCoro Ichiban! September 2023 issue insert (July 21, 2023)","Bulbapedia (CC BY-NC-SA), 9/10/2026"
SV-P,098/SV-P,98,Detective Pikachu,"Detective Pikachu Returns early purchase bonus (October 6, 2023)",campagna d'acquisto,"Detective Pikachu Returns early purchase bonus (October 6, 2023)","Bulbapedia (CC BY-NC-SA), 9/10/2026"
SV-P,099/SV-P,99,Gimmighoul,Champions League 2024 participation prize,evento o torneo,"Champions League 2024 participation prize || Champions League 2024 viewer campaign || Pokémon Japan Championships 2024 participation prize (June 1 - 2, 2024) || Pokémon Japan Championships 2024 viewer campaign (June 1 - 2, 2024)","Bulbapedia (CC BY-NC-SA), 9/10/2026"
SV-P,100/SV-P,100,Basic Grass Energy,Champions League 2024 participation prize,evento o torneo,"Champions League 2024 participation prize || Champions League 2024 viewer campaign || Pokémon Japan Championships 2024 participation prize (June 1 - 2, 2024) || Pokémon Japan Championships 2024 viewer campaign (June 1 - 2, 2024)","Bulbapedia (CC BY-NC-SA), 9/10/2026"
SV-P,101/SV-P,101,Basic Fire Energy,Champions League 2024 participation prize,evento o torneo,"Champions League 2024 participation prize || Champions League 2024 viewer campaign || Pokémon Japan Championships 2024 participation prize (June 1 - 2, 2024) || Pokémon Japan Championships 2024 viewer campaign (June 1 - 2, 2024)","Bulbapedia (CC BY-NC-SA), 9/10/2026"
SV-P,102/SV-P,102,Basic Water Energy,Champions League 2024 participation prize,evento o torneo,"Champions League 2024 participation prize || Champions League 2024 viewer campaign || Pokémon Japan Championships 2024 participation prize (June 1 - 2, 2024) || Pokémon Japan Championships 2024 viewer campaign (June 1 - 2, 2024)","Bulbapedia (CC BY-NC-SA), 9/10/2026"
SV-P,103/SV-P,103,Basic Lightning Energy,Champions League 2024 participation prize,evento o torneo,"Champions League 2024 participation prize || Champions League 2024 viewer campaign || Pokémon Japan Championships 2024 participation prize (June 1 - 2, 2024) || Pokémon Japan Championships 2024 viewer campaign (June 1 - 2, 2024)","Bulbapedia (CC BY-NC-SA), 9/10/2026"
SV-P,104/SV-P,104,Basic Psychic Energy,Champions League 2024 participation prize,evento o torneo,"Champions League 2024 participation prize || Champions League 2024 viewer campaign || Pokémon Japan Championships 2024 participation prize (June 1 - 2, 2024) || Pokémon Japan Championships 2024 viewer campaign (June 1 - 2, 2024)","Bulbapedia (CC BY-NC-SA), 9/10/2026"
SV-P,105/SV-P,105,Basic Fighting Energy,Champions League 2024 participation prize,evento o torneo,"Champions League 2024 participation prize || Champions League 2024 viewer campaign || Pokémon Japan Championships 2024 participation prize (June 1 - 2, 2024) || Pokémon Japan Championships 2024 viewer campaign (June 1 - 2, 2024)","Bulbapedia (CC BY-NC-SA), 9/10/2026"
SV-P,106/SV-P,106,Basic Darkness Energy,Champions League 2024 participation prize,evento o torneo,"Champions League 2024 participation prize || Champions League 2024 viewer campaign || Pokémon Japan Championships 2024 participation prize (June 1 - 2, 2024) || Pokémon Japan Championships 2024 viewer campaign (June 1 - 2, 2024)","Bulbapedia (CC BY-NC-SA), 9/10/2026"
SV-P,107/SV-P,107,Basic Metal Energy,Champions League 2024 participation prize,evento o torneo,"Champions League 2024 participation prize || Champions League 2024 viewer campaign || Pokémon Japan Championships 2024 participation prize (June 1 - 2, 2024) || Pokémon Japan Championships 2024 viewer campaign (June 1 - 2, 2024)","Bulbapedia (CC BY-NC-SA), 9/10/2026"
SV-P,108/SV-P,108,Zapdos,Champions League 2024 winner's prize,evento o torneo,"Champions League 2024 winner's prize || Pokémon Japan Championships 2024 winner's prize (June 1 - 2, 2024)","Bulbapedia (CC BY-NC-SA), 9/10/2026"
SV-P,109/SV-P,109,Defiance Band,Champions League 2024 top 64 prize,evento o torneo,"Champions League 2024 top 64 prize || Pokémon Japan Championships 2024 top 64 prize (June 1 - 2, 2024)","Bulbapedia (CC BY-NC-SA), 9/10/2026"
SV-P,110/SV-P,110,Celebratory Fanfare,2022 - 2023 season Championship Point reward,evento o torneo,2022 - 2023 season Championship Point reward,"Bulbapedia (CC BY-NC-SA), 9/10/2026"
SV-P,111/SV-P,111,Pansear,"Pokémon Card Gym Promo Card Pack 4 (October 27, 2023)",evento o torneo,"Pokémon Card Gym Promo Card Pack 4 (October 27, 2023)","Bulbapedia (CC BY-NC-SA), 9/10/2026"
SV-P,112/SV-P,112,Horsea,"Pokémon Card Gym Promo Card Pack 4 (October 27, 2023)",evento o torneo,"Pokémon Card Gym Promo Card Pack 4 (October 27, 2023)","Bulbapedia (CC BY-NC-SA), 9/10/2026"
SV-P,113/SV-P,113,Yamask,"Pokémon Card Gym Promo Card Pack 4 (October 27, 2023)",evento o torneo,"Pokémon Card Gym Promo Card Pack 4 (October 27, 2023)","Bulbapedia (CC BY-NC-SA), 9/10/2026"
SV-P,114/SV-P,114,Tinkaton,"Pokémon Card Gym Promo Card Pack 4 (October 27, 2023)",evento o torneo,"Pokémon Card Gym Promo Card Pack 4 (October 27, 2023)","Bulbapedia (CC BY-NC-SA), 9/10/2026"
SV-P,115/SV-P,115,Garganacl,"Pokémon Card Gym Promo Card Pack 4 (October 27, 2023)",evento o torneo,"Pokémon Card Gym Promo Card Pack 4 (October 27, 2023)","Bulbapedia (CC BY-NC-SA), 9/10/2026"
SV-P,116/SV-P,116,Porygon2,"Pokémon Card Gym Promo Card Pack 4 (October 27, 2023)",evento o torneo,"Pokémon Card Gym Promo Card Pack 4 (October 27, 2023)","Bulbapedia (CC BY-NC-SA), 9/10/2026"
SV-P,117/SV-P,117,Raifort,"Pokémon Card Gym Promo Card Pack 4 (October 27, 2023)",evento o torneo,"Pokémon Card Gym Promo Card Pack 4 (October 27, 2023)","Bulbapedia (CC BY-NC-SA), 9/10/2026"
SV-P,118/SV-P,118,Poppy,"Pokémon Card Gym New Release Battle winner prize (October 27, 2023)",evento o torneo,"Pokémon Card Gym New Release Battle winner prize (October 27, 2023)","Bulbapedia (CC BY-NC-SA), 9/10/2026"
SV-P,119/SV-P,119,Latias,"CoroCoro Ichiban! January 2024 issue insert (November 20, 2023)",altro,"CoroCoro Ichiban! January 2024 issue insert (November 20, 2023)","Bulbapedia (CC BY-NC-SA), 9/10/2026"
SV-P,120/SV-P,120,Pikachu,"Pokémon Card Gym events participation prize (September 2, 2023 - February 29, 2024)",evento o torneo,"Pokémon Card Gym events participation prize (September 2, 2023 - February 29, 2024)","Bulbapedia (CC BY-NC-SA), 9/10/2026"
SV-P,121/SV-P,121,Wooper,"Pokémon Card Gym Promo Card Pack 5 (January 26, 2024)",evento o torneo,"Pokémon Card Gym Promo Card Pack 5 (January 26, 2024)","Bulbapedia (CC BY-NC-SA), 9/10/2026"
SV-P,122/SV-P,122,Quagsire,"Pokémon Card Gym Promo Card Pack 5 (January 26, 2024)",evento o torneo,"Pokémon Card Gym Promo Card Pack 5 (January 26, 2024)","Bulbapedia (CC BY-NC-SA), 9/10/2026"
SV-P,123/SV-P,123,Klefki,"Pokémon Card Gym Promo Card Pack 5 (January 26, 2024)",evento o torneo,"Pokémon Card Gym Promo Card Pack 5 (January 26, 2024)","Bulbapedia (CC BY-NC-SA), 9/10/2026"
SV-P,124/SV-P,124,Flamigo,"Pokémon Card Gym Promo Card Pack 5 (January 26, 2024)",evento o torneo,"Pokémon Card Gym Promo Card Pack 5 (January 26, 2024)","Bulbapedia (CC BY-NC-SA), 9/10/2026"
SV-P,125/SV-P,125,Nest Ball,"Pokémon Card Gym Promo Card Pack 5 (January 26, 2024)",evento o torneo,"Pokémon Card Gym Promo Card Pack 5 (January 26, 2024)","Bulbapedia (CC BY-NC-SA), 9/10/2026"
SV-P,126/SV-P,126,Switch,"Pokémon Card Gym Promo Card Pack 5 (January 26, 2024)",evento o torneo,"Pokémon Card Gym Promo Card Pack 5 (January 26, 2024)","Bulbapedia (CC BY-NC-SA), 9/10/2026"
SV-P,127/SV-P,127,Tyme,"Pokémon Card Gym Promo Card Pack 5 (January 26, 2024)",evento o torneo,"Pokémon Card Gym Promo Card Pack 5 (January 26, 2024)","Bulbapedia (CC BY-NC-SA), 9/10/2026"
SV-P,128/SV-P,128,Rika,"Pokémon Card Gym New Release Battle winner prize (January 26, 2024)",evento o torneo,"Pokémon Card Gym New Release Battle winner prize (January 26, 2024)","Bulbapedia (CC BY-NC-SA), 9/10/2026"
SV-P,129/SV-P,129,Pachirisu,"CoroCoro Ichiban! April 2024 issue insert (February 20, 2024)",altro,"CoroCoro Ichiban! April 2024 issue insert (February 20, 2024) || Pokémon Fan issue 87 insert (February 28, 2024)","Bulbapedia (CC BY-NC-SA), 9/10/2026"
SV-P,130/SV-P,130,Raihan,"Extra Battle Day participation prize (January 1, 2024)",evento o torneo,"Extra Battle Day participation prize (January 1, 2024)","Bulbapedia (CC BY-NC-SA), 9/10/2026"
SV-P,131/SV-P,131,Wobbuffet,"Extra Battle Day Promo Card Pack (January 1, 2024)",evento o torneo,"Extra Battle Day Promo Card Pack (January 1, 2024)","Bulbapedia (CC BY-NC-SA), 9/10/2026"
SV-P,132/SV-P,132,Garbodor,"Extra Battle Day Promo Card Pack (January 1, 2024)",evento o torneo,"Extra Battle Day Promo Card Pack (January 1, 2024)","Bulbapedia (CC BY-NC-SA), 9/10/2026"
SV-P,133/SV-P,133,Tapu Lele,"Extra Battle Day Promo Card Pack (January 1, 2024)",evento o torneo,"Extra Battle Day Promo Card Pack (January 1, 2024)","Bulbapedia (CC BY-NC-SA), 9/10/2026"
SV-P,134/SV-P,134,Dragonite,"Extra Battle Day Promo Card Pack (January 1, 2024)",evento o torneo,"Extra Battle Day Promo Card Pack (January 1, 2024)","Bulbapedia (CC BY-NC-SA), 9/10/2026"
SV-P,135/SV-P,135,Trainers' Mail,"Extra Battle Day Promo Card Pack (January 1, 2024)",evento o torneo,"Extra Battle Day Promo Card Pack (January 1, 2024)","Bulbapedia (CC BY-NC-SA), 9/10/2026"
SV-P,136/SV-P,136,Battle Compressor,"Extra Battle Day Promo Card Pack (January 1, 2024)",evento o torneo,"Extra Battle Day Promo Card Pack (January 1, 2024)","Bulbapedia (CC BY-NC-SA), 9/10/2026"
SV-P,137/SV-P,137,VS Seeker,"Extra Battle Day Promo Card Pack (January 1, 2024)",evento o torneo,"Extra Battle Day Promo Card Pack (January 1, 2024)","Bulbapedia (CC BY-NC-SA), 9/10/2026"
SV-P,138/SV-P,138,Float Stone,"Extra Battle Day Promo Card Pack (January 1, 2024)",evento o torneo,"Extra Battle Day Promo Card Pack (January 1, 2024)","Bulbapedia (CC BY-NC-SA), 9/10/2026"
SV-P,139/SV-P,139,Wally,"Extra Battle Day Promo Card Pack (January 1, 2024)",evento o torneo,"Extra Battle Day Promo Card Pack (January 1, 2024)","Bulbapedia (CC BY-NC-SA), 9/10/2026"
SV-P,140/SV-P,140,Silent Lab,"Extra Battle Day Promo Card Pack (January 1, 2024)",evento o torneo,"Extra Battle Day Promo Card Pack (January 1, 2024)","Bulbapedia (CC BY-NC-SA), 9/10/2026"
SV-P,141/SV-P,141,Sky Field,"Extra Battle Day Promo Card Pack (January 1, 2024)",evento o torneo,"Extra Battle Day Promo Card Pack (January 1, 2024)","Bulbapedia (CC BY-NC-SA), 9/10/2026"
SV-P,142/SV-P,142,Double Dragon Energy,"Extra Battle Day Promo Card Pack (January 1, 2024)",evento o torneo,"Extra Battle Day Promo Card Pack (January 1, 2024)","Bulbapedia (CC BY-NC-SA), 9/10/2026"
SV-P,143/SV-P,143,Energy Sticker,"Endorsed Independent Event Trainers Pack (January 26, 2024)",evento o torneo,"Endorsed Independent Event Trainers Pack (January 26, 2024)","Bulbapedia (CC BY-NC-SA), 9/10/2026"
SV-P,144/SV-P,144,Grabber,"Endorsed Independent Event Trainers Pack (January 26, 2024)",evento o torneo,"Endorsed Independent Event Trainers Pack (January 26, 2024)","Bulbapedia (CC BY-NC-SA), 9/10/2026"
SV-P,145/SV-P,145,Bravery Charm,"Endorsed Independent Event Trainers Pack (January 26, 2024)",evento o torneo,"Endorsed Independent Event Trainers Pack (January 26, 2024)","Bulbapedia (CC BY-NC-SA), 9/10/2026"
SV-P,146/SV-P,146,Technical Machine: Evolution,"Endorsed Independent Event Trainers Pack (January 26, 2024)",evento o torneo,"Endorsed Independent Event Trainers Pack (January 26, 2024)","Bulbapedia (CC BY-NC-SA), 9/10/2026"
SV-P,147/SV-P,147,Morty's Conviction,"Pokémon Card Gym New Release Battle winner prize (April 26, 2024)",evento o torneo,"Pokémon Card Gym New Release Battle winner prize (April 26, 2024)","Bulbapedia (CC BY-NC-SA), 9/10/2026"
SV-P,148/SV-P,148,Teal Mask Ogerpon,"Ogerpon Special Jumbo Card Set (May 17, 2024)",prodotto speciale,"Ogerpon Special Jumbo Card Set (May 17, 2024)","Bulbapedia (CC BY-NC-SA), 9/10/2026"
SV-P,149/SV-P,149,Ogre's Mask,"Ogerpon Special Jumbo Card Set (May 17, 2024)",prodotto speciale,"Ogerpon Special Jumbo Card Set (May 17, 2024)","Bulbapedia (CC BY-NC-SA), 9/10/2026"
SV-P,150/SV-P,150,Buddy-Buddy Poffin,"Pokémon Card Gym First Entry Campaign (January 26 - April 8, 2024)",evento o torneo,"Pokémon Card Gym First Entry Campaign (January 26 - April 8, 2024) || Pokémon Card Gym First Entry Campaign (July 19 - September 30, 2024)","Bulbapedia (CC BY-NC-SA), 9/10/2026"
SV-P,151/SV-P,151,Miraidon,"Pokémon Card Gym First Entry Campaign (January 26 - April 8, 2024)",evento o torneo,"Pokémon Card Gym First Entry Campaign (January 26 - April 8, 2024)","Bulbapedia (CC BY-NC-SA), 9/10/2026"
SV-P,152/SV-P,152,Koraidon,"Pokémon Card Gym First Entry Campaign (January 26 - April 8, 2024)",evento o torneo,"Pokémon Card Gym First Entry Campaign (January 26 - April 8, 2024)","Bulbapedia (CC BY-NC-SA), 9/10/2026"
SV-P,153/SV-P,153,Nemona,"Crimson Haze Sealed Battle participation prize (March 22 - May 12, 2024)",evento o torneo,"Crimson Haze Sealed Battle participation prize (March 22 - May 12, 2024) || Paradise Dragona Sealed Battle participation prize (September 13 - October 31, 2024)","Bulbapedia (CC BY-NC-SA), 9/10/2026"
SV-P,154/SV-P,154,Nemona,"Crimson Haze Sealed Battle participation prize (March 22 - May 12, 2024)",evento o torneo,"Crimson Haze Sealed Battle participation prize (March 22 - May 12, 2024) || Paradise Dragona Sealed Battle participation prize (September 13 - October 31, 2024)","Bulbapedia (CC BY-NC-SA), 9/10/2026"
SV-P,155/SV-P,155,Kilowattrel,"Pokémon Card Gym Promo Card Pack 6 (April 26, 2024)",evento o torneo,"Pokémon Card Gym Promo Card Pack 6 (April 26, 2024)","Bulbapedia (CC BY-NC-SA), 9/10/2026"
SV-P,156/SV-P,156,Mimikyu,"Pokémon Card Gym Promo Card Pack 6 (April 26, 2024)",evento o torneo,"Pokémon Card Gym Promo Card Pack 6 (April 26, 2024)","Bulbapedia (CC BY-NC-SA), 9/10/2026"
SV-P,157/SV-P,157,Scraggy,"Pokémon Card Gym Promo Card Pack 6 (April 26, 2024)",evento o torneo,"Pokémon Card Gym Promo Card Pack 6 (April 26, 2024)","Bulbapedia (CC BY-NC-SA), 9/10/2026"
SV-P,158/SV-P,158,Scrafty,"Pokémon Card Gym Promo Card Pack 6 (April 26, 2024)",evento o torneo,"Pokémon Card Gym Promo Card Pack 6 (April 26, 2024)","Bulbapedia (CC BY-NC-SA), 9/10/2026"
SV-P,159/SV-P,159,Rare Candy,"Pokémon Card Gym Promo Card Pack 6 (April 26, 2024)",evento o torneo,"Pokémon Card Gym Promo Card Pack 6 (April 26, 2024)","Bulbapedia (CC BY-NC-SA), 9/10/2026"
SV-P,160/SV-P,160,Roto-Stick,"Pokémon Card Gym Promo Card Pack 6 (April 26, 2024)",evento o torneo,"Pokémon Card Gym Promo Card Pack 6 (April 26, 2024)","Bulbapedia (CC BY-NC-SA), 9/10/2026"
SV-P,161/SV-P,161,Iono,"Pokémon Card Gym Promo Card Pack 6 (April 26, 2024)",evento o torneo,"Pokémon Card Gym Promo Card Pack 6 (April 26, 2024)","Bulbapedia (CC BY-NC-SA), 9/10/2026"
SV-P,162/SV-P,162,Zarude,"CoroCoro Ichiban! July 2024 issue insert (May 20, 2024)",altro,"CoroCoro Ichiban! July 2024 issue insert (May 20, 2024) || Pokémon Fan issue 89 insert (July 11, 2024)","Bulbapedia (CC BY-NC-SA), 9/10/2026"
SV-P,163/SV-P,163,Yanma,"Pokémon Card Gym Promo Card Pack 7 (July 19, 2024)",evento o torneo,"Pokémon Card Gym Promo Card Pack 7 (July 19, 2024)","Bulbapedia (CC BY-NC-SA), 9/10/2026"
SV-P,164/SV-P,164,Yanmega,"Pokémon Card Gym Promo Card Pack 7 (July 19, 2024)",evento o torneo,"Pokémon Card Gym Promo Card Pack 7 (July 19, 2024)","Bulbapedia (CC BY-NC-SA), 9/10/2026"
SV-P,165/SV-P,165,Veluza,"Pokémon Card Gym Promo Card Pack 7 (July 19, 2024)",evento o torneo,"Pokémon Card Gym Promo Card Pack 7 (July 19, 2024)","Bulbapedia (CC BY-NC-SA), 9/10/2026"
SV-P,166/SV-P,166,Ditto,"Pokémon Card Gym Promo Card Pack 7 (July 19, 2024)",evento o torneo,"Pokémon Card Gym Promo Card Pack 7 (July 19, 2024)","Bulbapedia (CC BY-NC-SA), 9/10/2026"
SV-P,167/SV-P,167,Super Rod,"Pokémon Card Gym Promo Card Pack 7 (July 19, 2024)",evento o torneo,"Pokémon Card Gym Promo Card Pack 7 (July 19, 2024)","Bulbapedia (CC BY-NC-SA), 9/10/2026"
SV-P,168/SV-P,168,Professor's Research [Professor Sada],"Pokémon Card Gym Promo Card Pack 7 (July 19, 2024)",evento o torneo,"Pokémon Card Gym Promo Card Pack 7 (July 19, 2024)","Bulbapedia (CC BY-NC-SA), 9/10/2026"
SV-P,169/SV-P,169,Professor's Research [Professor Turo],"Pokémon Card Gym Promo Card Pack 7 (July 19, 2024)",evento o torneo,"Pokémon Card Gym Promo Card Pack 7 (July 19, 2024)","Bulbapedia (CC BY-NC-SA), 9/10/2026"
SV-P,170/SV-P,170,Billy & O'Nare,"Pokémon Card Gym Promo Card Pack 7 (July 19, 2024)",evento o torneo,"Pokémon Card Gym Promo Card Pack 7 (July 19, 2024)","Bulbapedia (CC BY-NC-SA), 9/10/2026"
SV-P,171/SV-P,171,Carmine,"Pokémon Card Gym New Release Battle winner prize (July 19, 2024)",evento o torneo,"Pokémon Card Gym New Release Battle winner prize (July 19, 2024)","Bulbapedia (CC BY-NC-SA), 9/10/2026"
SV-P,172/SV-P,172,Kangaskhan,"CoroCoro Ichiban! October 2024 issue insert (August 20, 2024)",altro,"CoroCoro Ichiban! October 2024 issue insert (August 20, 2024) || Pokémon Fan issue 90 insert (September 29, 2024)","Bulbapedia (CC BY-NC-SA), 9/10/2026"
SV-P,173/SV-P,173,Noctowl,"Pokémon Card Gym First Entry Campaign (July 19 - September 30, 2024)",evento o torneo,"Pokémon Card Gym First Entry Campaign (July 19 - September 30, 2024)","Bulbapedia (CC BY-NC-SA), 9/10/2026"
SV-P,174/SV-P,174,Celebratory Fanfare,2023 - 2024 season Championship Point reward,evento o torneo,2023 - 2024 season Championship Point reward,"Bulbapedia (CC BY-NC-SA), 9/10/2026"
SV-P,175/SV-P,175,Basic Grass Energy,"Friend Battle Together participation prize (July 19 - September 30, 2024)",evento o torneo,"Friend Battle Together participation prize (July 19 - September 30, 2024)","Bulbapedia (CC BY-NC-SA), 9/10/2026"
SV-P,176/SV-P,176,Basic Fire Energy,"Friend Battle Together participation prize (July 19 - September 30, 2024)",evento o torneo,"Friend Battle Together participation prize (July 19 - September 30, 2024)","Bulbapedia (CC BY-NC-SA), 9/10/2026"
SV-P,177/SV-P,177,Basic Water Energy,"Friend Battle Together participation prize (July 19 - September 30, 2024)",evento o torneo,"Friend Battle Together participation prize (July 19 - September 30, 2024)","Bulbapedia (CC BY-NC-SA), 9/10/2026"
SV-P,178/SV-P,178,Basic Lightning Energy,"Friend Battle Together participation prize (July 19 - September 30, 2024)",evento o torneo,"Friend Battle Together participation prize (July 19 - September 30, 2024)","Bulbapedia (CC BY-NC-SA), 9/10/2026"
SV-P,179/SV-P,179,Basic Psychic Energy,"Friend Battle Together participation prize (July 19 - September 30, 2024)",evento o torneo,"Friend Battle Together participation prize (July 19 - September 30, 2024)","Bulbapedia (CC BY-NC-SA), 9/10/2026"
SV-P,180/SV-P,180,Basic Fighting Energy,"Friend Battle Together participation prize (July 19 - September 30, 2024)",evento o torneo,"Friend Battle Together participation prize (July 19 - September 30, 2024)","Bulbapedia (CC BY-NC-SA), 9/10/2026"
SV-P,181/SV-P,181,Basic Darkness Energy,"Friend Battle Together participation prize (July 19 - September 30, 2024)",evento o torneo,"Friend Battle Together participation prize (July 19 - September 30, 2024)","Bulbapedia (CC BY-NC-SA), 9/10/2026"
SV-P,182/SV-P,182,Basic Metal Energy,"Friend Battle Together participation prize (July 19 - September 30, 2024)",evento o torneo,"Friend Battle Together participation prize (July 19 - September 30, 2024)","Bulbapedia (CC BY-NC-SA), 9/10/2026"
SV-P,183/SV-P,183,Alolan Exeggutor,"Paradise Dragona Sealed Battle winner's prize (September 13 - October 31, 2024)",evento o torneo,"Paradise Dragona Sealed Battle winner's prize (September 13 - October 31, 2024)","Bulbapedia (CC BY-NC-SA), 9/10/2026"
SV-P,184/SV-P,184,Rabsca,"Pokémon Card Gym Promo Card Pack 8 (October 18, 2024)",evento o torneo,"Pokémon Card Gym Promo Card Pack 8 (October 18, 2024)","Bulbapedia (CC BY-NC-SA), 9/10/2026"
SV-P,185/SV-P,185,Iron Bundle,"Pokémon Card Gym Promo Card Pack 8 (October 18, 2024)",evento o torneo,"Pokémon Card Gym Promo Card Pack 8 (October 18, 2024)","Bulbapedia (CC BY-NC-SA), 9/10/2026"
SV-P,186/SV-P,186,Hippopotas,"Pokémon Card Gym Promo Card Pack 8 (October 18, 2024)",evento o torneo,"Pokémon Card Gym Promo Card Pack 8 (October 18, 2024)","Bulbapedia (CC BY-NC-SA), 9/10/2026"
SV-P,187/SV-P,187,Hippowdon,"Pokémon Card Gym Promo Card Pack 8 (October 18, 2024)",evento o torneo,"Pokémon Card Gym Promo Card Pack 8 (October 18, 2024)","Bulbapedia (CC BY-NC-SA), 9/10/2026"
SV-P,188/SV-P,188,Boss's Orders [Ghetsis],"Pokémon Card Gym Promo Card Pack 8 (October 18, 2024)",evento o torneo,"Pokémon Card Gym Promo Card Pack 8 (October 18, 2024)","Bulbapedia (CC BY-NC-SA), 9/10/2026"
SV-P,189/SV-P,189,TM Machine,"Pokémon Card Gym Promo Card Pack 8 (October 18, 2024)",evento o torneo,"Pokémon Card Gym Promo Card Pack 8 (October 18, 2024)","Bulbapedia (CC BY-NC-SA), 9/10/2026"
SV-P,190/SV-P,190,Jet Energy,"Pokémon Card Gym Promo Card Pack 8 (October 18, 2024)",evento o torneo,"Pokémon Card Gym Promo Card Pack 8 (October 18, 2024)","Bulbapedia (CC BY-NC-SA), 9/10/2026"
SV-P,191/SV-P,191,Crispin,"Pokémon Card Gym New Release Battle winner prize (October 18, 2024)",evento o torneo,"Pokémon Card Gym New Release Battle winner prize (October 18, 2024)","Bulbapedia (CC BY-NC-SA), 9/10/2026"
SV-P,192/SV-P,192,Meowth,Generations Start Deck Special Battle Set,prodotto speciale,Generations Start Deck Special Battle Set,"Bulbapedia (CC BY-NC-SA), 9/10/2026"
SV-P,193/SV-P,193,Paldean Wooper,Generations Start Deck Special Battle Set,prodotto speciale,Generations Start Deck Special Battle Set,"Bulbapedia (CC BY-NC-SA), 9/10/2026"
SV-P,194/SV-P,194,Suicune,Generations Start Deck Special Battle Set,prodotto speciale,Generations Start Deck Special Battle Set,"Bulbapedia (CC BY-NC-SA), 9/10/2026"
SV-P,195/SV-P,195,Duraludon,Generations Start Deck Special Battle Set,prodotto speciale,Generations Start Deck Special Battle Set,"Bulbapedia (CC BY-NC-SA), 9/10/2026"
SV-P,196/SV-P,196,Eevee,"Let's Start a Pokémon Card Battle! Campaign (August 30, 2024)",evento o torneo,"Let's Start a Pokémon Card Battle! Campaign (August 30, 2024)","Bulbapedia (CC BY-NC-SA), 9/10/2026"
SV-P,197/SV-P,197,Pikachu,"Pokémon Card Gym events participation prize (September 2, 2024 - December 31, 2024)",evento o torneo,"Pokémon Card Gym events participation prize (September 2, 2024 - December 31, 2024)","Bulbapedia (CC BY-NC-SA), 9/10/2026"
SV-P,198/SV-P,198,Eevee,"Deck As Is Battle ~Get Eevee~ participation prize (November 22, 2024)",prodotto speciale,"Deck As Is Battle ~Get Eevee~ participation prize (November 22, 2024)","Bulbapedia (CC BY-NC-SA), 9/10/2026"
SV-P,199/SV-P,199,Lillie's Comfey,Lillie Collection File Set,prodotto speciale,Lillie Collection File Set,"Bulbapedia (CC BY-NC-SA), 9/10/2026"
SV-P,200/SV-P,200,N's Zorua,N Collection File Set,prodotto speciale,N Collection File Set,"Bulbapedia (CC BY-NC-SA), 9/10/2026"
SV-P,201/SV-P,201,Tatsugiri,Champions League 2025 participation prize,evento o torneo,"Champions League 2025 participation prize || Champions League 2025 viewer campaign || Pokémon Japan Championships 2025 participation prize (June 21 - 22, 2025) || Pokémon Japan Championships 2025 viewer campaign (June 21 - 22, 2025)","Bulbapedia (CC BY-NC-SA), 9/10/2026"
SV-P,202/SV-P,202,Basic Grass Energy,Champions League 2025 participation prize,evento o torneo,"Champions League 2025 participation prize || Champions League 2025 viewer campaign || Pokémon Japan Championships 2025 participation prize (June 21 - 22, 2025) || Pokémon Japan Championships 2025 viewer campaign (June 21 - 22, 2025)","Bulbapedia (CC BY-NC-SA), 9/10/2026"
SV-P,203/SV-P,203,Basic Fire Energy,Champions League 2025 participation prize,evento o torneo,"Champions League 2025 participation prize || Champions League 2025 viewer campaign || Pokémon Japan Championships 2025 participation prize (June 21 - 22, 2025) || Pokémon Japan Championships 2025 viewer campaign (June 21 - 22, 2025)","Bulbapedia (CC BY-NC-SA), 9/10/2026"
SV-P,204/SV-P,204,Basic Water Energy,Champions League 2025 participation prize,evento o torneo,"Champions League 2025 participation prize || Champions League 2025 viewer campaign || Pokémon Japan Championships 2025 participation prize (June 21 - 22, 2025) || Pokémon Japan Championships 2025 viewer campaign (June 21 - 22, 2025)","Bulbapedia (CC BY-NC-SA), 9/10/2026"
SV-P,205/SV-P,205,Basic Lightning Energy,Champions League 2025 participation prize,evento o torneo,"Champions League 2025 participation prize || Champions League 2025 viewer campaign || Pokémon Japan Championships 2025 participation prize (June 21 - 22, 2025) || Pokémon Japan Championships 2025 viewer campaign (June 21 - 22, 2025)","Bulbapedia (CC BY-NC-SA), 9/10/2026"
SV-P,206/SV-P,206,Basic Psychic Energy,Champions League 2025 participation prize,evento o torneo,"Champions League 2025 participation prize || Champions League 2025 viewer campaign || Pokémon Japan Championships 2025 participation prize (June 21 - 22, 2025) || Pokémon Japan Championships 2025 viewer campaign (June 21 - 22, 2025)","Bulbapedia (CC BY-NC-SA), 9/10/2026"
SV-P,207/SV-P,207,Basic Fighting Energy,Champions League 2025 participation prize,evento o torneo,"Champions League 2025 participation prize || Champions League 2025 viewer campaign || Pokémon Japan Championships 2025 participation prize (June 21 - 22, 2025) || Pokémon Japan Championships 2025 viewer campaign (June 21 - 22, 2025)","Bulbapedia (CC BY-NC-SA), 9/10/2026"
SV-P,208/SV-P,208,Basic Darkness Energy,Champions League 2025 participation prize,evento o torneo,"Champions League 2025 participation prize || Champions League 2025 viewer campaign || Pokémon Japan Championships 2025 participation prize (June 21 - 22, 2025) || Pokémon Japan Championships 2025 viewer campaign (June 21 - 22, 2025)","Bulbapedia (CC BY-NC-SA), 9/10/2026"
SV-P,209/SV-P,209,Basic Metal Energy,Champions League 2025 participation prize,evento o torneo,"Champions League 2025 participation prize || Champions League 2025 viewer campaign || Pokémon Japan Championships 2025 participation prize (June 21 - 22, 2025) || Pokémon Japan Championships 2025 viewer campaign (June 21 - 22, 2025)","Bulbapedia (CC BY-NC-SA), 9/10/2026"
SV-P,210/SV-P,210,Scizor,Champions League 2025 winner's prize,evento o torneo,"Champions League 2025 winner's prize || Pokémon Japan Championships 2025 winner's prize (June 21 - 22, 2025) || 2024 - 2025 season Championship Point reward","Bulbapedia (CC BY-NC-SA), 9/10/2026"
SV-P,211/SV-P,211,Enhanced Hammer,Champions League 2025 top 64 prize,evento o torneo,"Champions League 2025 top 64 prize || Pokémon Japan Championships 2025 top 64 prize (June 21 - 22, 2025)","Bulbapedia (CC BY-NC-SA), 9/10/2026"
SV-P,212/SV-P,212,Zebstrika,"CoroCoro Ichiban! January 2025 issue insert (November 20, 2024)",altro,"CoroCoro Ichiban! January 2025 issue insert (November 20, 2024) || Pokémon Fan issue 91 insert (November 28, 2024)","Bulbapedia (CC BY-NC-SA), 9/10/2026"
SV-P,213/SV-P,213,Sprigatito,"Pokémon Card Summer Is Here! Promo Card Get Campaign! Promo Card Pack (August 8, 2024)",campagna d'acquisto,"Pokémon Card Summer Is Here! Promo Card Get Campaign! Promo Card Pack (August 8, 2024)","Bulbapedia (CC BY-NC-SA), 9/10/2026"
SV-P,214/SV-P,214,Fuecoco,"Pokémon Card Summer Is Here! Promo Card Get Campaign! Promo Card Pack (August 8, 2024)",campagna d'acquisto,"Pokémon Card Summer Is Here! Promo Card Get Campaign! Promo Card Pack (August 8, 2024)","Bulbapedia (CC BY-NC-SA), 9/10/2026"
SV-P,215/SV-P,215,Quaxly,"Pokémon Card Summer Is Here! Promo Card Get Campaign! Promo Card Pack (August 8, 2024)",campagna d'acquisto,"Pokémon Card Summer Is Here! Promo Card Get Campaign! Promo Card Pack (August 8, 2024)","Bulbapedia (CC BY-NC-SA), 9/10/2026"
SV-P,216/SV-P,216,Pikachu,"Pokémon Card Summer Is Here! Promo Card Get Campaign! Promo Card Pack (August 8, 2024)",campagna d'acquisto,"Pokémon Card Summer Is Here! Promo Card Get Campaign! Promo Card Pack (August 8, 2024)","Bulbapedia (CC BY-NC-SA), 9/10/2026"
SV-P,217/SV-P,217,Pawmi,"Pokémon Card Summer Is Here! Promo Card Get Campaign! Promo Card Pack (August 8, 2024)",campagna d'acquisto,"Pokémon Card Summer Is Here! Promo Card Get Campaign! Promo Card Pack (August 8, 2024)","Bulbapedia (CC BY-NC-SA), 9/10/2026"
SV-P,218/SV-P,218,Pikachu,"Pokémon Card Summer Is Here! Promo Card Get Campaign! Promo Card Pack (August 8, 2024)",campagna d'acquisto,"Pokémon Card Summer Is Here! Promo Card Get Campaign! Promo Card Pack (August 8, 2024)","Bulbapedia (CC BY-NC-SA), 9/10/2026"
SV-P,219/SV-P,219,Irida,"Extra Battle Day participation prize (January 1, 2025)",evento o torneo,"Extra Battle Day participation prize (January 1, 2025)","Bulbapedia (CC BY-NC-SA), 9/10/2026"
SV-P,220/SV-P,220,Girafarig,"Extra Battle Day Promo Card Pack (January 1, 2025)",evento o torneo,"Extra Battle Day Promo Card Pack (January 1, 2025)","Bulbapedia (CC BY-NC-SA), 9/10/2026"
SV-P,221/SV-P,221,Garbodor,"Extra Battle Day Promo Card Pack (January 1, 2025)",evento o torneo,"Extra Battle Day Promo Card Pack (January 1, 2025)","Bulbapedia (CC BY-NC-SA), 9/10/2026"
SV-P,222/SV-P,222,Crobat,"Extra Battle Day Promo Card Pack (January 1, 2025)",evento o torneo,"Extra Battle Day Promo Card Pack (January 1, 2025)","Bulbapedia (CC BY-NC-SA), 9/10/2026"
SV-P,223/SV-P,223,Trainers' Mail,"Extra Battle Day Promo Card Pack (January 1, 2025)",evento o torneo,"Extra Battle Day Promo Card Pack (January 1, 2025)","Bulbapedia (CC BY-NC-SA), 9/10/2026"
SV-P,224/SV-P,224,Computer Search,"Extra Battle Day Promo Card Pack (January 1, 2025)",evento o torneo,"Extra Battle Day Promo Card Pack (January 1, 2025)","Bulbapedia (CC BY-NC-SA), 9/10/2026"
SV-P,225/SV-P,225,Battle Compressor,"Extra Battle Day Promo Card Pack (January 1, 2025)",evento o torneo,"Extra Battle Day Promo Card Pack (January 1, 2025)","Bulbapedia (CC BY-NC-SA), 9/10/2026"
SV-P,226/SV-P,226,VS Seeker,"Extra Battle Day Promo Card Pack (January 1, 2025)",evento o torneo,"Extra Battle Day Promo Card Pack (January 1, 2025)","Bulbapedia (CC BY-NC-SA), 9/10/2026"
SV-P,227/SV-P,227,Float Stone,"Extra Battle Day Promo Card Pack (January 1, 2025)",evento o torneo,"Extra Battle Day Promo Card Pack (January 1, 2025)","Bulbapedia (CC BY-NC-SA), 9/10/2026"
SV-P,228/SV-P,228,Muscle Band,"Extra Battle Day Promo Card Pack (January 1, 2025)",evento o torneo,"Extra Battle Day Promo Card Pack (January 1, 2025)","Bulbapedia (CC BY-NC-SA), 9/10/2026"
SV-P,229/SV-P,229,Pokémon Ranger,"Extra Battle Day Promo Card Pack (January 1, 2025)",evento o torneo,"Extra Battle Day Promo Card Pack (January 1, 2025)","Bulbapedia (CC BY-NC-SA), 9/10/2026"
SV-P,230/SV-P,230,Silent Lab,"Extra Battle Day Promo Card Pack (January 1, 2025)",evento o torneo,"Extra Battle Day Promo Card Pack (January 1, 2025)","Bulbapedia (CC BY-NC-SA), 9/10/2026"
SV-P,231/SV-P,231,Double Dragon Energy,"Extra Battle Day Promo Card Pack (January 1, 2025)",evento o torneo,"Extra Battle Day Promo Card Pack (January 1, 2025)","Bulbapedia (CC BY-NC-SA), 9/10/2026"
SV-P,232/SV-P,232,Iono's Wattrel,Battle Partners booster box purchase campaign,evento o torneo,Battle Partners booster box purchase campaign,"Bulbapedia (CC BY-NC-SA), 9/10/2026"
SV-P,233/SV-P,233,Hop's Pincurchin,"Pokémon Card Gym Promo Card Pack 9 (January 24, 2025)",evento o torneo,"Pokémon Card Gym Promo Card Pack 9 (January 24, 2025)","Bulbapedia (CC BY-NC-SA), 9/10/2026"
SV-P,234/SV-P,234,Drifloon,"Pokémon Card Gym Promo Card Pack 9 (January 24, 2025)",evento o torneo,"Pokémon Card Gym Promo Card Pack 9 (January 24, 2025)","Bulbapedia (CC BY-NC-SA), 9/10/2026"
SV-P,235/SV-P,235,Drifblim,"Pokémon Card Gym Promo Card Pack 9 (January 24, 2025)",evento o torneo,"Pokémon Card Gym Promo Card Pack 9 (January 24, 2025)","Bulbapedia (CC BY-NC-SA), 9/10/2026"
SV-P,236/SV-P,236,Tatsugiri,"Pokémon Card Gym Promo Card Pack 9 (January 24, 2025)",evento o torneo,"Pokémon Card Gym Promo Card Pack 9 (January 24, 2025)","Bulbapedia (CC BY-NC-SA), 9/10/2026"
SV-P,237/SV-P,237,Buddy-Buddy Poffin,"Pokémon Card Gym Promo Card Pack 9 (January 24, 2025)",evento o torneo,"Pokémon Card Gym Promo Card Pack 9 (January 24, 2025) || Pokémon Card Gym First Entry Campaign (March 1 - August 31, 2025)","Bulbapedia (CC BY-NC-SA), 9/10/2026"
SV-P,238/SV-P,238,Arven,"Pokémon Card Gym Promo Card Pack 9 (January 24, 2025)",evento o torneo,"Pokémon Card Gym Promo Card Pack 9 (January 24, 2025)","Bulbapedia (CC BY-NC-SA), 9/10/2026"
SV-P,239/SV-P,239,Pokémon Center Lady,"Pokémon Card Gym Promo Card Pack 9 (January 24, 2025)",evento o torneo,"Pokémon Card Gym Promo Card Pack 9 (January 24, 2025)","Bulbapedia (CC BY-NC-SA), 9/10/2026"
SV-P,240/SV-P,240,Drayton,"Pokémon Card Gym New Release Battle winner prize (January 24, 2025)",evento o torneo,"Pokémon Card Gym New Release Battle winner prize (January 24, 2025)","Bulbapedia (CC BY-NC-SA), 9/10/2026"
SV-P,241/SV-P,241,Feraligatr,Pokémon Trading Card Game Illustration Contest 2024 Winning,altro,"Pokémon Trading Card Game Illustration Contest 2024 Winning || Work Promo Card Commemorative Campaign (March 14, 2025)","Bulbapedia (CC BY-NC-SA), 9/10/2026"
SV-P,242/SV-P,242,Pikachu,Pokémon Trading Card Game Illustration Contest 2024 Winning,altro,"Pokémon Trading Card Game Illustration Contest 2024 Winning || Work Promo Card Commemorative Campaign (March 14, 2025)","Bulbapedia (CC BY-NC-SA), 9/10/2026"
SV-P,243/SV-P,243,Toxtricity,Pokémon Trading Card Game Illustration Contest 2024 Winning,altro,"Pokémon Trading Card Game Illustration Contest 2024 Winning || Work Promo Card Commemorative Campaign (March 14, 2025)","Bulbapedia (CC BY-NC-SA), 9/10/2026"
SV-P,244/SV-P,244,Buddy-Buddy Poffin,"Endorsed Independent Event Trainers Pack (March 1, 2025)",evento o torneo,"Endorsed Independent Event Trainers Pack (March 1, 2025)","Bulbapedia (CC BY-NC-SA), 9/10/2026"
SV-P,245/SV-P,245,Ultra Ball,"Endorsed Independent Event Trainers Pack (March 1, 2025)",evento o torneo,"Endorsed Independent Event Trainers Pack (March 1, 2025)","Bulbapedia (CC BY-NC-SA), 9/10/2026"
SV-P,246/SV-P,246,Rare Candy,"Endorsed Independent Event Trainers Pack (March 1, 2025)",evento o torneo,"Endorsed Independent Event Trainers Pack (March 1, 2025)","Bulbapedia (CC BY-NC-SA), 9/10/2026"
SV-P,247/SV-P,247,Pokégear 3.0,"Endorsed Independent Event Trainers Pack (March 1, 2025)",evento o torneo,"Endorsed Independent Event Trainers Pack (March 1, 2025)","Bulbapedia (CC BY-NC-SA), 9/10/2026"
SV-P,248/SV-P,248,Switch,"Endorsed Independent Event Trainers Pack (March 1, 2025)",evento o torneo,"Endorsed Independent Event Trainers Pack (March 1, 2025)","Bulbapedia (CC BY-NC-SA), 9/10/2026"
SV-P,249/SV-P,249,Black Belt's Training,"Endorsed Independent Event Trainers Pack (March 1, 2025)",evento o torneo,"Endorsed Independent Event Trainers Pack (March 1, 2025)","Bulbapedia (CC BY-NC-SA), 9/10/2026"
SV-P,250/SV-P,250,Pokémon Center Lady,"Endorsed Independent Event Trainers Pack (March 1, 2025)",evento o torneo,"Endorsed Independent Event Trainers Pack (March 1, 2025)","Bulbapedia (CC BY-NC-SA), 9/10/2026"
SV-P,251/SV-P,251,Lively Stadium,"Endorsed Independent Event Trainers Pack (March 1, 2025)",evento o torneo,"Endorsed Independent Event Trainers Pack (March 1, 2025)","Bulbapedia (CC BY-NC-SA), 9/10/2026"
SV-P,252/SV-P,252,Nemona,"Hot Wind Arena Sealed Battle participation prize (March 14 - May 31, 2025)",evento o torneo,"Hot Wind Arena Sealed Battle participation prize (March 14 - May 31, 2025)","Bulbapedia (CC BY-NC-SA), 9/10/2026"
SV-P,253/SV-P,253,Nemona,"Hot Wind Arena Sealed Battle participation prize (March 14 - May 31, 2025)",evento o torneo,"Hot Wind Arena Sealed Battle participation prize (March 14 - May 31, 2025)","Bulbapedia (CC BY-NC-SA), 9/10/2026"
SV-P,254/SV-P,254,Ethan's Ho-Oh,"Hot Wind Arena Sealed Battle Promo Card Pack (March 14 - May 31, 2025)",evento o torneo,"Hot Wind Arena Sealed Battle Promo Card Pack (March 14 - May 31, 2025)","Bulbapedia (CC BY-NC-SA), 9/10/2026"
SV-P,255/SV-P,255,Cynthia's Garchomp,"Hot Wind Arena Sealed Battle Promo Card Pack (March 14 - May 31, 2025)",evento o torneo,"Hot Wind Arena Sealed Battle Promo Card Pack (March 14 - May 31, 2025)","Bulbapedia (CC BY-NC-SA), 9/10/2026"
SV-P,256/SV-P,256,Arven's Mabosstiff,"Hot Wind Arena Sealed Battle Promo Card Pack (March 14 - May 31, 2025)",evento o torneo,"Hot Wind Arena Sealed Battle Promo Card Pack (March 14 - May 31, 2025)","Bulbapedia (CC BY-NC-SA), 9/10/2026"
SV-P,257/SV-P,257,Iono's Tadbulb,"CoroCoro Ichiban! April 2025 issue insert (February 20, 2025)",altro,"CoroCoro Ichiban! April 2025 issue insert (February 20, 2025) || Pokémon Fan issue 92 insert (February 27, 2025)","Bulbapedia (CC BY-NC-SA), 9/10/2026"
SV-P,258/SV-P,258,Bloodmoon Ursaluna,"Pokémon Card Gym First Entry Campaign (March 1 - August 31, 2025)",evento o torneo,"Pokémon Card Gym First Entry Campaign (March 1 - August 31, 2025)","Bulbapedia (CC BY-NC-SA), 9/10/2026"
SV-P,259/SV-P,259,Team Rocket's Meowth,"CoroCoro Ichiban! July & August 2025 issue insert (May 20, 2025)",altro,"CoroCoro Ichiban! July & August 2025 issue insert (May 20, 2025) || Pokémon Fan issue 94 insert (July 18, 2025)","Bulbapedia (CC BY-NC-SA), 9/10/2026"
SV-P,260/SV-P,260,Tohoku's Pikachu,Pokémon Center Tohoku Special Box (mid-August 2025),Pokemon Center,Pokémon Center Tohoku Special Box (mid-August 2025),"Bulbapedia (CC BY-NC-SA), 9/10/2026"
SV-P,261/SV-P,261,Hiroshima's Pikachu,Pokémon Center Hiroshima Special Box (early September 2025),Pokemon Center,Pokémon Center Hiroshima Special Box (early September 2025),"Bulbapedia (CC BY-NC-SA), 9/10/2026"
SV-P,262/SV-P,262,Psyduck,"Pokémon Card Gym Promo Card Pack 10 (April 11, 2025)",evento o torneo,"Pokémon Card Gym Promo Card Pack 10 (April 11, 2025)","Bulbapedia (CC BY-NC-SA), 9/10/2026"
SV-P,263/SV-P,263,Golduck,"Pokémon Card Gym Promo Card Pack 10 (April 11, 2025)",evento o torneo,"Pokémon Card Gym Promo Card Pack 10 (April 11, 2025)","Bulbapedia (CC BY-NC-SA), 9/10/2026"
SV-P,264/SV-P,264,Flutter Mane,"Pokémon Card Gym Promo Card Pack 10 (April 11, 2025)",evento o torneo,"Pokémon Card Gym Promo Card Pack 10 (April 11, 2025)","Bulbapedia (CC BY-NC-SA), 9/10/2026"
SV-P,265/SV-P,265,Team Rocket's Kangaskhan,"Pokémon Card Gym Promo Card Pack 10 (April 11, 2025)",evento o torneo,"Pokémon Card Gym Promo Card Pack 10 (April 11, 2025)","Bulbapedia (CC BY-NC-SA), 9/10/2026"
SV-P,266/SV-P,266,Night Stretcher,"Pokémon Card Gym Promo Card Pack 10 (April 11, 2025)",evento o torneo,"Pokémon Card Gym Promo Card Pack 10 (April 11, 2025)","Bulbapedia (CC BY-NC-SA), 9/10/2026"
SV-P,267/SV-P,267,Team Rocket's Hypnotizer,"Pokémon Card Gym Promo Card Pack 10 (April 11, 2025)",evento o torneo,"Pokémon Card Gym Promo Card Pack 10 (April 11, 2025)","Bulbapedia (CC BY-NC-SA), 9/10/2026"
SV-P,268/SV-P,268,Kieran,"Pokémon Card Gym Promo Card Pack 10 (April 11, 2025)",evento o torneo,"Pokémon Card Gym Promo Card Pack 10 (April 11, 2025)","Bulbapedia (CC BY-NC-SA), 9/10/2026"
SV-P,269/SV-P,269,Iris's Fighting Spirit,"Pokémon Card Gym New Release Battle winner prize (April 11, 2025)",evento o torneo,"Pokémon Card Gym New Release Battle winner prize (April 11, 2025)","Bulbapedia (CC BY-NC-SA), 9/10/2026"
SV-P,270/SV-P,270,Team Rocket's Giovanni,"Pokémon Card Game × BOSS Coffee merchandise (May 20, 2025)",altro,"Pokémon Card Game × BOSS Coffee merchandise (May 20, 2025)","Bulbapedia (CC BY-NC-SA), 9/10/2026"
SV-P,271/SV-P,271,Victini,"Black Bolt & White Flare Card File Set (June 6, 2025)",prodotto speciale,"Black Bolt & White Flare Card File Set (June 6, 2025)","Bulbapedia (CC BY-NC-SA), 9/10/2026"
SV-P,272/SV-P,272,Energy Search,"Victini BWR Competition Promo Card Pack (June 14 - August 31, 2025)",prodotto speciale,"Victini BWR Competition Promo Card Pack (June 14 - August 31, 2025)","Bulbapedia (CC BY-NC-SA), 9/10/2026"
SV-P,273/SV-P,273,Potion,"Victini BWR Competition Promo Card Pack (June 14 - August 31, 2025)",prodotto speciale,"Victini BWR Competition Promo Card Pack (June 14 - August 31, 2025)","Bulbapedia (CC BY-NC-SA), 9/10/2026"
SV-P,274/SV-P,274,Crushing Hammer,"Victini BWR Competition Promo Card Pack (June 14 - August 31, 2025)",prodotto speciale,"Victini BWR Competition Promo Card Pack (June 14 - August 31, 2025)","Bulbapedia (CC BY-NC-SA), 9/10/2026"
SV-P,275/SV-P,275,Ultra Ball,"Victini BWR Competition Promo Card Pack (June 14 - August 31, 2025)",prodotto speciale,"Victini BWR Competition Promo Card Pack (June 14 - August 31, 2025)","Bulbapedia (CC BY-NC-SA), 9/10/2026"
SV-P,276/SV-P,276,Switch,"Victini BWR Competition Promo Card Pack (June 14 - August 31, 2025)",prodotto speciale,"Victini BWR Competition Promo Card Pack (June 14 - August 31, 2025)","Bulbapedia (CC BY-NC-SA), 9/10/2026"
SV-P,277/SV-P,277,Pokémon Catcher,"Victini BWR Competition Promo Card Pack (June 14 - August 31, 2025)",prodotto speciale,"Victini BWR Competition Promo Card Pack (June 14 - August 31, 2025)","Bulbapedia (CC BY-NC-SA), 9/10/2026"
SV-P,278/SV-P,278,Boss's Orders [Ghetsis],"Victini BWR Competition Promo Card Pack (June 14 - August 31, 2025)",prodotto speciale,"Victini BWR Competition Promo Card Pack (June 14 - August 31, 2025)","Bulbapedia (CC BY-NC-SA), 9/10/2026"
SV-P,279/SV-P,279,Cheren,"Victini BWR Competition Promo Card Pack (June 14 - August 31, 2025)",prodotto speciale,"Victini BWR Competition Promo Card Pack (June 14 - August 31, 2025)","Bulbapedia (CC BY-NC-SA), 9/10/2026"
SV-P,280/SV-P,280,Basic Grass Energy,"Victini BWR Competition participation prize (June 14 - August 31, 2025)",evento o torneo,"Victini BWR Competition participation prize (June 14 - August 31, 2025)","Bulbapedia (CC BY-NC-SA), 9/10/2026"
SV-P,281/SV-P,281,Basic Fire Energy,"Victini BWR Competition participation prize (June 14 - August 31, 2025)",evento o torneo,"Victini BWR Competition participation prize (June 14 - August 31, 2025)","Bulbapedia (CC BY-NC-SA), 9/10/2026"
SV-P,282/SV-P,282,Basic Water Energy,"Victini BWR Competition participation prize (June 14 - August 31, 2025)",evento o torneo,"Victini BWR Competition participation prize (June 14 - August 31, 2025)","Bulbapedia (CC BY-NC-SA), 9/10/2026"
SV-P,283/SV-P,283,Basic Lightning Energy,"Victini BWR Competition participation prize (June 14 - August 31, 2025)",evento o torneo,"Victini BWR Competition participation prize (June 14 - August 31, 2025)","Bulbapedia (CC BY-NC-SA), 9/10/2026"
SV-P,284/SV-P,284,Basic Psychic Energy,"Victini BWR Competition participation prize (June 14 - August 31, 2025)",evento o torneo,"Victini BWR Competition participation prize (June 14 - August 31, 2025)","Bulbapedia (CC BY-NC-SA), 9/10/2026"
SV-P,285/SV-P,285,Basic Fighting Energy,"Victini BWR Competition participation prize (June 14 - August 31, 2025)",evento o torneo,"Victini BWR Competition participation prize (June 14 - August 31, 2025)","Bulbapedia (CC BY-NC-SA), 9/10/2026"
SV-P,286/SV-P,286,Basic Darkness Energy,"Victini BWR Competition participation prize (June 14 - August 31, 2025)",evento o torneo,"Victini BWR Competition participation prize (June 14 - August 31, 2025)","Bulbapedia (CC BY-NC-SA), 9/10/2026"
SV-P,287/SV-P,287,Basic Metal Energy,"Victini BWR Competition participation prize (June 14 - August 31, 2025)",evento o torneo,"Victini BWR Competition participation prize (June 14 - August 31, 2025)","Bulbapedia (CC BY-NC-SA), 9/10/2026"
SV-P,288/SV-P,288,Victini,"Victini BWR Competition winner's prize (June 14 - August 31, 2025)",evento o torneo,"Victini BWR Competition winner's prize (June 14 - August 31, 2025) || Victini BWR Competition rock paper scissors winner's prize (June 14 - August 31, 2025) || Black Bolt & White Flare Deck Building at Home Campaign (June 14 - August 31, 2025)","Bulbapedia (CC BY-NC-SA), 9/10/2026"
SV-P,289/SV-P,289,Fukuoka's Pikachu,Pokémon Center Fukuoka Special Box (late September 2025),Pokemon Center,Pokémon Center Fukuoka Special Box (late September 2025),"Bulbapedia (CC BY-NC-SA), 9/10/2026"
SV-P,290/SV-P,290,Roxanne,"Extra Battle Day participation prize (July 1, 2025)",evento o torneo,"Extra Battle Day participation prize (July 1, 2025)","Bulbapedia (CC BY-NC-SA), 9/10/2026"
SV-P,291/SV-P,291,Pikachu,"Pokémon Card Gym events participation prize (October 1, 2025 - January 31, 2026)",evento o torneo,"Pokémon Card Gym events participation prize (October 1, 2025 - January 31, 2026)","Bulbapedia (CC BY-NC-SA), 9/10/2026"
M-P,001/M-P,1,Chikorita,"Pokémon Card Gym Promo Card Pack 1, 1-card pack and 2-card pack (August 1, 2025)",evento o torneo,"Pokémon Card Gym Promo Card Pack 1, 1-card pack and 2-card pack (August 1, 2025)","Bulbapedia (CC BY-NC-SA), 9/10/2026"
M-P,002/M-P,2,Lapras,"Pokémon Card Gym Promo Card Pack 1, 1-card pack and 2-card pack (August 1, 2025)",evento o torneo,"Pokémon Card Gym Promo Card Pack 1, 1-card pack and 2-card pack (August 1, 2025)","Bulbapedia (CC BY-NC-SA), 9/10/2026"
M-P,003/M-P,3,Munkidori,"Pokémon Card Gym Promo Card Pack 1, 1-card pack and 2-card pack (August 1, 2025)",evento o torneo,"Pokémon Card Gym Promo Card Pack 1, 1-card pack and 2-card pack (August 1, 2025)","Bulbapedia (CC BY-NC-SA), 9/10/2026"
M-P,004/M-P,4,Makuhita,"Pokémon Card Gym Promo Card Pack 1, 1-card pack and 2-card pack (August 1, 2025)",evento o torneo,"Pokémon Card Gym Promo Card Pack 1, 1-card pack and 2-card pack (August 1, 2025)","Bulbapedia (CC BY-NC-SA), 9/10/2026"
M-P,005/M-P,5,Hole-Digging Shovel,"Pokémon Card Gym Promo Card Pack 1, 1-card pack and 2-card pack (August 1, 2025)",evento o torneo,"Pokémon Card Gym Promo Card Pack 1, 1-card pack and 2-card pack (August 1, 2025)","Bulbapedia (CC BY-NC-SA), 9/10/2026"
M-P,006/M-P,6,Counter Gain,"Pokémon Card Gym Promo Card Pack 1, 1-card pack and 2-card pack (August 1, 2025)",evento o torneo,"Pokémon Card Gym Promo Card Pack 1, 1-card pack and 2-card pack (August 1, 2025)","Bulbapedia (CC BY-NC-SA), 9/10/2026"
M-P,007/M-P,7,Lillie's Determination,"Pokémon Card Gym Promo Card Pack 1, 1-card pack and 2-card pack (August 1, 2025)",evento o torneo,"Pokémon Card Gym Promo Card Pack 1, 1-card pack and 2-card pack (August 1, 2025)","Bulbapedia (CC BY-NC-SA), 9/10/2026"
M-P,008/M-P,8,Mega Signal,"""MEGA Summer League"" Promo Card (August 1 - September 30, 2025)",evento o torneo,"""MEGA Summer League"" Promo Card (August 1 - September 30, 2025) || ""MEGA Winter League"" Promo Card (December 1, 2025 - February 1, 2026)","Bulbapedia (CC BY-NC-SA), 9/10/2026"
M-P,009/M-P,9,Basic Grass Energy,"""Friend Battle Together"" Holofoil Promo Card (August 1 - September 30, 2025)",evento o torneo,"""Friend Battle Together"" Holofoil Promo Card (August 1 - September 30, 2025)","Bulbapedia (CC BY-NC-SA), 9/10/2026"
M-P,010/M-P,10,Basic Fire Energy,"""Friend Battle Together"" Holofoil Promo Card (August 1 - September 30, 2025)",evento o torneo,"""Friend Battle Together"" Holofoil Promo Card (August 1 - September 30, 2025)","Bulbapedia (CC BY-NC-SA), 9/10/2026"
M-P,011/M-P,11,Basic Water Energy,"""Friend Battle Together"" Holofoil Promo Card (August 1 - September 30, 2025)",evento o torneo,"""Friend Battle Together"" Holofoil Promo Card (August 1 - September 30, 2025)","Bulbapedia (CC BY-NC-SA), 9/10/2026"
M-P,012/M-P,12,Basic Lightning Energy,"""Friend Battle Together"" Holofoil Promo Card (August 1 - September 30, 2025)",evento o torneo,"""Friend Battle Together"" Holofoil Promo Card (August 1 - September 30, 2025)","Bulbapedia (CC BY-NC-SA), 9/10/2026"
M-P,013/M-P,13,Basic Psychic Energy,"""Friend Battle Together"" Holofoil Promo Card (August 1 - September 30, 2025)",evento o torneo,"""Friend Battle Together"" Holofoil Promo Card (August 1 - September 30, 2025)","Bulbapedia (CC BY-NC-SA), 9/10/2026"
M-P,014/M-P,14,Basic Fighting Energy,"""Friend Battle Together"" Holofoil Promo Card (August 1 - September 30, 2025)",evento o torneo,"""Friend Battle Together"" Holofoil Promo Card (August 1 - September 30, 2025)","Bulbapedia (CC BY-NC-SA), 9/10/2026"
M-P,015/M-P,15,Basic Darkness Energy,"""Friend Battle Together"" Holofoil Promo Card (August 1 - September 30, 2025)",evento o torneo,"""Friend Battle Together"" Holofoil Promo Card (August 1 - September 30, 2025)","Bulbapedia (CC BY-NC-SA), 9/10/2026"
M-P,016/M-P,16,Basic Metal Energy,"""Friend Battle Together"" Holofoil Promo Card (August 1 - September 30, 2025)",evento o torneo,"""Friend Battle Together"" Holofoil Promo Card (August 1 - September 30, 2025)","Bulbapedia (CC BY-NC-SA), 9/10/2026"
M-P,017/M-P,17,Sprigatito,"McDonald's Japan Promo Card (August 9 - 11, 2025)",altro,"McDonald's Japan Promo Card (August 9 - 11, 2025)","Bulbapedia (CC BY-NC-SA), 9/10/2026"
M-P,018/M-P,18,Fuecoco,"McDonald's Japan Promo Card (August 9 - 11, 2025)",altro,"McDonald's Japan Promo Card (August 9 - 11, 2025)","Bulbapedia (CC BY-NC-SA), 9/10/2026"
M-P,019/M-P,19,Quaxly,"McDonald's Japan Promo Card (August 9 - 11, 2025)",altro,"McDonald's Japan Promo Card (August 9 - 11, 2025)","Bulbapedia (CC BY-NC-SA), 9/10/2026"
M-P,020/M-P,20,Pikachu,"McDonald's Japan Promo Card (August 9 - 11, 2025)",altro,"McDonald's Japan Promo Card (August 9 - 11, 2025)","Bulbapedia (CC BY-NC-SA), 9/10/2026"
M-P,021/M-P,21,Ralts,"McDonald's Japan Promo Card (August 9 - 11, 2025)",altro,"McDonald's Japan Promo Card (August 9 - 11, 2025)","Bulbapedia (CC BY-NC-SA), 9/10/2026"
M-P,022/M-P,22,Riolu,"McDonald's Japan Promo Card (August 9 - 11, 2025)",altro,"McDonald's Japan Promo Card (August 9 - 11, 2025)","Bulbapedia (CC BY-NC-SA), 9/10/2026"
M-P,023/M-P,23,Basic Grass Energy,"Scramble Battle (August, 2025)",evento o torneo,"Scramble Battle (August, 2025)","Bulbapedia (CC BY-NC-SA), 9/10/2026"
M-P,024/M-P,24,Basic Fire Energy,"Scramble Battle (August, 2025)",evento o torneo,"Scramble Battle (August, 2025)","Bulbapedia (CC BY-NC-SA), 9/10/2026"
M-P,025/M-P,25,Basic Water Energy,"Scramble Battle (August, 2025)",evento o torneo,"Scramble Battle (August, 2025)","Bulbapedia (CC BY-NC-SA), 9/10/2026"
M-P,026/M-P,26,Basic Lightning Energy,"Scramble Battle (August, 2025)",evento o torneo,"Scramble Battle (August, 2025)","Bulbapedia (CC BY-NC-SA), 9/10/2026"
M-P,027/M-P,27,Basic Psychic Energy,"Scramble Battle (August, 2025)",evento o torneo,"Scramble Battle (August, 2025)","Bulbapedia (CC BY-NC-SA), 9/10/2026"
M-P,028/M-P,28,Basic Fighting Energy,"Scramble Battle (August, 2025)",evento o torneo,"Scramble Battle (August, 2025)","Bulbapedia (CC BY-NC-SA), 9/10/2026"
M-P,029/M-P,29,Basic Darkness Energy,"Scramble Battle (August, 2025)",evento o torneo,"Scramble Battle (August, 2025)","Bulbapedia (CC BY-NC-SA), 9/10/2026"
M-P,030/M-P,30,Basic Metal Energy,"Scramble Battle (August, 2025)",evento o torneo,"Scramble Battle (August, 2025)","Bulbapedia (CC BY-NC-SA), 9/10/2026"
M-P,031/M-P,31,Night Stretcher,"Pokémon Card Gym Entry Campaign redeemable after getting 2 digital stamps (September 1, 2025 - February 28, 2026)",evento o torneo,"Pokémon Card Gym Entry Campaign redeemable after getting 2 digital stamps (September 1, 2025 - February 28, 2026)","Bulbapedia (CC BY-NC-SA), 9/10/2026"
M-P,032/M-P,32,Latias,"Pokémon Card Gym Entry Campaign redeemable after getting 4 digital stamps (September 1, 2025 - February 28, 2026)",evento o torneo,"Pokémon Card Gym Entry Campaign redeemable after getting 4 digital stamps (September 1, 2025 - February 28, 2026)","Bulbapedia (CC BY-NC-SA), 9/10/2026"
M-P,033/M-P,33,Celebratory Fanfare,Pokémon Champions League 2025 Season reward for 30 or more Championship Points,evento o torneo,Pokémon Champions League 2025 Season reward for 30 or more Championship Points,"Bulbapedia (CC BY-NC-SA), 9/10/2026"
M-P,034/M-P,34,Shaymin,Champions League 2026 Holofoil participation prize,evento o torneo,Champions League 2026 Holofoil participation prize,"Bulbapedia (CC BY-NC-SA), 9/10/2026"
M-P,035/M-P,35,Basic Grass Energy,"""Pokémon Card Game Championship Series 2026"" stamp from Pokémon Card Game 3-on-3 Battle participation prize (September 21, 2025; random selection of 8 Basic Energy)",evento o torneo,"""Pokémon Card Game Championship Series 2026"" stamp from Pokémon Card Game 3-on-3 Battle participation prize (September 21, 2025; random selection of 8 Basic Energy)","Bulbapedia (CC BY-NC-SA), 9/10/2026"
M-P,036/M-P,36,Basic Fire Energy,"""Pokémon Card Game Championship Series 2026"" stamp from Pokémon Card Game 3-on-3 Battle participation prize (September 21, 2025; random selection of 8 Basic Energy)",evento o torneo,"""Pokémon Card Game Championship Series 2026"" stamp from Pokémon Card Game 3-on-3 Battle participation prize (September 21, 2025; random selection of 8 Basic Energy)","Bulbapedia (CC BY-NC-SA), 9/10/2026"
M-P,037/M-P,37,Basic Water Energy,"""Pokémon Card Game Championship Series 2026"" stamp from Pokémon Card Game 3-on-3 Battle participation prize (September 21, 2025; random selection of 8 Basic Energy)",evento o torneo,"""Pokémon Card Game Championship Series 2026"" stamp from Pokémon Card Game 3-on-3 Battle participation prize (September 21, 2025; random selection of 8 Basic Energy)","Bulbapedia (CC BY-NC-SA), 9/10/2026"
M-P,038/M-P,38,Basic Lightning Energy,"""Pokémon Card Game Championship Series 2026"" stamp from Pokémon Card Game 3-on-3 Battle participation prize (September 21, 2025; random selection of 8 Basic Energy)",evento o torneo,"""Pokémon Card Game Championship Series 2026"" stamp from Pokémon Card Game 3-on-3 Battle participation prize (September 21, 2025; random selection of 8 Basic Energy)","Bulbapedia (CC BY-NC-SA), 9/10/2026"
M-P,039/M-P,39,Basic Psychic Energy,"""Pokémon Card Game Championship Series 2026"" stamp from Pokémon Card Game 3-on-3 Battle participation prize (September 21, 2025; random selection of 8 Basic Energy)",evento o torneo,"""Pokémon Card Game Championship Series 2026"" stamp from Pokémon Card Game 3-on-3 Battle participation prize (September 21, 2025; random selection of 8 Basic Energy)","Bulbapedia (CC BY-NC-SA), 9/10/2026"
M-P,040/M-P,40,Basic Fighting Energy,"""Pokémon Card Game Championship Series 2026"" stamp from Pokémon Card Game 3-on-3 Battle participation prize (September 21, 2025; random selection of 8 Basic Energy)",evento o torneo,"""Pokémon Card Game Championship Series 2026"" stamp from Pokémon Card Game 3-on-3 Battle participation prize (September 21, 2025; random selection of 8 Basic Energy)","Bulbapedia (CC BY-NC-SA), 9/10/2026"
M-P,041/M-P,41,Basic Darkness Energy,"""Pokémon Card Game Championship Series 2026"" stamp from Pokémon Card Game 3-on-3 Battle participation prize (September 21, 2025; random selection of 8 Basic Energy)",evento o torneo,"""Pokémon Card Game Championship Series 2026"" stamp from Pokémon Card Game 3-on-3 Battle participation prize (September 21, 2025; random selection of 8 Basic Energy)","Bulbapedia (CC BY-NC-SA), 9/10/2026"
M-P,042/M-P,42,Basic Metal Energy,"""Pokémon Card Game Championship Series 2026"" stamp from Pokémon Card Game 3-on-3 Battle participation prize (September 21, 2025; random selection of 8 Basic Energy)",evento o torneo,"""Pokémon Card Game Championship Series 2026"" stamp from Pokémon Card Game 3-on-3 Battle participation prize (September 21, 2025; random selection of 8 Basic Energy)","Bulbapedia (CC BY-NC-SA), 9/10/2026"
M-P,043/M-P,43,Team Rocket's Mewtwo,Champions League 2026 Winning Prize: 4 or more total wins,evento o torneo,Champions League 2026 Winning Prize: 4 or more total wins,"Bulbapedia (CC BY-NC-SA), 9/10/2026"
M-P,044/M-P,44,Brave Bangle,Champions League 2026 Winning Prize: Master League: 10 or more total wins Junior and Senior League: Top 64,evento o torneo,Champions League 2026 Winning Prize: Master League: 10 or more total wins Junior and Senior League: Top 64,"Bulbapedia (CC BY-NC-SA), 9/10/2026"
M-P,045/M-P,45,Charmeleon,"Pokémon Card Gym Promo Card Pack 2, 1-card pack and 2-card pack (November 1, 2025)",evento o torneo,"Pokémon Card Gym Promo Card Pack 2, 1-card pack and 2-card pack (November 1, 2025)","Bulbapedia (CC BY-NC-SA), 9/10/2026"
M-P,046/M-P,46,Krookodile,"Pokémon Card Gym Promo Card Pack 2, 1-card pack and 2-card pack (November 1, 2025)",evento o torneo,"Pokémon Card Gym Promo Card Pack 2, 1-card pack and 2-card pack (November 1, 2025)","Bulbapedia (CC BY-NC-SA), 9/10/2026"
M-P,047/M-P,47,Toxel,"Pokémon Card Gym Promo Card Pack 2, 1-card pack and 2-card pack (November 1, 2025)",evento o torneo,"Pokémon Card Gym Promo Card Pack 2, 1-card pack and 2-card pack (November 1, 2025)","Bulbapedia (CC BY-NC-SA), 9/10/2026"
M-P,048/M-P,48,Dudunsparce,"Pokémon Card Gym Promo Card Pack 2, 1-card pack and 2-card pack (November 1, 2025)",evento o torneo,"Pokémon Card Gym Promo Card Pack 2, 1-card pack and 2-card pack (November 1, 2025)","Bulbapedia (CC BY-NC-SA), 9/10/2026"
M-P,049/M-P,49,Adversity Policy,"Pokémon Card Gym Promo Card Pack 2, 1-card pack and 2-card pack (November 1, 2025)",evento o torneo,"Pokémon Card Gym Promo Card Pack 2, 1-card pack and 2-card pack (November 1, 2025)","Bulbapedia (CC BY-NC-SA), 9/10/2026"
M-P,050/M-P,50,Air Balloon,"Pokémon Card Gym Promo Card Pack 2, 1-card pack and 2-card pack (November 1, 2025)",evento o torneo,"Pokémon Card Gym Promo Card Pack 2, 1-card pack and 2-card pack (November 1, 2025)","Bulbapedia (CC BY-NC-SA), 9/10/2026"
M-P,051/M-P,51,Hilda,"Pokémon Card Gym Promo Card Pack 2, 1-card pack and 2-card pack (November 1, 2025)",evento o torneo,"Pokémon Card Gym Promo Card Pack 2, 1-card pack and 2-card pack (November 1, 2025)","Bulbapedia (CC BY-NC-SA), 9/10/2026"
M-P,052/M-P,52,Poké Pad,"""100 People Battle - Start Deck 100 Battle Collection"" event prize (December 19, 2025 - February 28, 2026)",prodotto speciale,"""100 People Battle - Start Deck 100 Battle Collection"" event prize (December 19, 2025 - February 28, 2026)","Bulbapedia (CC BY-NC-SA), 9/10/2026"
M-P,053/M-P,53,Arven,"""Extra Battle Day"" 2026 participation prize (January 1, 2026)",evento o torneo,"""Extra Battle Day"" 2026 participation prize (January 1, 2026)","Bulbapedia (CC BY-NC-SA), 9/10/2026"
M-P,054/M-P,54,Dedenne,"""Extra Battle Day"" 2026 Promo Card Pack (January 1, 2026)",evento o torneo,"""Extra Battle Day"" 2026 Promo Card Pack (January 1, 2026)","Bulbapedia (CC BY-NC-SA), 9/10/2026"
M-P,055/M-P,55,Spiritomb,"""Extra Battle Day"" 2026 Promo Card Pack (January 1, 2026)",evento o torneo,"""Extra Battle Day"" 2026 Promo Card Pack (January 1, 2026)","Bulbapedia (CC BY-NC-SA), 9/10/2026"
M-P,056/M-P,56,Bunnelby,"""Extra Battle Day"" 2026 Promo Card Pack (January 1, 2026)",evento o torneo,"""Extra Battle Day"" 2026 Promo Card Pack (January 1, 2026)","Bulbapedia (CC BY-NC-SA), 9/10/2026"
M-P,057/M-P,57,Special Charge,"""Extra Battle Day"" 2026 Promo Card Pack (January 1, 2026)",evento o torneo,"""Extra Battle Day"" 2026 Promo Card Pack (January 1, 2026)","Bulbapedia (CC BY-NC-SA), 9/10/2026"
M-P,058/M-P,58,Trainers' Mail,"""Extra Battle Day"" 2026 Promo Card Pack (January 1, 2026)",evento o torneo,"""Extra Battle Day"" 2026 Promo Card Pack (January 1, 2026)","Bulbapedia (CC BY-NC-SA), 9/10/2026"
M-P,059/M-P,59,Battle Compressor,"""Extra Battle Day"" 2026 Promo Card Pack (January 1, 2026)",evento o torneo,"""Extra Battle Day"" 2026 Promo Card Pack (January 1, 2026)","Bulbapedia (CC BY-NC-SA), 9/10/2026"
M-P,060/M-P,60,VS Seeker,"""Extra Battle Day"" 2026 Promo Card Pack (January 1, 2026)",evento o torneo,"""Extra Battle Day"" 2026 Promo Card Pack (January 1, 2026)","Bulbapedia (CC BY-NC-SA), 9/10/2026"
M-P,061/M-P,61,Field Blower,"""Extra Battle Day"" 2026 Promo Card Pack (January 1, 2026)",evento o torneo,"""Extra Battle Day"" 2026 Promo Card Pack (January 1, 2026)","Bulbapedia (CC BY-NC-SA), 9/10/2026"
M-P,062/M-P,62,Float Stone,"""Extra Battle Day"" 2026 Promo Card Pack (January 1, 2026)",evento o torneo,"""Extra Battle Day"" 2026 Promo Card Pack (January 1, 2026)","Bulbapedia (CC BY-NC-SA), 9/10/2026"
M-P,063/M-P,63,Plumeria,"""Extra Battle Day"" 2026 Promo Card Pack (January 1, 2026)",evento o torneo,"""Extra Battle Day"" 2026 Promo Card Pack (January 1, 2026)","Bulbapedia (CC BY-NC-SA), 9/10/2026"
M-P,064/M-P,64,Parallel City,"""Extra Battle Day"" 2026 Promo Card Pack (January 1, 2026)",evento o torneo,"""Extra Battle Day"" 2026 Promo Card Pack (January 1, 2026)","Bulbapedia (CC BY-NC-SA), 9/10/2026"
M-P,065/M-P,65,Double Dragon Energy,"""Extra Battle Day"" 2026 Promo Card Pack (January 1, 2026)",evento o torneo,"""Extra Battle Day"" 2026 Promo Card Pack (January 1, 2026)","Bulbapedia (CC BY-NC-SA), 9/10/2026"
M-P,066/M-P,66,Ralts,Special Card Set Mega Gallade ex,prodotto speciale,Special Card Set Mega Gallade ex,"Bulbapedia (CC BY-NC-SA), 9/10/2026"
M-P,067/M-P,67,Kirlia,Special Card Set Mega Gallade ex,prodotto speciale,Special Card Set Mega Gallade ex,"Bulbapedia (CC BY-NC-SA), 9/10/2026"
M-P,068/M-P,68,Mega Gallade,Special Card Set Mega Gallade ex,prodotto speciale,Special Card Set Mega Gallade ex,"Bulbapedia (CC BY-NC-SA), 9/10/2026"
M-P,069/M-P,69,Premium Power Pro,Special Card Set Mega Gallade ex,prodotto speciale,Special Card Set Mega Gallade ex,"Bulbapedia (CC BY-NC-SA), 9/10/2026"
M-P,070/M-P,70,Slowpoke,"Pokémon Card Gym Promo Card Pack 3, 1-card pack and 2-card pack (February 1, 2026)",evento o torneo,"Pokémon Card Gym Promo Card Pack 3, 1-card pack and 2-card pack (February 1, 2026)","Bulbapedia (CC BY-NC-SA), 9/10/2026"
M-P,071/M-P,71,Mega Slowbro,"Pokémon Card Gym Promo Card Pack 3, 1-card pack and 2-card pack (February 1, 2026)",evento o torneo,"Pokémon Card Gym Promo Card Pack 3, 1-card pack and 2-card pack (February 1, 2026)","Bulbapedia (CC BY-NC-SA), 9/10/2026"
M-P,072/M-P,72,Relicanth,"Pokémon Card Gym Promo Card Pack 3, 1-card pack and 2-card pack (February 1, 2026)",evento o torneo,"Pokémon Card Gym Promo Card Pack 3, 1-card pack and 2-card pack (February 1, 2026)","Bulbapedia (CC BY-NC-SA), 9/10/2026"
M-P,073/M-P,73,Binacle,"Pokémon Card Gym Promo Card Pack 3, 1-card pack and 2-card pack (February 1, 2026)",evento o torneo,"Pokémon Card Gym Promo Card Pack 3, 1-card pack and 2-card pack (February 1, 2026)","Bulbapedia (CC BY-NC-SA), 9/10/2026"
M-P,074/M-P,74,Brave Bangle,"Pokémon Card Gym Promo Card Pack 3, 1-card pack and 2-card pack (February 1, 2026)",evento o torneo,"Pokémon Card Gym Promo Card Pack 3, 1-card pack and 2-card pack (February 1, 2026)","Bulbapedia (CC BY-NC-SA), 9/10/2026"
M-P,075/M-P,75,Jett,"Pokémon Card Gym Promo Card Pack 3, 1-card pack and 2-card pack (February 1, 2026)",evento o torneo,"Pokémon Card Gym Promo Card Pack 3, 1-card pack and 2-card pack (February 1, 2026)","Bulbapedia (CC BY-NC-SA), 9/10/2026"
M-P,076/M-P,76,Wally's Compassion,"Pokémon Card Gym Promo Card Pack 3, 1-card pack and 2-card pack (February 1, 2026)",evento o torneo,"Pokémon Card Gym Promo Card Pack 3, 1-card pack and 2-card pack (February 1, 2026)","Bulbapedia (CC BY-NC-SA), 9/10/2026"
M-P,077/M-P,77,Jumbo Ice Cream,Endorsed Independent Event Trainers Pack (2026),evento o torneo,Endorsed Independent Event Trainers Pack (2026),"Bulbapedia (CC BY-NC-SA), 9/10/2026"
M-P,078/M-P,78,Ultra Ball,Endorsed Independent Event Trainers Pack (2026),evento o torneo,Endorsed Independent Event Trainers Pack (2026),"Bulbapedia (CC BY-NC-SA), 9/10/2026"
M-P,079/M-P,79,Rare Candy,Endorsed Independent Event Trainers Pack (2026),evento o torneo,Endorsed Independent Event Trainers Pack (2026),"Bulbapedia (CC BY-NC-SA), 9/10/2026"
M-P,080/M-P,80,Pokégear 3.0,Endorsed Independent Event Trainers Pack (2026),evento o torneo,Endorsed Independent Event Trainers Pack (2026),"Bulbapedia (CC BY-NC-SA), 9/10/2026"
M-P,081/M-P,81,Air Balloon,Endorsed Independent Event Trainers Pack (2026),evento o torneo,Endorsed Independent Event Trainers Pack (2026),"Bulbapedia (CC BY-NC-SA), 9/10/2026"
M-P,082/M-P,82,Waitress,Endorsed Independent Event Trainers Pack (2026),evento o torneo,Endorsed Independent Event Trainers Pack (2026),"Bulbapedia (CC BY-NC-SA), 9/10/2026"
M-P,083/M-P,83,Brock's Scouting,Endorsed Independent Event Trainers Pack (2026),evento o torneo,Endorsed Independent Event Trainers Pack (2026),"Bulbapedia (CC BY-NC-SA), 9/10/2026"
M-P,084/M-P,84,Boss's Orders [Corbeau],Endorsed Independent Event Trainers Pack (2026),evento o torneo,Endorsed Independent Event Trainers Pack (2026),"Bulbapedia (CC BY-NC-SA), 9/10/2026"
M-P,085/M-P,85,Poké Pad,"Pokémon Card Gym Entry Campaign redeemable after getting 2 digital stamps (March 1, 2026 - August 31, 2026) Pokémon Card Gym Promo Card Pack 4, 1-card pack and 2-card pack (May 1, 2026)",evento o torneo,"Pokémon Card Gym Entry Campaign redeemable after getting 2 digital stamps (March 1, 2026 - August 31, 2026) Pokémon Card Gym Promo Card Pack 4, 1-card pack and 2-card pack (May 1, 2026)","Bulbapedia (CC BY-NC-SA), 9/10/2026"
M-P,086/M-P,86,Mega Kangaskhan,"Pokémon Card Gym Entry Campaign redeemable after getting 4 digital stamps (March 1, 2026 - August 31, 2026)",evento o torneo,"Pokémon Card Gym Entry Campaign redeemable after getting 4 digital stamps (March 1, 2026 - August 31, 2026)","Bulbapedia (CC BY-NC-SA), 9/10/2026"
M-P,087/M-P,87,Basic Grass Energy,"""Friend Battle Together"" Holofoil Promo Card (March 1 - May 31, 2026)",evento o torneo,"""Friend Battle Together"" Holofoil Promo Card (March 1 - May 31, 2026)","Bulbapedia (CC BY-NC-SA), 9/10/2026"
M-P,088/M-P,88,Basic Fire Energy,"""Friend Battle Together"" Holofoil Promo Card (March 1 - May 31, 2026)",evento o torneo,"""Friend Battle Together"" Holofoil Promo Card (March 1 - May 31, 2026)","Bulbapedia (CC BY-NC-SA), 9/10/2026"
M-P,089/M-P,89,Basic Water Energy,"""Friend Battle Together"" Holofoil Promo Card (March 1 - May 31, 2026)",evento o torneo,"""Friend Battle Together"" Holofoil Promo Card (March 1 - May 31, 2026)","Bulbapedia (CC BY-NC-SA), 9/10/2026"
M-P,090/M-P,90,Basic Lightning Energy,"""Friend Battle Together"" Holofoil Promo Card (March 1 - May 31, 2026)",evento o torneo,"""Friend Battle Together"" Holofoil Promo Card (March 1 - May 31, 2026)","Bulbapedia (CC BY-NC-SA), 9/10/2026"
M-P,091/M-P,91,Basic Psychic Energy,"""Friend Battle Together"" Holofoil Promo Card (March 1 - May 31, 2026)",evento o torneo,"""Friend Battle Together"" Holofoil Promo Card (March 1 - May 31, 2026)","Bulbapedia (CC BY-NC-SA), 9/10/2026"
M-P,092/M-P,92,Basic Fighting Energy,"""Friend Battle Together"" Holofoil Promo Card (March 1 - May 31, 2026)",evento o torneo,"""Friend Battle Together"" Holofoil Promo Card (March 1 - May 31, 2026)","Bulbapedia (CC BY-NC-SA), 9/10/2026"
M-P,093/M-P,93,Basic Darkness Energy,"""Friend Battle Together"" Holofoil Promo Card (March 1 - May 31, 2026)",evento o torneo,"""Friend Battle Together"" Holofoil Promo Card (March 1 - May 31, 2026)","Bulbapedia (CC BY-NC-SA), 9/10/2026"
M-P,094/M-P,94,Basic Metal Energy,"""Friend Battle Together"" Holofoil Promo Card (March 1 - May 31, 2026)",evento o torneo,"""Friend Battle Together"" Holofoil Promo Card (March 1 - May 31, 2026)","Bulbapedia (CC BY-NC-SA), 9/10/2026"
M-P,095/M-P,95,Shaymin,"Pokémon Card Gym Promo Card Pack 4, 1-card pack and 2-card pack (May 1, 2026)",evento o torneo,"Pokémon Card Gym Promo Card Pack 4, 1-card pack and 2-card pack (May 1, 2026)","Bulbapedia (CC BY-NC-SA), 9/10/2026"
M-P,096/M-P,96,Mega Delphox,"Pokémon Card Gym Promo Card Pack 4, 1-card pack and 2-card pack (May 1, 2026)",evento o torneo,"Pokémon Card Gym Promo Card Pack 4, 1-card pack and 2-card pack (May 1, 2026)","Bulbapedia (CC BY-NC-SA), 9/10/2026"
M-P,097/M-P,97,Seel,"Pokémon Card Gym Promo Card Pack 4, 1-card pack and 2-card pack (May 1, 2026)",evento o torneo,"Pokémon Card Gym Promo Card Pack 4, 1-card pack and 2-card pack (May 1, 2026)","Bulbapedia (CC BY-NC-SA), 9/10/2026"
M-P,098/M-P,98,Spritzee,"Pokémon Card Gym Promo Card Pack 4, 1-card pack and 2-card pack (May 1, 2026)",evento o torneo,"Pokémon Card Gym Promo Card Pack 4, 1-card pack and 2-card pack (May 1, 2026)","Bulbapedia (CC BY-NC-SA), 9/10/2026"
M-P,099/M-P,99,Grisham,"Pokémon Card Gym Promo Card Pack 4, 1-card pack and 2-card pack (May 1, 2026)",evento o torneo,"Pokémon Card Gym Promo Card Pack 4, 1-card pack and 2-card pack (May 1, 2026)","Bulbapedia (CC BY-NC-SA), 9/10/2026"
M-P,100/M-P,100,Dawn,"Pokémon Card Gym Promo Card Pack 4, 1-card pack and 2-card pack (May 1, 2026)",evento o torneo,"Pokémon Card Gym Promo Card Pack 4, 1-card pack and 2-card pack (May 1, 2026)","Bulbapedia (CC BY-NC-SA), 9/10/2026"
M-P,101/M-P,101,Bulbasaur,"30th CELEBRATION Card Set Bulbasaur & Charmander & Squirtle (October 16, 2026)",prodotto speciale,"30th CELEBRATION Card Set Bulbasaur & Charmander & Squirtle (October 16, 2026)","Bulbapedia (CC BY-NC-SA), 9/10/2026"
M-P,102/M-P,102,Charmander,"30th CELEBRATION Card Set Bulbasaur & Charmander & Squirtle (October 16, 2026)",prodotto speciale,"30th CELEBRATION Card Set Bulbasaur & Charmander & Squirtle (October 16, 2026)","Bulbapedia (CC BY-NC-SA), 9/10/2026"
M-P,103/M-P,103,Squirtle,"30th CELEBRATION Card Set Bulbasaur & Charmander & Squirtle (October 16, 2026)",prodotto speciale,"30th CELEBRATION Card Set Bulbasaur & Charmander & Squirtle (October 16, 2026)","Bulbapedia (CC BY-NC-SA), 9/10/2026"
M-P,104/M-P,104,Chikorita,"30th CELEBRATION Card Set Chikorita & Cyndaquil & Totodile (October 16, 2026)",prodotto speciale,"30th CELEBRATION Card Set Chikorita & Cyndaquil & Totodile (October 16, 2026)","Bulbapedia (CC BY-NC-SA), 9/10/2026"
M-P,105/M-P,105,Cyndaquil,"30th CELEBRATION Card Set Chikorita & Cyndaquil & Totodile (October 16, 2026)",prodotto speciale,"30th CELEBRATION Card Set Chikorita & Cyndaquil & Totodile (October 16, 2026)","Bulbapedia (CC BY-NC-SA), 9/10/2026"
M-P,106/M-P,106,Totodile,"30th CELEBRATION Card Set Chikorita & Cyndaquil & Totodile (October 16, 2026)",prodotto speciale,"30th CELEBRATION Card Set Chikorita & Cyndaquil & Totodile (October 16, 2026)","Bulbapedia (CC BY-NC-SA), 9/10/2026"
M-P,107/M-P,107,Treecko,"30th CELEBRATION Card Set Treecko & Torchic & Mudkip (October 16, 2026)",prodotto speciale,"30th CELEBRATION Card Set Treecko & Torchic & Mudkip (October 16, 2026)","Bulbapedia (CC BY-NC-SA), 9/10/2026"
M-P,108/M-P,108,Torchic,"30th CELEBRATION Card Set Treecko & Torchic & Mudkip (October 16, 2026)",prodotto speciale,"30th CELEBRATION Card Set Treecko & Torchic & Mudkip (October 16, 2026)","Bulbapedia (CC BY-NC-SA), 9/10/2026"
M-P,109/M-P,109,Mudkip,"30th CELEBRATION Card Set Treecko & Torchic & Mudkip (October 16, 2026)",prodotto speciale,"30th CELEBRATION Card Set Treecko & Torchic & Mudkip (October 16, 2026)","Bulbapedia (CC BY-NC-SA), 9/10/2026"
M-P,110/M-P,110,Turtwig,"30th CELEBRATION Card Set Turtwig & Chimchar & Piplup (October 16, 2026)",prodotto speciale,"30th CELEBRATION Card Set Turtwig & Chimchar & Piplup (October 16, 2026)","Bulbapedia (CC BY-NC-SA), 9/10/2026"
M-P,111/M-P,111,Chimchar,"30th CELEBRATION Card Set Turtwig & Chimchar & Piplup (October 16, 2026)",prodotto speciale,"30th CELEBRATION Card Set Turtwig & Chimchar & Piplup (October 16, 2026)","Bulbapedia (CC BY-NC-SA), 9/10/2026"
M-P,112/M-P,112,Piplup,"30th CELEBRATION Card Set Turtwig & Chimchar & Piplup (October 16, 2026)",prodotto speciale,"30th CELEBRATION Card Set Turtwig & Chimchar & Piplup (October 16, 2026)","Bulbapedia (CC BY-NC-SA), 9/10/2026"
M-P,113/M-P,113,Snivy,"30th CELEBRATION Card Set Snivy & Tepig & Oshawott (October 16, 2026)",prodotto speciale,"30th CELEBRATION Card Set Snivy & Tepig & Oshawott (October 16, 2026)","Bulbapedia (CC BY-NC-SA), 9/10/2026"
M-P,114/M-P,114,Tepig,"30th CELEBRATION Card Set Snivy & Tepig & Oshawott (October 16, 2026)",prodotto speciale,"30th CELEBRATION Card Set Snivy & Tepig & Oshawott (October 16, 2026)","Bulbapedia (CC BY-NC-SA), 9/10/2026"
M-P,115/M-P,115,Oshawott,"30th CELEBRATION Card Set Snivy & Tepig & Oshawott (October 16, 2026)",prodotto speciale,"30th CELEBRATION Card Set Snivy & Tepig & Oshawott (October 16, 2026)","Bulbapedia (CC BY-NC-SA), 9/10/2026"
M-P,116/M-P,116,Chespin,"30th CELEBRATION Card Set Chespin & Fennekin & Froakie (October 16, 2026)",prodotto speciale,"30th CELEBRATION Card Set Chespin & Fennekin & Froakie (October 16, 2026)","Bulbapedia (CC BY-NC-SA), 9/10/2026"
M-P,117/M-P,117,Fennekin,"30th CELEBRATION Card Set Chespin & Fennekin & Froakie (October 16, 2026)",prodotto speciale,"30th CELEBRATION Card Set Chespin & Fennekin & Froakie (October 16, 2026)","Bulbapedia (CC BY-NC-SA), 9/10/2026"
M-P,118/M-P,118,Froakie,"30th CELEBRATION Card Set Chespin & Fennekin & Froakie (October 16, 2026)",prodotto speciale,"30th CELEBRATION Card Set Chespin & Fennekin & Froakie (October 16, 2026)","Bulbapedia (CC BY-NC-SA), 9/10/2026"
M-P,119/M-P,119,Rowlet,"30th CELEBRATION Card Set Rowlet & Litten & Popplio (October 16, 2026)",prodotto speciale,"30th CELEBRATION Card Set Rowlet & Litten & Popplio (October 16, 2026)","Bulbapedia (CC BY-NC-SA), 9/10/2026"
M-P,120/M-P,120,Litten,"30th CELEBRATION Card Set Rowlet & Litten & Popplio (October 16, 2026)",prodotto speciale,"30th CELEBRATION Card Set Rowlet & Litten & Popplio (October 16, 2026)","Bulbapedia (CC BY-NC-SA), 9/10/2026"
M-P,121/M-P,121,Popplio,"30th CELEBRATION Card Set Rowlet & Litten & Popplio (October 16, 2026)",prodotto speciale,"30th CELEBRATION Card Set Rowlet & Litten & Popplio (October 16, 2026)","Bulbapedia (CC BY-NC-SA), 9/10/2026"
M-P,122/M-P,122,Grookey,"30th CELEBRATION Card Set Grookey & Scorbunny & Sobble (October 16, 2026)",prodotto speciale,"30th CELEBRATION Card Set Grookey & Scorbunny & Sobble (October 16, 2026)","Bulbapedia (CC BY-NC-SA), 9/10/2026"
M-P,123/M-P,123,Scorbunny,"30th CELEBRATION Card Set Grookey & Scorbunny & Sobble (October 16, 2026)",prodotto speciale,"30th CELEBRATION Card Set Grookey & Scorbunny & Sobble (October 16, 2026)","Bulbapedia (CC BY-NC-SA), 9/10/2026"
M-P,124/M-P,124,Sobble,"30th CELEBRATION Card Set Grookey & Scorbunny & Sobble (October 16, 2026)",prodotto speciale,"30th CELEBRATION Card Set Grookey & Scorbunny & Sobble (October 16, 2026)","Bulbapedia (CC BY-NC-SA), 9/10/2026"
M-P,125/M-P,125,Sprigatito,"30th CELEBRATION Card Set Sprigatito & Fuecoco & Quaxly (October 16, 2026)",prodotto speciale,"30th CELEBRATION Card Set Sprigatito & Fuecoco & Quaxly (October 16, 2026)","Bulbapedia (CC BY-NC-SA), 9/10/2026"
M-P,126/M-P,126,Fuecoco,"30th CELEBRATION Card Set Sprigatito & Fuecoco & Quaxly (October 16, 2026)",prodotto speciale,"30th CELEBRATION Card Set Sprigatito & Fuecoco & Quaxly (October 16, 2026)","Bulbapedia (CC BY-NC-SA), 9/10/2026"
M-P,127/M-P,127,Quaxly,"30th CELEBRATION Card Set Sprigatito & Fuecoco & Quaxly (October 16, 2026)",prodotto speciale,"30th CELEBRATION Card Set Sprigatito & Fuecoco & Quaxly (October 16, 2026)","Bulbapedia (CC BY-NC-SA), 9/10/2026"
M-P,128/M-P,128,,,altro,,"Bulbapedia (CC BY-NC-SA), 9/10/2026"
M-P,129/M-P,129,,,altro,,"Bulbapedia (CC BY-NC-SA), 9/10/2026"
M-P,130/M-P,130,,,altro,,"Bulbapedia (CC BY-NC-SA), 9/10/2026"
M-P,131/M-P,131,Pikachu,"30th CELEBRATION FUTURISTIC BOX (September 16, 2026)",prodotto speciale,"30th CELEBRATION FUTURISTIC BOX (September 16, 2026)","Bulbapedia (CC BY-NC-SA), 9/10/2026"
M-P,132/M-P,132,Pikachu,"30th CELEBRATION FUTURISTIC BOX (September 16, 2026)",prodotto speciale,"30th CELEBRATION FUTURISTIC BOX (September 16, 2026)","Bulbapedia (CC BY-NC-SA), 9/10/2026"
M-P,133/M-P,133,Pikachu,"Pokémon Card Gym events participation prize (June 20, 2026 - )",evento o torneo,"Pokémon Card Gym events participation prize (June 20, 2026 - )","Bulbapedia (CC BY-NC-SA), 9/10/2026"
M-P,134/M-P,134,Eevee,"""Deck As Is Battle"" event participation prize (September 2, 2026 - )",prodotto speciale,"""Deck As Is Battle"" event participation prize (September 2, 2026 - )","Bulbapedia (CC BY-NC-SA), 9/10/2026"
M-P,135/M-P,135,Poké Pad,"Mega Gallade ex SAR Get Battle event participation prize (July 31 - October 31, 2026)",evento o torneo,"Mega Gallade ex SAR Get Battle event participation prize (July 31 - October 31, 2026)","Bulbapedia (CC BY-NC-SA), 9/10/2026"
M-P,136/M-P,136,Urbain,"Mega Gallade ex SAR Get Battle event participation prize (July 31 - October 31, 2026)",evento o torneo,"Mega Gallade ex SAR Get Battle event participation prize (July 31 - October 31, 2026)","Bulbapedia (CC BY-NC-SA), 9/10/2026"
M-P,137/M-P,137,Mega Gallade,"Mega Gallade ex SAR Get Battle event 3-win prize (July 31 - October 31, 2026)",evento o torneo,"Mega Gallade ex SAR Get Battle event 3-win prize (July 31 - October 31, 2026)","Bulbapedia (CC BY-NC-SA), 9/10/2026"
M-P,138/M-P,138,Wimpod,"Pokémon Card Gym Promo Card Pack 5 (August 1, 2026)",evento o torneo,"Pokémon Card Gym Promo Card Pack 5 (August 1, 2026)","Bulbapedia (CC BY-NC-SA), 9/10/2026"
M-P,139/M-P,139,Mega Tatsugiri,"Pokémon Card Gym Promo Card Pack 5 (August 1, 2026)",evento o torneo,"Pokémon Card Gym Promo Card Pack 5 (August 1, 2026)","Bulbapedia (CC BY-NC-SA), 9/10/2026"
M-P,140/M-P,140,Tynamo,"Pokémon Card Gym Promo Card Pack 5 (August 1, 2026)",evento o torneo,"Pokémon Card Gym Promo Card Pack 5 (August 1, 2026)","Bulbapedia (CC BY-NC-SA), 9/10/2026"
M-P,141/M-P,141,Patrat,"Pokémon Card Gym Promo Card Pack 5 (August 1, 2026)",evento o torneo,"Pokémon Card Gym Promo Card Pack 5 (August 1, 2026)","Bulbapedia (CC BY-NC-SA), 9/10/2026"
M-P,142/M-P,142,Special Red Card,"Pokémon Card Gym Promo Card Pack 5 (August 1, 2026)",evento o torneo,"Pokémon Card Gym Promo Card Pack 5 (August 1, 2026)","Bulbapedia (CC BY-NC-SA), 9/10/2026"
M-P,143/M-P,143,Lida,"Pokémon Card Gym Promo Card Pack 5 (August 1, 2026)",evento o torneo,"Pokémon Card Gym Promo Card Pack 5 (August 1, 2026)","Bulbapedia (CC BY-NC-SA), 9/10/2026"
M-P,144/M-P,144,Boss's Orders [Corbeau],"Pokémon Card Gym Promo Card Pack 5 (August 1, 2026)",evento o torneo,"Pokémon Card Gym Promo Card Pack 5 (August 1, 2026)","Bulbapedia (CC BY-NC-SA), 9/10/2026"
M-P,145/M-P,145,Lillie's Determination,"Pokémon Card Gym Entry Campaign redeemable after getting 2 digital stamps (September 1, 2026 - February 28, 2027)",evento o torneo,"Pokémon Card Gym Entry Campaign redeemable after getting 2 digital stamps (September 1, 2026 - February 28, 2027)","Bulbapedia (CC BY-NC-SA), 9/10/2026"
M-P,146/M-P,146,Mega Audino,"Pokémon Card Gym Entry Campaign redeemable after getting 4 digital stamps (September 1, 2026 - February 28, 2027)",evento o torneo,"Pokémon Card Gym Entry Campaign redeemable after getting 4 digital stamps (September 1, 2026 - February 28, 2027)","Bulbapedia (CC BY-NC-SA), 9/10/2026"
M-P,147/M-P,147,Celebratory Fanfare,Pokémon Champions League 2026 Season reward for 30 or more Championship Points,evento o torneo,Pokémon Champions League 2026 Season reward for 30 or more Championship Points,"Bulbapedia (CC BY-NC-SA), 9/10/2026"
M-P,148/M-P,148,Alolan Exeggutor,"30th CELEBRATION Promo Card Pack: Gym battle participation prize, 1 pack (September 16, 2026 - January 31, 2027) 30th CELEBRATION EVENT Chiba (October 25, 2026) 30th CELEBRATION EVENT Osaka (October 31 - November 1, 2026)",evento o torneo,"30th CELEBRATION Promo Card Pack: Gym battle participation prize, 1 pack (September 16, 2026 - January 31, 2027) 30th CELEBRATION EVENT Chiba (October 25, 2026) 30th CELEBRATION EVENT Osaka (October 31 - November 1, 2026)","Bulbapedia (CC BY-NC-SA), 9/10/2026"
M-P,149/M-P,149,Moltres,"30th CELEBRATION Promo Card Pack: Gym battle participation prize, 1 pack (September 16, 2026 - January 31, 2027) 30th CELEBRATION EVENT Chiba (October 25, 2026) 30th CELEBRATION EVENT Osaka (October 31 - November 1, 2026)",evento o torneo,"30th CELEBRATION Promo Card Pack: Gym battle participation prize, 1 pack (September 16, 2026 - January 31, 2027) 30th CELEBRATION EVENT Chiba (October 25, 2026) 30th CELEBRATION EVENT Osaka (October 31 - November 1, 2026)","Bulbapedia (CC BY-NC-SA), 9/10/2026"
M-P,150/M-P,150,Articuno,"30th CELEBRATION Promo Card Pack: Gym battle participation prize, 1 pack (September 16, 2026 - January 31, 2027) 30th CELEBRATION EVENT Chiba (October 25, 2026) 30th CELEBRATION EVENT Osaka (October 31 - November 1, 2026)",evento o torneo,"30th CELEBRATION Promo Card Pack: Gym battle participation prize, 1 pack (September 16, 2026 - January 31, 2027) 30th CELEBRATION EVENT Chiba (October 25, 2026) 30th CELEBRATION EVENT Osaka (October 31 - November 1, 2026)","Bulbapedia (CC BY-NC-SA), 9/10/2026"
M-P,151/M-P,151,Greninja,"30th CELEBRATION Promo Card Pack: Gym battle participation prize, 1 pack (September 16, 2026 - January 31, 2027) 30th CELEBRATION EVENT Chiba (October 25, 2026) 30th CELEBRATION EVENT Osaka (October 31 - November 1, 2026)",evento o torneo,"30th CELEBRATION Promo Card Pack: Gym battle participation prize, 1 pack (September 16, 2026 - January 31, 2027) 30th CELEBRATION EVENT Chiba (October 25, 2026) 30th CELEBRATION EVENT Osaka (October 31 - November 1, 2026)","Bulbapedia (CC BY-NC-SA), 9/10/2026"
M-P,152/M-P,152,Zapdos,"30th CELEBRATION Promo Card Pack: Gym battle participation prize, 1 pack (September 16, 2026 - January 31, 2027) 30th CELEBRATION EVENT Chiba (October 25, 2026) 30th CELEBRATION EVENT Osaka (October 31 - November 1, 2026)",evento o torneo,"30th CELEBRATION Promo Card Pack: Gym battle participation prize, 1 pack (September 16, 2026 - January 31, 2027) 30th CELEBRATION EVENT Chiba (October 25, 2026) 30th CELEBRATION EVENT Osaka (October 31 - November 1, 2026)","Bulbapedia (CC BY-NC-SA), 9/10/2026"
M-P,153/M-P,153,Sylveon,"30th CELEBRATION Promo Card Pack: Gym battle participation prize, 1 pack (September 16, 2026 - January 31, 2027) 30th CELEBRATION EVENT Chiba (October 25, 2026) 30th CELEBRATION EVENT Osaka (October 31 - November 1, 2026)",evento o torneo,"30th CELEBRATION Promo Card Pack: Gym battle participation prize, 1 pack (September 16, 2026 - January 31, 2027) 30th CELEBRATION EVENT Chiba (October 25, 2026) 30th CELEBRATION EVENT Osaka (October 31 - November 1, 2026)","Bulbapedia (CC BY-NC-SA), 9/10/2026"
M-P,154/M-P,154,Lucario,"30th CELEBRATION Promo Card Pack: Gym battle participation prize, 1 pack (September 16, 2026 - January 31, 2027) 30th CELEBRATION EVENT Chiba (October 25, 2026) 30th CELEBRATION EVENT Osaka (October 31 - November 1, 2026)",evento o torneo,"30th CELEBRATION Promo Card Pack: Gym battle participation prize, 1 pack (September 16, 2026 - January 31, 2027) 30th CELEBRATION EVENT Chiba (October 25, 2026) 30th CELEBRATION EVENT Osaka (October 31 - November 1, 2026)","Bulbapedia (CC BY-NC-SA), 9/10/2026"
M-P,155/M-P,155,Riolu,Champions League 2027 Holofoil participation prize,evento o torneo,Champions League 2027 Holofoil participation prize,"Bulbapedia (CC BY-NC-SA), 9/10/2026"
M-P,156/M-P,156,Basic Grass Energy,"""Pokémon Card Game Championship Series 2027"" stamped promo (1 random selection of 8 Basic Energy)",evento o torneo,"""Pokémon Card Game Championship Series 2027"" stamped promo (1 random selection of 8 Basic Energy)","Bulbapedia (CC BY-NC-SA), 9/10/2026"
M-P,157/M-P,157,Basic Fire Energy,"""Pokémon Card Game Championship Series 2027"" stamped promo (1 random selection of 8 Basic Energy)",evento o torneo,"""Pokémon Card Game Championship Series 2027"" stamped promo (1 random selection of 8 Basic Energy)","Bulbapedia (CC BY-NC-SA), 9/10/2026"
M-P,158/M-P,158,Basic Water Energy,"""Pokémon Card Game Championship Series 2027"" stamped promo (1 random selection of 8 Basic Energy)",evento o torneo,"""Pokémon Card Game Championship Series 2027"" stamped promo (1 random selection of 8 Basic Energy)","Bulbapedia (CC BY-NC-SA), 9/10/2026"
M-P,159/M-P,159,Basic Lightning Energy,"""Pokémon Card Game Championship Series 2027"" stamped promo (1 random selection of 8 Basic Energy)",evento o torneo,"""Pokémon Card Game Championship Series 2027"" stamped promo (1 random selection of 8 Basic Energy)","Bulbapedia (CC BY-NC-SA), 9/10/2026"
M-P,160/M-P,160,Basic Psychic Energy,"""Pokémon Card Game Championship Series 2027"" stamped promo (1 random selection of 8 Basic Energy)",evento o torneo,"""Pokémon Card Game Championship Series 2027"" stamped promo (1 random selection of 8 Basic Energy)","Bulbapedia (CC BY-NC-SA), 9/10/2026"
M-P,161/M-P,161,Basic Fighting Energy,"""Pokémon Card Game Championship Series 2027"" stamped promo (1 random selection of 8 Basic Energy)",evento o torneo,"""Pokémon Card Game Championship Series 2027"" stamped promo (1 random selection of 8 Basic Energy)","Bulbapedia (CC BY-NC-SA), 9/10/2026"
M-P,162/M-P,162,Basic Darkness Energy,"""Pokémon Card Game Championship Series 2027"" stamped promo (1 random selection of 8 Basic Energy)",evento o torneo,"""Pokémon Card Game Championship Series 2027"" stamped promo (1 random selection of 8 Basic Energy)","Bulbapedia (CC BY-NC-SA), 9/10/2026"
M-P,163/M-P,163,Basic Metal Energy,"""Pokémon Card Game Championship Series 2027"" stamped promo (1 random selection of 8 Basic Energy)",evento o torneo,"""Pokémon Card Game Championship Series 2027"" stamped promo (1 random selection of 8 Basic Energy)","Bulbapedia (CC BY-NC-SA), 9/10/2026"
M-P,164/M-P,164,Mega Zeraora,Champions League 2027 Winning Prize: 4 or more total wins,evento o torneo,Champions League 2027 Winning Prize: 4 or more total wins,"Bulbapedia (CC BY-NC-SA), 9/10/2026"
M-P,165/M-P,165,Mega Signal,Champions League 2027 Winning Prize: Master League: 10 or more total wins Junior and Senior League: Top 64,evento o torneo,Champions League 2027 Winning Prize: Master League: 10 or more total wins Junior and Senior League: Top 64,"Bulbapedia (CC BY-NC-SA), 9/10/2026"
